	module id	gene name	median expression	mean pairwise dist	median pairwise dist	min pairwise dist	max pairwise dist	range pairwise dist	operon_name
PA14_35830	20	tnpT	661.1303655800106	18033.090909090908	19070.0	10.0	44700.0	44690.0	tnpT-PA14_35840-PA14_35850
PA14_58960	22		25.360716822238352	18886.222222222223	17550.0	10.0	45590.0	45580.0	PA14_58910-PA14_58920-PA14_58930-PA14_58940-PA14_58950-PA14_58960-PA14_58970-PA14_58980-PA14_58990
PA14_31930	0		13.78586028031075	20337.575757575756	18070.0	10.0	56840.0	56830.0	PA14_31870-PA14_31890-PA14_31900-PA14_31920-PA14_31930
PA14_15580	14		2312.16988248199	27753.725490196077	27790.0	10.0	60170.0	60160.0
PA14_72830	17		33.1671231506668	22656.339869281044	20870.0	10.0	68000.0	67990.0	PA14_72820-PA14_72830
PA14_30880	3		15.345832328377451	13212.748538011696	15480.0	10.0	49650.0	49640.0	PA14_30880-PA14_30870-PA14_30860-PA14_30850
PA14_58980	4		8.684960034112834	7024.380952380952	685.0	10.0	63890.0	63880.0	PA14_58910-PA14_58920-PA14_58930-PA14_58940-PA14_58950-PA14_58960-PA14_58970-PA14_58980-PA14_58990
PA14_37670	25		56.277492418609796	22106.583333333332	21440.0	10.0	56120.0	56110.0
PA14_13860	0		13.700365084416852	20337.575757575756	18070.0	10.0	56840.0	56830.0
PA14_15350	26		819.3081597435739	29143.58823529412	27430.0	3.0	66347.0	66344.0
PA14_34610	19		9.64067843373859	25642.342105263157	24302.5	10.0	70990.0	70980.0	gnuT-PA14_34610
PA14_27630	23		17.7817795842994	484.55555555555554	45.0	5.0	1350.0	1345.0	PA14_27640-PA14_27630
PA14_46580	36		23.1470773109649	23840.88888888889	19890.0	200.0	60660.0	60460.0	PA14_46570-PA14_46580-PA14_46590-PA14_46600
PA14_25410	25		53.43820895216011	22106.583333333332	21440.0	10.0	56120.0	56110.0	PA14_25420-PA14_25410-PA14_25400
PA14_14550	11		1079.0595862193102	20616.11111111111	18785.0	10.0	45570.0	45560.0	PA14_14540-PA14_14550
PA14_11730	19		34.40487258784199	25642.342105263157	24302.5	10.0	70990.0	70980.0
PA14_18070	25		34.03021928645625	22106.583333333332	21440.0	10.0	56120.0	56110.0
PA14_21260	25		755.1558111879035	22106.583333333332	21440.0	10.0	56120.0	56110.0
PA14_59490	33		23.784828536743653	18398.235294117647	16170.0	10.0	63440.0	63430.0	PA14_59480-PA14_59490-PA14_59500-PA14_59510
PA14_01160	19		513.5623651200115	25642.342105263157	24302.5	10.0	70990.0	70980.0	PA14_01160-PA14_01170-PA14_01180-PA14_01190-PA14_01200-PA14_01220-PA14_01230
PA14_00410	19		89.7505720875077	25642.342105263157	24302.5	10.0	70990.0	70980.0	PA14_00400-PA14_00410
PA14_51550	12		156.795236399961	11924.363636363636	6500.0	10.0	36740.0	36730.0
PA14_30980	30		194.947630174736	19800.78431372549	17610.0	10.0	58540.0	58530.0	PA14_31040-PA14_31030-PA14_31010-PA14_31000-PA14_30990-PA14_30980
PA14_30950	17		8.619539819134395	22656.339869281044	20870.0	10.0	68000.0	67990.0	PA14_30960-PA14_30950-PA14_30940-PA14_30930
PA14_59590	2		220.39986613718747	17373.736263736264	16080.0	10.0	36240.0	36230.0
PA14_20520	25		313.725198341529	22106.583333333332	21440.0	10.0	56120.0	56110.0	PA14_20510-PA14_20520-PA14_20530
PA14_59100	4		107.17004385766501	7024.380952380952	685.0	10.0	63890.0	63880.0	PA14_59000-PA14_59010-PA14_59020-PA14_59030-PA14_59050-PA14_59060-PA14_59070-PA14_59090-PA14_59100-PA14_59110-PA14_59120
PA14_51580	30		17.041169328685946	19800.78431372549	17610.0	10.0	58540.0	58530.0
PA14_04710	1		88.3744420663898	27957.17948717949	26315.0	410.0	67120.0	66710.0
PA14_59520	31		21.1699535029741	8720.757575757576	75.0	10.0	52060.0	52050.0	PA14_59520-PA14_59530
PA14_10110	3		21.788329804141846	13212.748538011696	15480.0	10.0	49650.0	49640.0
PA14_28520	9		69.6722248237226	22466.222222222223	19470.0	30.0	56990.0	56960.0
PA14_53680	11		7.88834001385791	20616.11111111111	18785.0	10.0	45570.0	45560.0
PA14_59350	37	pilV2	99.6689690921557	19085.333333333332	19055.0	40.0	53360.0	53320.0	pilL2-pilN2-pilO2-pilP2-pilQ2-pilR2-pilS2-pilT2-pilV2-pilM2
PA14_59130	4		84.04530225952085	7024.380952380952	685.0	10.0	63890.0	63880.0	PA14_59130-PA14_59140-PA14_59150
PA14_59410	31		34.1605464910672	8720.757575757576	75.0	10.0	52060.0	52050.0
PA14_36000	19	prpR	166.921226700128	25642.342105263157	24302.5	10.0	70990.0	70980.0
PA14_62030	14		171.5886553459555	27753.725490196077	27790.0	10.0	60170.0	60160.0	PA14_62040-PA14_62030-PA14_62020
PA14_51540	35		160.6178740828685	22144.761904761905	23580.0	20.0	56740.0	56720.0
PA14_39925	19	phzD2	2.414958777939	25642.342105263157	24302.5	10.0	70990.0	70980.0	phzB2-phzC2-phzD2-phzE2-phzF2-phzG2
PA14_59530	31		32.3383383311848	8720.757575757576	75.0	10.0	52060.0	52050.0	PA14_59520-PA14_59530
PA14_60080	15		1188.98711734251	14188.625	11992.5	10.0	38415.0	38405.0	PA14_60070-PA14_60080
PA14_58720	2		464.801148335047	17373.736263736264	16080.0	10.0	36240.0	36230.0
PA14_03265	6		237.30842484907402	21253.076923076922	13270.0	5.0	56505.0	56500.0	PA14_03250-PA14_03265
PA14_46570	26		207.45710738502748	29143.58823529412	27430.0	3.0	66347.0	66344.0	PA14_46570-PA14_46580-PA14_46590-PA14_46600
PA14_28760	20		148.472742365589	18033.090909090908	19070.0	10.0	44700.0	44690.0
PA14_55070	18		73.94085052035675	19071.619047619046	17760.0	10.0	56410.0	56400.0	PA14_55070-PA14_55060
PA14_15380	12	repA	32.957474502743594	11924.363636363636	6500.0	10.0	36740.0	36730.0	repA-PA14_15400
PA14_05910	33		56.65954447413951	18398.235294117647	16170.0	10.0	63440.0	63430.0
PA14_31110	3		11.723373482407752	13212.748538011696	15480.0	10.0	49650.0	49640.0	PA14_31130-PA14_31110
PA14_59580	14		531.0929963358426	27753.725490196077	27790.0	10.0	60170.0	60160.0	PA14_59560-PA14_59570-PA14_59580
PA14_23440	2	orfL	2258.9403167227547	17373.736263736264	16080.0	10.0	36240.0	36230.0	orfL-orfM
PA14_27660	23		6.632990483665685	484.55555555555554	45.0	5.0	1350.0	1345.0	PA14_27660-PA14_27650
PA14_30690	28		193.543104508303	17538.555555555555	15215.0	1505.0	41090.0	39585.0
PA14_39480	15		1130.45728318293	14188.625	11992.5	10.0	38415.0	38405.0
PA14_31070	3		14.24675237684645	13212.748538011696	15480.0	10.0	49650.0	49640.0	PA14_31100-PA14_31090-PA14_31080-PA14_31070-PA14_31060-PA14_31050
PA14_44230	25		10.7117410460017	22106.583333333332	21440.0	10.0	56120.0	56110.0
PA14_59020	4		20.4282590056169	7024.380952380952	685.0	10.0	63890.0	63880.0	PA14_59000-PA14_59010-PA14_59020-PA14_59030-PA14_59050-PA14_59060-PA14_59070-PA14_59090-PA14_59100-PA14_59110-PA14_59120
PA14_58950	16		25.3279977878701	9532.030769230769	620.0	10.0	49590.0	49580.0	PA14_58910-PA14_58920-PA14_58930-PA14_58940-PA14_58950-PA14_58960-PA14_58970-PA14_58980-PA14_58990
PA14_13220	30		28.31568122434725	19800.78431372549	17610.0	10.0	58540.0	58530.0
PA14_31030	5		138.046064818139	7290.0	10400.0	10.0	15600.0	15590.0	PA14_31040-PA14_31030-PA14_31010-PA14_31000-PA14_30990-PA14_30980
PA14_35740	18		482.34031979978596	19071.619047619046	17760.0	10.0	56410.0	56400.0	PA14_35740-PA14_35750
PA14_28800	18		459.6090567667035	19071.619047619046	17760.0	10.0	56410.0	56400.0
PA14_03270	6		948.6901868098571	21253.076923076922	13270.0	5.0	56505.0	56500.0	PA14_03270-PA14_03285
PA14_59840	30		1289.7850751095498	19800.78431372549	17610.0	10.0	58540.0	58530.0
PA14_71760	30		56.2091147291722	19800.78431372549	17610.0	10.0	58540.0	58530.0
PA14_59650	16		20.3299426704384	9532.030769230769	620.0	10.0	49590.0	49580.0	PA14_59640-PA14_59650-PA14_59660-PA14_59670-PA14_59680-PA14_59690-PA14_59700
PA14_60090	7		318.937317723973	22887.352941176472	22625.0	10.0	58870.0	58860.0
PA14_59600	7		46.1371197706931	22887.352941176472	22625.0	10.0	58870.0	58860.0
PA14_31160	35		41.0526185078607	22144.761904761905	23580.0	20.0	56740.0	56720.0	PA14_31160-PA14_31170
PA14_69370	21	algP	3106.8050620415897	22058.18181818182	23860.0	10.0	68240.0	68230.0
PA14_50000	0		88.9624378428706	20337.575757575756	18070.0	10.0	56840.0	56830.0
PA14_14420	22		33.76176144090905	18886.222222222223	17550.0	10.0	45590.0	45580.0
PA14_35900	32		42.9983810845099	19042.666666666668	15720.0	10.0	51260.0	51250.0
PA14_60120	14	dcd2	856.246279667307	27753.725490196077	27790.0	10.0	60170.0	60160.0	dcd2-PA14_60110-dtd
PA14_35890	33		76.01203379047445	18398.235294117647	16170.0	10.0	63440.0	63430.0
PA14_14310	26		101.583451215518	29143.58823529412	27430.0	3.0	66347.0	66344.0	PA14_14310-PA14_14300
PA14_36790	30		10.97174617688065	19800.78431372549	17610.0	10.0	58540.0	58530.0	PA14_36790-PA14_36780-PA14_36770-PA14_36760
PA14_38920	10		6.444921134914451	16565.14285714286	15690.0	10.0	59490.0	59480.0	PA14_38920-PA14_38910-PA14_38900
PA14_54850	26		84.2307586556046	29143.58823529412	27430.0	3.0	66347.0	66344.0
PA14_15600	6		825.6149755098654	21253.076923076922	13270.0	5.0	56505.0	56500.0	PA14_15590-PA14_15600
PA14_59370	36		256.56635343922403	23840.88888888889	19890.0	200.0	60660.0	60460.0
PA14_10300	17		20.242831916399147	22656.339869281044	20870.0	10.0	68000.0	67990.0
PA14_55090	15		177.9741865948145	14188.625	11992.5	10.0	38415.0	38405.0	PA14_55080-PA14_55090
PA14_51950	27		116.005442826201	20422.94871794872	18390.0	10.0	51160.0	51150.0
PA14_35940	37		21.82416729446625	19085.333333333332	19055.0	40.0	53360.0	53320.0
PA14_63605	21	fdnG	2539.34143126632	22058.18181818182	23860.0	10.0	68240.0	68230.0	fdnG-fdnH-fdnI
PA14_31050	5		693.6549060116536	7290.0	10400.0	10.0	15600.0	15590.0	PA14_31100-PA14_31090-PA14_31080-PA14_31070-PA14_31060-PA14_31050
PA14_59640	37		27.495492570026748	19085.333333333332	19055.0	40.0	53360.0	53320.0	PA14_59640-PA14_59650-PA14_59660-PA14_59670-PA14_59680-PA14_59690-PA14_59700
PA14_35950	3		8.76983298745371	13212.748538011696	15480.0	10.0	49650.0	49640.0	PA14_35990-PA14_35980-PA14_35970-PA14_35950
PA14_64430	13		71.53310027596964	24438.666666666668	20900.0	3320.0	49270.0	45950.0
PA14_61340	9		35.892901305205356	22466.222222222223	19470.0	30.0	56990.0	56960.0	PA14_61350-PA14_61340
PA14_59440	33		63.71253063269026	18398.235294117647	16170.0	10.0	63440.0	63430.0
PA14_15590	14		2014.6304220552151	27753.725490196077	27790.0	10.0	60170.0	60160.0	PA14_15590-PA14_15600
PA14_22240	33		19.6292918767921	18398.235294117647	16170.0	10.0	63440.0	63430.0
PA14_35920	8		43.678674854445646	12549.89010989011	12130.0	10.0	28890.0	28880.0	PA14_35930-PA14_35920
PA14_49510	7	pyoS3I	867.2265810472704	22887.352941176472	22625.0	10.0	58870.0	58860.0	pyoS3A-pyoS3I
PA14_33970	37		51.663943054776496	19085.333333333332	19055.0	40.0	53360.0	53320.0	PA14_34070-PA14_34050-PA14_34030-PA14_34020-PA14_34010-PA14_34000-PA14_33990-PA14_33980-PA14_33970-PA14_33960-PA14_33940
PA14_54880	34		129.8252046924805	13480.0	4230.0	10.0	43640.0	43630.0	PA14_54890-PA14_54880
PA14_59120	6		27.606520363432047	21253.076923076922	13270.0	5.0	56505.0	56500.0	PA14_59000-PA14_59010-PA14_59020-PA14_59030-PA14_59050-PA14_59060-PA14_59070-PA14_59090-PA14_59100-PA14_59110-PA14_59120
PA14_62040	14		286.9281361253825	27753.725490196077	27790.0	10.0	60170.0	60160.0	PA14_62040-PA14_62030-PA14_62020
PA14_33340	21		517.2173425540625	22058.18181818182	23860.0	10.0	68240.0	68230.0	PA14_33350-PA14_33340
PA14_28830	6		1316.14967663198	21253.076923076922	13270.0	5.0	56505.0	56500.0	PA14_28820-PA14_28830-PA14_28840
PA14_28870	6		122.0527925875845	21253.076923076922	13270.0	5.0	56505.0	56500.0	PA14_28850-PA14_28870
PA14_51530	19	exoU	1668.81093197879	25642.342105263157	24302.5	10.0	70990.0	70980.0	exoU-spcU
PA14_59360	8	pilM2	21.0561069796994	12549.89010989011	12130.0	10.0	28890.0	28880.0	pilL2-pilN2-pilO2-pilP2-pilQ2-pilR2-pilS2-pilT2-pilV2-pilM2
PA14_52120	12		56.417078266648744	11924.363636363636	6500.0	10.0	36740.0	36730.0
PA14_31060	24		606.926460021511	19622.777777777777	20510.0	90.0	44510.0	44420.0	PA14_31100-PA14_31090-PA14_31080-PA14_31070-PA14_31060-PA14_31050
PA14_59250	16	pilN2	41.330500031854555	9532.030769230769	620.0	10.0	49590.0	49580.0	pilL2-pilN2-pilO2-pilP2-pilQ2-pilR2-pilS2-pilT2-pilV2-pilM2
PA14_54050	17		82.6179494273501	22656.339869281044	20870.0	10.0	68000.0	67990.0	PA14_54070-PA14_54050
PA14_15650	26		102.2225149237835	29143.58823529412	27430.0	3.0	66347.0	66344.0
PA14_59800	18	pvrS	338.2783674024045	19071.619047619046	17760.0	10.0	56410.0	56400.0	PA14_59800-pvrR-rcsC-rcsB
PA14_59170	7		192.96858931298402	22887.352941176472	22625.0	10.0	58870.0	58860.0
PA14_20600	5		213.598181552722	7290.0	10400.0	10.0	15600.0	15590.0
PA14_35710	29		237.6564308494915	17213.560606060608	17865.0	10.0	40740.0	40730.0	PA14_35720-PA14_35710
PA14_15570	25		211.5427161968195	22106.583333333332	21440.0	10.0	56120.0	56110.0
PA14_46460	24		424.89025262313646	19622.777777777777	20510.0	90.0	44510.0	44420.0
PA14_59000	4		14.6915282921508	7024.380952380952	685.0	10.0	63890.0	63880.0	PA14_59000-PA14_59010-PA14_59020-PA14_59030-PA14_59050-PA14_59060-PA14_59070-PA14_59090-PA14_59100-PA14_59110-PA14_59120
PA14_03360	6		406.98637602772	21253.076923076922	13270.0	5.0	56505.0	56500.0	PA14_03360-PA14_03350
PA14_30850	36		27.90517633422175	23840.88888888889	19890.0	200.0	60660.0	60460.0	PA14_30880-PA14_30870-PA14_30860-PA14_30850
PA14_28230	33		20.031912709820702	18398.235294117647	16170.0	10.0	63440.0	63430.0
PA14_26200	10		8.074511291413245	16565.14285714286	15690.0	10.0	59490.0	59480.0
PA14_15450	5	merD	30.6954710035372	7290.0	10400.0	10.0	15600.0	15590.0	merA-merD-merE-PA14_15435
PA14_19930	17		18.476852781290702	22656.339869281044	20870.0	10.0	68000.0	67990.0	PA14_19950-PA14_19940-PA14_19930
PA14_22160	20		11.86870805920605	18033.090909090908	19070.0	10.0	44700.0	44690.0
PA14_54750	9		27.605343443135048	22466.222222222223	19470.0	30.0	56990.0	56960.0
PA14_27690	23		9.671740528489345	484.55555555555554	45.0	5.0	1350.0	1345.0	PA14_27700-PA14_27690
PA14_35980	16		4.359083042039055	9532.030769230769	620.0	10.0	49590.0	49580.0	PA14_35990-PA14_35980-PA14_35970-PA14_35950
PA14_00520	36		25.3488711737105	23840.88888888889	19890.0	200.0	60660.0	60460.0
PA14_27640	23		19.6515486976405	484.55555555555554	45.0	5.0	1350.0	1345.0	PA14_27640-PA14_27630
PA14_69350	33		206.8421871106105	18398.235294117647	16170.0	10.0	63440.0	63430.0
PA14_28580	25		41.616846765819446	22106.583333333332	21440.0	10.0	56120.0	56110.0	PA14_28580-PA14_28590
PA14_59790	7	pvrR	757.9509706928995	22887.352941176472	22625.0	10.0	58870.0	58860.0	PA14_59800-pvrR-rcsC-rcsB
PA14_59680	4		8.322601160515664	7024.380952380952	685.0	10.0	63890.0	63880.0	PA14_59640-PA14_59650-PA14_59660-PA14_59670-PA14_59680-PA14_59690-PA14_59700
PA14_14560	26		25.595458372266155	29143.58823529412	27430.0	3.0	66347.0	66344.0
PA14_00970	19		77.714719505045	25642.342105263157	24302.5	10.0	70990.0	70980.0	PA14_00980-PA14_00970-PA14_00960-PA14_00940-PA14_00925
PA14_67960	1		33.1116411475862	27957.17948717949	26315.0	410.0	67120.0	66710.0	PA14_67940-PA14_67960-PA14_67970
PA14_50750	1		44.88543056872889	27957.17948717949	26315.0	410.0	67120.0	66710.0
PA14_20530	28		134.9345232201855	17538.555555555555	15215.0	1505.0	41090.0	39585.0	PA14_20510-PA14_20520-PA14_20530
PA14_22530	35		42.40739978957279	22144.761904761905	23580.0	20.0	56740.0	56720.0	PA14_22530-PA14_22520
PA14_28810	6		3090.8288010437354	21253.076923076922	13270.0	5.0	56505.0	56500.0
PA14_35750	34		107.6972512194915	13480.0	4230.0	10.0	43640.0	43630.0	PA14_35740-PA14_35750
PA14_15540	32		125.04568476379401	19042.666666666668	15720.0	10.0	51260.0	51250.0	trbJ-PA14_15530-PA14_15540
PA14_54720	9		11.47172075941275	22466.222222222223	19470.0	30.0	56990.0	56960.0	PA14_54730-PA14_54720
PA14_22520	22		50.8417353944147	18886.222222222223	17550.0	10.0	45590.0	45580.0	PA14_22530-PA14_22520
PA14_59930	16		17.0173297713861	9532.030769230769	620.0	10.0	49590.0	49580.0	PA14_59860-PA14_59870-PA14_59880-PA14_59890-PA14_59900-PA14_59910-PA14_59920-PA14_59930-PA14_59940-PA14_59950-PA14_59960
PA14_15370	35		17.006547781545997	22144.761904761905	23580.0	20.0	56740.0	56720.0
PA14_59090	29		102.06283013636249	17213.560606060608	17865.0	10.0	40740.0	40730.0	PA14_59000-PA14_59010-PA14_59020-PA14_59030-PA14_59050-PA14_59060-PA14_59070-PA14_59090-PA14_59100-PA14_59110-PA14_59120
PA14_59660	8		20.1345180254309	12549.89010989011	12130.0	10.0	28890.0	28880.0	PA14_59640-PA14_59650-PA14_59660-PA14_59670-PA14_59680-PA14_59690-PA14_59700
PA14_46600	8		35.47360975097975	12549.89010989011	12130.0	10.0	28890.0	28880.0	PA14_46570-PA14_46580-PA14_46590-PA14_46600
PA14_61110	13		44.35118920704305	24438.666666666668	20900.0	3320.0	49270.0	45950.0	PA14_61150-PA14_61140-PA14_61130-PA14_61120-PA14_61110
PA14_36020	27		124.64644765855701	20422.94871794872	18390.0	10.0	51160.0	51150.0	PA14_36030-PA14_36020-PA14_36010
PA14_14300	26		36.146664800555804	29143.58823529412	27430.0	3.0	66347.0	66344.0	PA14_14310-PA14_14300
PA14_30930	10		5.265358122566239	16565.14285714286	15690.0	10.0	59490.0	59480.0	PA14_30960-PA14_30950-PA14_30940-PA14_30930
PA14_55020	8		33.42666928484175	12549.89010989011	12130.0	10.0	28890.0	28880.0	PA14_55000-PA14_55020-PA14_55030-PA14_55040
PA14_55030	8		26.1187238149564	12549.89010989011	12130.0	10.0	28890.0	28880.0	PA14_55000-PA14_55020-PA14_55030-PA14_55040
PA14_31130	3		8.58661347206045	13212.748538011696	15480.0	10.0	49650.0	49640.0	PA14_31130-PA14_31110
PA14_10120	27		62.833646934762804	20422.94871794872	18390.0	10.0	51160.0	51150.0
PA14_15530	19		19.2299145702377	25642.342105263157	24302.5	10.0	70990.0	70980.0	trbJ-PA14_15530-PA14_15540
PA14_59190	30		271.3370280592935	19800.78431372549	17610.0	10.0	58540.0	58530.0
PA14_28250	19		265.694612807043	25642.342105263157	24302.5	10.0	70990.0	70980.0
PA14_13920	7		11.092960588976648	22887.352941176472	22625.0	10.0	58870.0	58860.0
PA14_06900	0		17.3042932415324	20337.575757575756	18070.0	10.0	56840.0	56830.0	PA14_06890-PA14_06900-PA14_06920-PA14_06930
PA14_35720	29		313.354057646662	17213.560606060608	17865.0	10.0	40740.0	40730.0	PA14_35720-PA14_35710
PA14_33980	30		38.5923238871313	19800.78431372549	17610.0	10.0	58540.0	58530.0	PA14_34070-PA14_34050-PA14_34030-PA14_34020-PA14_34010-PA14_34000-PA14_33990-PA14_33980-PA14_33970-PA14_33960-PA14_33940
PA14_54970	34		70.09864372666596	13480.0	4230.0	10.0	43640.0	43630.0	PA14_54980-PA14_54970
PA14_49540	21		111.79715431688899	22058.18181818182	23860.0	10.0	68240.0	68230.0	PA14_49530-PA14_49540
PA14_36860	30		13.13133495248325	19800.78431372549	17610.0	10.0	58540.0	58530.0
PA14_15480	20	merR	416.90966858626155	18033.090909090908	19070.0	10.0	44700.0	44690.0
PA14_48900	10		3.47645410504433	16565.14285714286	15690.0	10.0	59490.0	59480.0	PA14_48930-PA14_48920-PA14_48910-PA14_48900
PA14_49010	33		12.2355428994944	18398.235294117647	16170.0	10.0	63440.0	63430.0	PA14_49010-PA14_49000-PA14_48990-PA14_48980
PA14_27680	23		7.1883128287683355	484.55555555555554	45.0	5.0	1350.0	1345.0	PA14_27680-PA14_27675
PA14_14540	11		347.31578190291344	20616.11111111111	18785.0	10.0	45570.0	45560.0	PA14_14540-PA14_14550
PA14_51200	27		42.651385599610805	20422.94871794872	18390.0	10.0	51160.0	51150.0	PA14_51200-PA14_51190
PA14_46530	18		144.06959629306448	19071.619047619046	17760.0	10.0	56410.0	56400.0
PA14_60020	35		144.0401184281095	22144.761904761905	23580.0	20.0	56740.0	56720.0	PA14_59980-PA14_59990-PA14_60000-PA14_60010-PA14_60020
PA14_35820	28	tnpS	840.9024695145383	17538.555555555555	15215.0	1505.0	41090.0	39585.0	tnpS-PA14_35810-PA14_35800
PA14_22260	33		9.333124817651186	18398.235294117647	16170.0	10.0	63440.0	63430.0	PA14_22260-PA14_22250
PA14_63420	14		14.008027282249898	27753.725490196077	27790.0	10.0	60170.0	60160.0
PA14_36010	27		76.40777713232265	20422.94871794872	18390.0	10.0	51160.0	51150.0	PA14_36030-PA14_36020-PA14_36010
PA14_49860	11		47.133844948814954	20616.11111111111	18785.0	10.0	45570.0	45560.0
PA14_63440	37		18.582742996786152	19085.333333333332	19055.0	40.0	53360.0	53320.0
PA14_61180	36		18.11436105648095	23840.88888888889	19890.0	200.0	60660.0	60460.0
PA14_60060	20		43.356585694125705	18033.090909090908	19070.0	10.0	44700.0	44690.0
PA14_30960	8		34.6008234508987	12549.89010989011	12130.0	10.0	28890.0	28880.0	PA14_30960-PA14_30950-PA14_30940-PA14_30930
PA14_59060	4		24.051633446584244	7024.380952380952	685.0	10.0	63890.0	63880.0	PA14_59000-PA14_59010-PA14_59020-PA14_59030-PA14_59050-PA14_59060-PA14_59070-PA14_59090-PA14_59100-PA14_59110-PA14_59120
PA14_53580	25		223.675346873096	22106.583333333332	21440.0	10.0	56120.0	56110.0
PA14_59970	7		318.67683463632	22887.352941176472	22625.0	10.0	58870.0	58860.0
PA14_31080	3		4.44019269286172	13212.748538011696	15480.0	10.0	49650.0	49640.0	PA14_31100-PA14_31090-PA14_31080-PA14_31070-PA14_31060-PA14_31050
PA14_10400	16		3.9089476550261795	9532.030769230769	620.0	10.0	49590.0	49580.0
PA14_43250	17		56.8682695975634	22656.339869281044	20870.0	10.0	68000.0	67990.0
PA14_44090	27		21.630130216549446	20422.94871794872	18390.0	10.0	51160.0	51150.0
PA14_59900	16		35.50520754572264	9532.030769230769	620.0	10.0	49590.0	49580.0	PA14_59860-PA14_59870-PA14_59880-PA14_59890-PA14_59900-PA14_59910-PA14_59920-PA14_59930-PA14_59940-PA14_59950-PA14_59960
PA14_59870	16		7.09136765081867	9532.030769230769	620.0	10.0	49590.0	49580.0	PA14_59860-PA14_59870-PA14_59880-PA14_59890-PA14_59900-PA14_59910-PA14_59920-PA14_59930-PA14_59940-PA14_59950-PA14_59960
PA14_03330	14		118.59651807857449	27753.725490196077	27790.0	10.0	60170.0	60160.0	PA14_03340-PA14_03330-PA14_03320
PA14_10970	3		12.566729386952552	13212.748538011696	15480.0	10.0	49650.0	49640.0	PA14_10970-PA14_10960
PA14_59860	16		9.022371182315016	9532.030769230769	620.0	10.0	49590.0	49580.0	PA14_59860-PA14_59870-PA14_59880-PA14_59890-PA14_59900-PA14_59910-PA14_59920-PA14_59930-PA14_59940-PA14_59950-PA14_59960
PA14_03320	6		321.374921299215	21253.076923076922	13270.0	5.0	56505.0	56500.0	PA14_03340-PA14_03330-PA14_03320
PA14_03290	4		298.100020721588	7024.380952380952	685.0	10.0	63890.0	63880.0	PA14_03290-PA14_03300
PA14_48490	22		24.778979737096595	18886.222222222223	17550.0	10.0	45590.0	45580.0	PA14_48490-PA14_48470-PA14_48460-PA14_48450
PA14_21560	1		74.72921543799565	27957.17948717949	26315.0	410.0	67120.0	66710.0	PA14_21540-PA14_21550-PA14_21560
PA14_22230	28		17.165490820469103	17538.555555555555	15215.0	1505.0	41090.0	39585.0
PA14_22140	12		34.512221376887155	11924.363636363636	6500.0	10.0	36740.0	36730.0
PA14_33330	21		489.20578818828403	22058.18181818182	23860.0	10.0	68240.0	68230.0	PA14_33330-PA14_33320-PA14_33310-PA14_33300
PA14_24190	0		74.848078158143	20337.575757575756	18070.0	10.0	56840.0	56830.0	PA14_24180-PA14_24190
PA14_30860	3		15.122227950766352	13212.748538011696	15480.0	10.0	49650.0	49640.0	PA14_30880-PA14_30870-PA14_30860-PA14_30850
PA14_59940	4		187.491075961572	7024.380952380952	685.0	10.0	63890.0	63880.0	PA14_59860-PA14_59870-PA14_59880-PA14_59890-PA14_59900-PA14_59910-PA14_59920-PA14_59930-PA14_59940-PA14_59950-PA14_59960
PA14_54870	7		159.92080038733548	22887.352941176472	22625.0	10.0	58870.0	58860.0
PA14_39910	11	phzE2	1.713126995946155	20616.11111111111	18785.0	10.0	45570.0	45560.0	phzB2-phzC2-phzD2-phzE2-phzF2-phzG2
PA14_31430	36		44.08660124948135	23840.88888888889	19890.0	200.0	60660.0	60460.0
PA14_63740	0		7.740731079558344	20337.575757575756	18070.0	10.0	56840.0	56830.0	PA14_63780-PA14_63770-PA14_63750-PA14_63740
PA14_65870	17		47.926891148370146	22656.339869281044	20870.0	10.0	68000.0	67990.0	PA14_65880-PA14_65870-PA14_65860
PA14_59690	16		79.76774642880754	9532.030769230769	620.0	10.0	49590.0	49580.0	PA14_59640-PA14_59650-PA14_59660-PA14_59670-PA14_59680-PA14_59690-PA14_59700
PA14_15500	20		48.489118998988346	18033.090909090908	19070.0	10.0	44700.0	44690.0	PA14_15490-PA14_15500
PA14_59200	4		181.153849539832	7024.380952380952	685.0	10.0	63890.0	63880.0	PA14_59200-PA14_59210
PA14_59720	3	cupD2	11.3192157278543	13212.748538011696	15480.0	10.0	49650.0	49640.0
PA14_58900	37		225.49966757148349	19085.333333333332	19055.0	40.0	53360.0	53320.0	PA14_58890-PA14_58900
PA14_39880	19	phzG2	201.259008068517	25642.342105263157	24302.5	10.0	70990.0	70980.0	phzB2-phzC2-phzD2-phzE2-phzF2-phzG2
PA14_58990	4		54.40909288963775	7024.380952380952	685.0	10.0	63890.0	63880.0	PA14_58910-PA14_58920-PA14_58930-PA14_58940-PA14_58950-PA14_58960-PA14_58970-PA14_58980-PA14_58990
PA14_60110	14		838.2743028052915	27753.725490196077	27790.0	10.0	60170.0	60160.0	dcd2-PA14_60110-dtd
PA14_55240	13		30.00154391595354	24438.666666666668	20900.0	3320.0	49270.0	45950.0
PA14_22220	12		18.404623229913348	11924.363636363636	6500.0	10.0	36740.0	36730.0	PA14_22220-PA14_22210
PA14_46610	18		47.87843049038379	19071.619047619046	17760.0	10.0	56410.0	56400.0
PA14_31170	17		8.099520644102945	22656.339869281044	20870.0	10.0	68000.0	67990.0	PA14_31160-PA14_31170
PA14_22180	24		25.210522162380606	19622.777777777777	20510.0	90.0	44510.0	44420.0	PA14_22190-PA14_22180
PA14_22250	33		24.218599678233844	18398.235294117647	16170.0	10.0	63440.0	63430.0	PA14_22260-PA14_22250
PA14_28360	19		132.89762610031198	25642.342105263157	24302.5	10.0	70990.0	70980.0
PA14_22550	32		115.9526037026245	19042.666666666668	15720.0	10.0	51260.0	51250.0
PA14_51570	11		354.685793462167	20616.11111111111	18785.0	10.0	45570.0	45560.0
PA14_53610	2		118.8890128018125	17373.736263736264	16080.0	10.0	36240.0	36230.0
PA14_58940	10		4.972711210090975	16565.14285714286	15690.0	10.0	59490.0	59480.0	PA14_58910-PA14_58920-PA14_58930-PA14_58940-PA14_58950-PA14_58960-PA14_58970-PA14_58980-PA14_58990
PA14_59400	31		562.7551279321785	8720.757575757576	75.0	10.0	52060.0	52050.0
PA14_15360	20		675.5902629407915	18033.090909090908	19070.0	10.0	44700.0	44690.0
PA14_59340	32	pilT2	48.2761990924973	19042.666666666668	15720.0	10.0	51260.0	51250.0	pilL2-pilN2-pilO2-pilP2-pilQ2-pilR2-pilS2-pilT2-pilV2-pilM2
PA14_59910	37		46.85102377666705	19085.333333333332	19055.0	40.0	53360.0	53320.0	PA14_59860-PA14_59870-PA14_59880-PA14_59890-PA14_59900-PA14_59910-PA14_59920-PA14_59930-PA14_59940-PA14_59950-PA14_59960
PA14_31200	33		8.40922516167112	18398.235294117647	16170.0	10.0	63440.0	63430.0	PA14_31200-PA14_31190
PA14_15460	32	merA	263.6440135949415	19042.666666666668	15720.0	10.0	51260.0	51250.0	merA-merD-merE-PA14_15435
PA14_15445	32	merE	25.708835128953453	19042.666666666668	15720.0	10.0	51260.0	51250.0	merA-merD-merE-PA14_15435
PA14_03380	14		693.4096623030075	27753.725490196077	27790.0	10.0	60170.0	60160.0
PA14_54890	34		229.0398034622665	13480.0	4230.0	10.0	43640.0	43630.0	PA14_54890-PA14_54880
PA14_22190	7		132.44596082787803	22887.352941176472	22625.0	10.0	58870.0	58860.0	PA14_22190-PA14_22180
PA14_31340	37		11.137256128331448	19085.333333333332	19055.0	40.0	53360.0	53320.0
PA14_33300	21		296.529357754818	22058.18181818182	23860.0	10.0	68240.0	68230.0	PA14_33330-PA14_33320-PA14_33310-PA14_33300
PA14_59980	16		10.6492516987648	9532.030769230769	620.0	10.0	49590.0	49580.0	PA14_59980-PA14_59990-PA14_60000-PA14_60010-PA14_60020
PA14_35700	29		131.47963464350352	17213.560606060608	17865.0	10.0	40740.0	40730.0
PA14_59240	16	pilL2	39.096143276310755	9532.030769230769	620.0	10.0	49590.0	49580.0	pilL2-pilN2-pilO2-pilP2-pilQ2-pilR2-pilS2-pilT2-pilV2-pilM2
PA14_46550	15		323.734321318942	14188.625	11992.5	10.0	38415.0	38405.0
PA14_59110	34		18.234153055758302	13480.0	4230.0	10.0	43640.0	43630.0	PA14_59000-PA14_59010-PA14_59020-PA14_59030-PA14_59050-PA14_59060-PA14_59070-PA14_59090-PA14_59100-PA14_59110-PA14_59120
PA14_49520	7	pyoS3A	1448.793374428235	22887.352941176472	22625.0	10.0	58870.0	58860.0	pyoS3A-pyoS3I
PA14_33350	21		207.2220061575045	22058.18181818182	23860.0	10.0	68240.0	68230.0	PA14_33350-PA14_33340
PA14_36480	19		18.67315978390465	25642.342105263157	24302.5	10.0	70990.0	70980.0
PA14_55040	8		23.751924742339348	12549.89010989011	12130.0	10.0	28890.0	28880.0	PA14_55000-PA14_55020-PA14_55030-PA14_55040
PA14_15610	6		1363.36335395151	21253.076923076922	13270.0	5.0	56505.0	56500.0
PA14_59290	16	pilQ2	39.5024387867518	9532.030769230769	620.0	10.0	49590.0	49580.0	pilL2-pilN2-pilO2-pilP2-pilQ2-pilR2-pilS2-pilT2-pilV2-pilM2
PA14_15475	28	merT	56.27708456009824	17538.555555555555	15215.0	1505.0	41090.0	39585.0
PA14_59630	29		224.01955704621102	17213.560606060608	17865.0	10.0	40740.0	40730.0	PA14_59630-PA14_59620
PA14_61410	19		79.98853507352615	25642.342105263157	24302.5	10.0	70990.0	70980.0
PA14_53600	2		253.453508095387	17373.736263736264	16080.0	10.0	36240.0	36230.0	PA14_53590-PA14_53600
PA14_59610	15		368.747954862191	14188.625	11992.5	10.0	38415.0	38405.0
PA14_22130	12		10.69284721057985	11924.363636363636	6500.0	10.0	36740.0	36730.0	PA14_22130-PA14_22120
PA14_23350	2	orfA	810.603174347357	17373.736263736264	16080.0	10.0	36240.0	36230.0
PA14_40750	33		78.1016763398372	18398.235294117647	16170.0	10.0	63440.0	63430.0
PA14_58760	14	pilC	1323.7769714312049	27753.725490196077	27790.0	10.0	60170.0	60160.0	pilC-pilD-coaE-PA14_58790
PA14_04830	17		60.3736830651216	22656.339869281044	20870.0	10.0	68000.0	67990.0
PA14_20060	30		28.6379495175777	19800.78431372549	17610.0	10.0	58540.0	58530.0
PA14_35930	10		4.556381963846295	16565.14285714286	15690.0	10.0	59490.0	59480.0	PA14_35930-PA14_35920
PA14_33200	32		8.598748029271306	19042.666666666668	15720.0	10.0	51260.0	51250.0	PA14_33190-PA14_33200-PA14_33220
PA14_31040	5		132.8463082872695	7290.0	10400.0	10.0	15600.0	15590.0	PA14_31040-PA14_31030-PA14_31010-PA14_31000-PA14_30990-PA14_30980
PA14_24360	13		80.21151284293128	24438.666666666668	20900.0	3320.0	49270.0	45950.0
PA14_31270	34		59.9982635440033	13480.0	4230.0	10.0	43640.0	43630.0	PA14_31280-PA14_31270
PA14_32850	35		79.79333067408089	22144.761904761905	23580.0	20.0	56740.0	56720.0
PA14_29330	19		163.334114337654	25642.342105263157	24302.5	10.0	70990.0	70980.0
PA14_23410	2	orfJ	999.9036708229285	17373.736263736264	16080.0	10.0	36240.0	36230.0
PA14_41300	9		37.37718325759085	22466.222222222223	19470.0	30.0	56990.0	56960.0
PA14_15435	32		100.3557018389145	19042.666666666668	15720.0	10.0	51260.0	51250.0	merA-merD-merE-PA14_15435
PA14_37170	17		38.84132097641344	22656.339869281044	20870.0	10.0	68000.0	67990.0	PA14_37150-PA14_37170
PA14_59500	31		31.148236976223103	8720.757575757576	75.0	10.0	52060.0	52050.0	PA14_59480-PA14_59490-PA14_59500-PA14_59510
PA14_28750	36		50.7931983902387	23840.88888888889	19890.0	200.0	60660.0	60460.0
PA14_14320	36		18.122344372353652	23840.88888888889	19890.0	200.0	60660.0	60460.0
PA14_03340	14		160.6905925701895	27753.725490196077	27790.0	10.0	60170.0	60160.0	PA14_03340-PA14_03330-PA14_03320
PA14_51650	16		157.4837921775465	9532.030769230769	620.0	10.0	49590.0	49580.0	PA14_51640-PA14_51650
PA14_10980	0		49.975083484555455	20337.575757575756	18070.0	10.0	56840.0	56830.0
PA14_28790	18		48.3756623252275	19071.619047619046	17760.0	10.0	56410.0	56400.0
PA14_28770	18		540.9794587900449	19071.619047619046	17760.0	10.0	56410.0	56400.0
PA14_30990	0		128.058223011095	20337.575757575756	18070.0	10.0	56840.0	56830.0	PA14_31040-PA14_31030-PA14_31010-PA14_31000-PA14_30990-PA14_30980
PA14_16110	9		141.4927388970545	22466.222222222223	19470.0	30.0	56990.0	56960.0
PA14_59820	30		39.09496204519316	19800.78431372549	17610.0	10.0	58540.0	58530.0	PA14_59820-PA14_59830
PA14_14400	32		4.570528350838931	19042.666666666668	15720.0	10.0	51260.0	51250.0
PA14_64260	19		2.623868381603865	25642.342105263157	24302.5	10.0	70990.0	70980.0	PA14_64260-PA14_64270
PA14_01770	19		106.3250135169505	25642.342105263157	24302.5	10.0	70990.0	70980.0	PA14_01780-PA14_01770
PA14_31220	32		11.1942326139011	19042.666666666668	15720.0	10.0	51260.0	51250.0	PA14_31230-PA14_31220
PA14_67210	29		243.344873823117	17213.560606060608	17865.0	10.0	40740.0	40730.0	PA14_67230-PA14_67220-PA14_67210-PA14_67200-PA14_67190-PA14_67180
PA14_36400	9		8.97202982207462	22466.222222222223	19470.0	30.0	56990.0	56960.0
PA14_59950	4		24.583940183869352	7024.380952380952	685.0	10.0	63890.0	63880.0	PA14_59860-PA14_59870-PA14_59880-PA14_59890-PA14_59900-PA14_59910-PA14_59920-PA14_59930-PA14_59940-PA14_59950-PA14_59960
PA14_10070	3		14.829456263310899	13212.748538011696	15480.0	10.0	49650.0	49640.0	PA14_10080-PA14_10070-PA14_10050
PA14_46510	15		474.2524036633805	14188.625	11992.5	10.0	38415.0	38405.0	PA14_46520-PA14_46510
PA14_35990	10		11.777296100135949	16565.14285714286	15690.0	10.0	59490.0	59480.0	PA14_35990-PA14_35980-PA14_35970-PA14_35950
PA14_07480	31		1694.58534662307	8720.757575757576	75.0	10.0	52060.0	52050.0
PA14_59270	16	pilO2	42.55645337121345	9532.030769230769	620.0	10.0	49590.0	49580.0	pilL2-pilN2-pilO2-pilP2-pilQ2-pilR2-pilS2-pilT2-pilV2-pilM2
PA14_59180	8		126.180232259649	12549.89010989011	12130.0	10.0	28890.0	28880.0
PA14_10050	10		9.112763927692585	16565.14285714286	15690.0	10.0	59490.0	59480.0	PA14_10080-PA14_10070-PA14_10050
PA14_54860	35		74.35209767794625	22144.761904761905	23580.0	20.0	56740.0	56720.0
PA14_15490	20		25.04900195209005	18033.090909090908	19070.0	10.0	44700.0	44690.0	PA14_15490-PA14_15500
PA14_35850	15		1208.47697041413	14188.625	11992.5	10.0	38415.0	38405.0	tnpT-PA14_35840-PA14_35850
PA14_33310	21		517.68266830978	22058.18181818182	23860.0	10.0	68240.0	68230.0	PA14_33330-PA14_33320-PA14_33310-PA14_33300
PA14_71830	1		92.23428648531605	27957.17948717949	26315.0	410.0	67120.0	66710.0	PA14_71850-PA14_71840-PA14_71830
PA14_31180	35		46.8047809832606	22144.761904761905	23580.0	20.0	56740.0	56720.0
PA14_15470	34	merP	75.87511175838925	13480.0	4230.0	10.0	43640.0	43630.0
PA14_60010	22		15.57016113066205	18886.222222222223	17550.0	10.0	45590.0	45580.0	PA14_59980-PA14_59990-PA14_60000-PA14_60010-PA14_60020
PA14_21830	9		138.7544779981775	22466.222222222223	19470.0	30.0	56990.0	56960.0
PA14_04010	25		553.3215299104579	22106.583333333332	21440.0	10.0	56120.0	56110.0
PA14_35800	15		1144.4163723672898	14188.625	11992.5	10.0	38415.0	38405.0	tnpS-PA14_35810-PA14_35800
PA14_55060	28		96.73292673435886	17538.555555555555	15215.0	1505.0	41090.0	39585.0	PA14_55070-PA14_55060
PA14_22120	12		122.551791614535	11924.363636363636	6500.0	10.0	36740.0	36730.0	PA14_22130-PA14_22120
PA14_31250	10		4.93192639458918	16565.14285714286	15690.0	10.0	59490.0	59480.0
PA14_22510	22		13.168853388837249	18886.222222222223	17550.0	10.0	45590.0	45580.0
PA14_22080	12		334.232051122423	11924.363636363636	6500.0	10.0	36740.0	36730.0
PA14_27675	23		45.109210930987246	484.55555555555554	45.0	5.0	1350.0	1345.0	PA14_27680-PA14_27675
PA14_59280	16	pilP2	11.59718673540015	9532.030769230769	620.0	10.0	49590.0	49580.0	pilL2-pilN2-pilO2-pilP2-pilQ2-pilR2-pilS2-pilT2-pilV2-pilM2
PA14_59920	16		54.253454467842545	9532.030769230769	620.0	10.0	49590.0	49580.0	PA14_59860-PA14_59870-PA14_59880-PA14_59890-PA14_59900-PA14_59910-PA14_59920-PA14_59930-PA14_59940-PA14_59950-PA14_59960
PA14_51590	30		133.22534850307602	19800.78431372549	17610.0	10.0	58540.0	58530.0
PA14_58910	4		53.26432660059225	7024.380952380952	685.0	10.0	63890.0	63880.0	PA14_58910-PA14_58920-PA14_58930-PA14_58940-PA14_58950-PA14_58960-PA14_58970-PA14_58980-PA14_58990
PA14_59880	16		16.2262384993918	9532.030769230769	620.0	10.0	49590.0	49580.0	PA14_59860-PA14_59870-PA14_59880-PA14_59890-PA14_59900-PA14_59910-PA14_59920-PA14_59930-PA14_59940-PA14_59950-PA14_59960
PA14_39470	2		657.2700004433675	17373.736263736264	16080.0	10.0	36240.0	36230.0
PA14_03285	6		274.845715437029	21253.076923076922	13270.0	5.0	56505.0	56500.0	PA14_03270-PA14_03285
PA14_27650	23		17.16820711122475	484.55555555555554	45.0	5.0	1350.0	1345.0	PA14_27660-PA14_27650
PA14_35810	15		1184.26498235881	14188.625	11992.5	10.0	38415.0	38405.0	tnpS-PA14_35810-PA14_35800
PA14_30890	10		2.9607532875190747	16565.14285714286	15690.0	10.0	59490.0	59480.0
PA14_31240	29		272.8425783954085	17213.560606060608	17865.0	10.0	40740.0	40730.0
PA14_32810	11		21.375671402271802	20616.11111111111	18785.0	10.0	45570.0	45560.0
PA14_40740	8		135.398873070129	12549.89010989011	12130.0	10.0	28890.0	28880.0	PA14_40730-PA14_40740
PA14_28260	28		123.5533440468705	17538.555555555555	15215.0	1505.0	41090.0	39585.0
PA14_59380	31		199.037290069157	8720.757575757576	75.0	10.0	52060.0	52050.0
PA14_15660	7		51.33750153166475	22887.352941176472	22625.0	10.0	58870.0	58860.0
PA14_01220	7		118.03804442763499	22887.352941176472	22625.0	10.0	58870.0	58860.0	PA14_01160-PA14_01170-PA14_01180-PA14_01190-PA14_01200-PA14_01220-PA14_01230
PA14_59850	4		20.485345674774	7024.380952380952	685.0	10.0	63890.0	63880.0
PA14_03163	26		2846.7577770331	29143.58823529412	27430.0	3.0	66347.0	66344.0	PA14_03163-PA14_03166
PA14_58920	4		28.17370478530385	7024.380952380952	685.0	10.0	63890.0	63880.0	PA14_58910-PA14_58920-PA14_58930-PA14_58940-PA14_58950-PA14_58960-PA14_58970-PA14_58980-PA14_58990
PA14_56970	33		37.8982671804286	18398.235294117647	16170.0	10.0	63440.0	63430.0	PA14_56980-PA14_56970
PA14_09460	21	phzC1	218.485428439663	22058.18181818182	23860.0	10.0	68240.0	68230.0	phzC1-phzD1-phzE1-phzF1-phzG1
PA14_59070	29		179.381029307639	17213.560606060608	17865.0	10.0	40740.0	40730.0	PA14_59000-PA14_59010-PA14_59020-PA14_59030-PA14_59050-PA14_59060-PA14_59070-PA14_59090-PA14_59100-PA14_59110-PA14_59120
PA14_48460	22		27.50550711234415	18886.222222222223	17550.0	10.0	45590.0	45580.0	PA14_48490-PA14_48470-PA14_48460-PA14_48450
PA14_49020	24		264.23074507415697	19622.777777777777	20510.0	90.0	44510.0	44420.0
PA14_43080	17	vgrG14	31.0285725729049	22656.339869281044	20870.0	10.0	68000.0	67990.0	PA14_43080-PA14_43090-PA14_43100
PA14_10960	3		21.998981936663103	13212.748538011696	15480.0	10.0	49650.0	49640.0	PA14_10970-PA14_10960
PA14_15560	25		121.3418930177015	22106.583333333332	21440.0	10.0	56120.0	56110.0
PA14_61350	32		43.35216936950785	19042.666666666668	15720.0	10.0	51260.0	51250.0	PA14_61350-PA14_61340
PA14_13970	28		49.165559633370705	17538.555555555555	15215.0	1505.0	41090.0	39585.0	PA14_13970-PA14_13960
PA14_53450	25		110.6183158321455	22106.583333333332	21440.0	10.0	56120.0	56110.0	PA14_53450-PA14_53470-pta
PA14_03166	26		376.654602743657	29143.58823529412	27430.0	3.0	66347.0	66344.0	PA14_03163-PA14_03166
PA14_59030	4		8.044032670664766	7024.380952380952	685.0	10.0	63890.0	63880.0	PA14_59000-PA14_59010-PA14_59020-PA14_59030-PA14_59050-PA14_59060-PA14_59070-PA14_59090-PA14_59100-PA14_59110-PA14_59120
PA14_46560	22		11.742797459765999	18886.222222222223	17550.0	10.0	45590.0	45580.0
PA14_05120	1		41.4462559287376	27957.17948717949	26315.0	410.0	67120.0	66710.0
PA14_39700	0		14.915867249560549	20337.575757575756	18070.0	10.0	56840.0	56830.0	PA14_39690-PA14_39700-PA14_39710
PA14_31450	17		28.61492895191865	22656.339869281044	20870.0	10.0	68000.0	67990.0
PA14_03370	6		236.6517588782065	21253.076923076922	13270.0	5.0	56505.0	56500.0
PA14_63450	26		87.40567288086666	29143.58823529412	27430.0	3.0	66347.0	66344.0
PA14_35730	20		48.31695413396589	18033.090909090908	19070.0	10.0	44700.0	44690.0
PA14_55080	15		683.4572945769439	14188.625	11992.5	10.0	38415.0	38405.0	PA14_55080-PA14_55090
PA14_23430	2		3598.288882112115	17373.736263736264	16080.0	10.0	36240.0	36230.0	PA14_23420-PA14_23430
PA14_43090	8		29.349193546136	12549.89010989011	12130.0	10.0	28890.0	28880.0	PA14_43080-PA14_43090-PA14_43100
PA14_59480	31		75.14567477878035	8720.757575757576	75.0	10.0	52060.0	52050.0	PA14_59480-PA14_59490-PA14_59500-PA14_59510
PA14_15750	1		53.28786639468319	27957.17948717949	26315.0	410.0	67120.0	66710.0	purL-PA14_15750
PA14_27700	23		26.625272002147405	484.55555555555554	45.0	5.0	1350.0	1345.0	PA14_27700-PA14_27690
PA14_38000	0		23.581670873049703	20337.575757575756	18070.0	10.0	56840.0	56830.0
PA14_28970	23		12.722567663609649	484.55555555555554	45.0	5.0	1350.0	1345.0	PA14_28970-PA14_28980
PA14_36030	27		33.974726376358205	20422.94871794872	18390.0	10.0	51160.0	51150.0	PA14_36030-PA14_36020-PA14_36010
PA14_46540	15		521.528539768963	14188.625	11992.5	10.0	38415.0	38405.0
PA14_15620	3		15.67567180179885	13212.748538011696	15480.0	10.0	49650.0	49640.0	PA14_15620-PA14_15630
PA14_43100	28	rhsP2	522.522929847604	17538.555555555555	15215.0	1505.0	41090.0	39585.0	PA14_43080-PA14_43090-PA14_43100
PA14_59560	1		19.78590196570385	27957.17948717949	26315.0	410.0	67120.0	66710.0	PA14_59560-PA14_59570-PA14_59580
PA14_60040	26		137.49540563182597	29143.58823529412	27430.0	3.0	66347.0	66344.0	PA14_60040-PA14_60050
PA14_59010	4		9.113722034912886	7024.380952380952	685.0	10.0	63890.0	63880.0	PA14_59000-PA14_59010-PA14_59020-PA14_59030-PA14_59050-PA14_59060-PA14_59070-PA14_59090-PA14_59100-PA14_59110-PA14_59120
PA14_51560	14		210.99359828134203	27753.725490196077	27790.0	10.0	60170.0	60160.0
PA14_54460	27		106.8639186386265	20422.94871794872	18390.0	10.0	51160.0	51150.0	PA14_54470-PA14_54460
PA14_55000	35		31.77934052494645	22144.761904761905	23580.0	20.0	56740.0	56720.0	PA14_55000-PA14_55020-PA14_55030-PA14_55040
PA14_23310	1		1101.6282289247301	27957.17948717949	26315.0	410.0	67120.0	66710.0	serC-pheA-hisC2-PA14_23310-cmk
PA14_30910	3		31.567486576959	13212.748538011696	15480.0	10.0	49650.0	49640.0	PA14_30910-PA14_30900
PA14_03300	27		404.9901206202295	20422.94871794872	18390.0	10.0	51160.0	51150.0	PA14_03290-PA14_03300
PA14_33320	21		358.306480363879	22058.18181818182	23860.0	10.0	68240.0	68230.0	PA14_33330-PA14_33320-PA14_33310-PA14_33300
PA14_10410	16		4.326466743130905	9532.030769230769	620.0	10.0	49590.0	49580.0
PA14_01130	21		79.5918248244877	22058.18181818182	23860.0	10.0	68240.0	68230.0	PA14_01140-PA14_01130-PA14_01120
PA14_24665	27		148.06442591706002	20422.94871794872	18390.0	10.0	51160.0	51150.0
PA14_32840	33		71.62661634835796	18398.235294117647	16170.0	10.0	63440.0	63430.0	PA14_32840-PA14_32830
PA14_32820	14		142.75497208284952	27753.725490196077	27790.0	10.0	60170.0	60160.0
PA14_23400	24		1311.26048640619	19622.777777777777	20510.0	90.0	44510.0	44420.0	orfE-PA14_23400
PA14_59510	31		21.091115269083403	8720.757575757576	75.0	10.0	52060.0	52050.0	PA14_59480-PA14_59490-PA14_59500-PA14_59510
PA14_40820	17		48.253571418066855	22656.339869281044	20870.0	10.0	68000.0	67990.0
PA14_60050	35		127.19915976232201	22144.761904761905	23580.0	20.0	56740.0	56720.0	PA14_60040-PA14_60050
PA14_60000	37		81.66618266977035	19085.333333333332	19055.0	40.0	53360.0	53320.0	PA14_59980-PA14_59990-PA14_60000-PA14_60010-PA14_60020
PA14_22270	24		497.86665184344304	19622.777777777777	20510.0	90.0	44510.0	44420.0
PA14_48230	10		2.87003292856059	16565.14285714286	15690.0	10.0	59490.0	59480.0
PA14_22880	9		32.75030739464175	22466.222222222223	19470.0	30.0	56990.0	56960.0
PA14_59310	16	pilR2	33.62036772563745	9532.030769230769	620.0	10.0	49590.0	49580.0	pilL2-pilN2-pilO2-pilP2-pilQ2-pilR2-pilS2-pilT2-pilV2-pilM2
PA14_48500	27		65.53289747648671	20422.94871794872	18390.0	10.0	51160.0	51150.0
PA14_28850	15		503.6721964290975	14188.625	11992.5	10.0	38415.0	38405.0	PA14_28850-PA14_28870
PA14_49030	2		1162.920149760495	17373.736263736264	16080.0	10.0	36240.0	36230.0
PA14_30870	8		11.4790091261253	12549.89010989011	12130.0	10.0	28890.0	28880.0	PA14_30880-PA14_30870-PA14_30860-PA14_30850
PA14_59890	16		17.1086557631772	9532.030769230769	620.0	10.0	49590.0	49580.0	PA14_59860-PA14_59870-PA14_59880-PA14_59890-PA14_59900-PA14_59910-PA14_59920-PA14_59930-PA14_59940-PA14_59950-PA14_59960
PA14_13200	17		62.891266965236056	22656.339869281044	20870.0	10.0	68000.0	67990.0
PA14_59570	36		16.430468732334546	23840.88888888889	19890.0	200.0	60660.0	60460.0	PA14_59560-PA14_59570-PA14_59580
PA14_54960	18		49.0970070722322	19071.619047619046	17760.0	10.0	56410.0	56400.0	PA14_54960-PA14_54950
PA14_59700	4		25.76631460423815	7024.380952380952	685.0	10.0	63890.0	63880.0	PA14_59640-PA14_59650-PA14_59660-PA14_59670-PA14_59680-PA14_59690-PA14_59700
PA14_13630	17		30.299575969964394	22656.339869281044	20870.0	10.0	68000.0	67990.0	PA14_13650-PA14_13630
PA14_60240	1		29.988678550177607	27957.17948717949	26315.0	410.0	67120.0	66710.0	PA14_60240-pilS-pilR
PA14_40340	0		28.090756533733956	20337.575757575756	18070.0	10.0	56840.0	56830.0
PA14_22090	12		121.6644124048005	11924.363636363636	6500.0	10.0	36740.0	36730.0
PA14_35790	7		1555.859413581115	22887.352941176472	22625.0	10.0	58870.0	58860.0	PA14_35790-PA14_35780
PA14_22500	37		31.496764688983447	19085.333333333332	19055.0	40.0	53360.0	53320.0
PA14_60100	26	dtd	557.473173468991	29143.58823529412	27430.0	3.0	66347.0	66344.0	dcd2-PA14_60110-dtd
PA14_35970	10		16.000889291632646	16565.14285714286	15690.0	10.0	59490.0	59480.0	PA14_35990-PA14_35980-PA14_35970-PA14_35950
PA14_35760	7		523.2004384949621	22887.352941176472	22625.0	10.0	58870.0	58860.0
PA14_59670	16		10.755711590948849	9532.030769230769	620.0	10.0	49590.0	49580.0	PA14_59640-PA14_59650-PA14_59660-PA14_59670-PA14_59680-PA14_59690-PA14_59700
PA14_60030	24		955.071433408394	19622.777777777777	20510.0	90.0	44510.0	44420.0
PA14_22600	30		35.241741605998556	19800.78431372549	17610.0	10.0	58540.0	58530.0	PA14_22590-PA14_22600
PA14_61380	30		304.269308117788	19800.78431372549	17610.0	10.0	58540.0	58530.0
PA14_22110	12		36.9509204187283	11924.363636363636	6500.0	10.0	36740.0	36730.0
PA14_59160	37		29.0460355859301	19085.333333333332	19055.0	40.0	53360.0	53320.0
PA14_03310	35		160.889300430793	22144.761904761905	23580.0	20.0	56740.0	56720.0
PA14_59845	29		352.08487007963447	17213.560606060608	17865.0	10.0	40740.0	40730.0
PA14_58740	15		18.652385951250643	14188.625	11992.5	10.0	38415.0	38405.0
PA14_49990	0		373.560947965036	20337.575757575756	18070.0	10.0	56840.0	56830.0
PA14_31230	33		12.88496724186685	18398.235294117647	16170.0	10.0	63440.0	63430.0	PA14_31230-PA14_31220
PA14_39670	30		3.9425627600035047	19800.78431372549	17610.0	10.0	58540.0	58530.0
PA14_55050	24		581.7302861407105	19622.777777777777	20510.0	90.0	44510.0	44420.0
PA14_30940	3		11.93386742157785	13212.748538011696	15480.0	10.0	49650.0	49640.0	PA14_30960-PA14_30950-PA14_30940-PA14_30930
PA14_28780	29		116.124206142026	17213.560606060608	17865.0	10.0	40740.0	40730.0
PA14_49480	25		922.3278838059559	22106.583333333332	21440.0	10.0	56120.0	56110.0
PA14_35840	15		795.3341657256085	14188.625	11992.5	10.0	38415.0	38405.0	tnpT-PA14_35840-PA14_35850
PA14_59320	16	pilS2	38.53044524108395	9532.030769230769	620.0	10.0	49590.0	49580.0	pilL2-pilN2-pilO2-pilP2-pilQ2-pilR2-pilS2-pilT2-pilV2-pilM2
PA14_59990	16		19.477155457548896	9532.030769230769	620.0	10.0	49590.0	49580.0	PA14_59980-PA14_59990-PA14_60000-PA14_60010-PA14_60020
PA14_59430	31		72.7736051471679	8720.757575757576	75.0	10.0	52060.0	52050.0
PA14_31100	3		8.50755482161406	13212.748538011696	15480.0	10.0	49650.0	49640.0	PA14_31100-PA14_31090-PA14_31080-PA14_31070-PA14_31060-PA14_31050
PA14_07460	27		45.117898887967456	20422.94871794872	18390.0	10.0	51160.0	51150.0
PA14_51640	4		29.3624026686171	7024.380952380952	685.0	10.0	63890.0	63880.0	PA14_51640-PA14_51650
PA14_04350	9		65.729593751435	22466.222222222223	19470.0	30.0	56990.0	56960.0	PA14_04330-PA14_04340-PA14_04350
PA14_28980	23		12.028816689545	484.55555555555554	45.0	5.0	1350.0	1345.0	PA14_28970-PA14_28980
PA14_10830	7		138.35124250582447	22887.352941176472	22625.0	10.0	58870.0	58860.0
PA14_59550	26		822.8230941164584	29143.58823529412	27430.0	3.0	66347.0	66344.0
PA14_19600	1		130.288469137347	27957.17948717949	26315.0	410.0	67120.0	66710.0	PA14_19610-PA14_19600
PA14_48510	19		12.188257209839552	25642.342105263157	24302.5	10.0	70990.0	70980.0	PA14_48510-PA14_48520
PA14_59540	31		103.4248754263905	8720.757575757576	75.0	10.0	52060.0	52050.0
PA14_31280	35		80.79151773903745	22144.761904761905	23580.0	20.0	56740.0	56720.0	PA14_31280-PA14_31270
PA14_59710	32	cupD1	66.24455959871555	19042.666666666668	15720.0	10.0	51260.0	51250.0
PA14_28540	30		9.780664414361055	19800.78431372549	17610.0	10.0	58540.0	58530.0
PA14_48450	22		49.6351176332266	18886.222222222223	17550.0	10.0	45590.0	45580.0	PA14_48490-PA14_48470-PA14_48460-PA14_48450
PA14_60140	26		167.1017245777745	29143.58823529412	27430.0	3.0	66347.0	66344.0	PA14_60130-PA14_60140
PA14_54950	18		93.1992509785121	19071.619047619046	17760.0	10.0	56410.0	56400.0	PA14_54960-PA14_54950
PA14_54930	34		193.2077009914105	13480.0	4230.0	10.0	43640.0	43630.0
PA14_03400	26		27.880812896529697	29143.58823529412	27430.0	3.0	66347.0	66344.0	PA14_03400-PA14_03390
PA14_35780	7		599.354172603425	22887.352941176472	22625.0	10.0	58870.0	58860.0	PA14_35790-PA14_35780
PA14_54610	10		28.490572467210253	16565.14285714286	15690.0	10.0	59490.0	59480.0	PA14_54610-PA14_54600
PA14_25560	1	rne	3443.7284080183454	27957.17948717949	26315.0	410.0	67120.0	66710.0
PA14_69510	26		436.79403999744443	29143.58823529412	27430.0	3.0	66347.0	66344.0
PA14_54070	17		55.497284652965746	22656.339869281044	20870.0	10.0	68000.0	67990.0	PA14_54070-PA14_54050
PA14_13880	32		5.2528851735666695	19042.666666666668	15720.0	10.0	51260.0	51250.0	PA14_13890-PA14_13880-PA14_13870
PA14_15630	12		78.64029601066605	11924.363636363636	6500.0	10.0	36740.0	36730.0	PA14_15620-PA14_15630
PA14_31150	17		106.8081020698545	22656.339869281044	20870.0	10.0	68000.0	67990.0
PA14_30900	22		14.107375702081796	18886.222222222223	17550.0	10.0	45590.0	45580.0	PA14_30910-PA14_30900
PA14_48470	3		14.40892354624785	13212.748538011696	15480.0	10.0	49650.0	49640.0	PA14_48490-PA14_48470-PA14_48460-PA14_48450
PA14_59470	31		106.80542993466901	8720.757575757576	75.0	10.0	52060.0	52050.0
PA14_28610	33		105.54577887350351	18398.235294117647	16170.0	10.0	63440.0	63430.0	PA14_28620-PA14_28610
PA14_58970	16		26.34714424106815	9532.030769230769	620.0	10.0	49590.0	49580.0	PA14_58910-PA14_58920-PA14_58930-PA14_58940-PA14_58950-PA14_58960-PA14_58970-PA14_58980-PA14_58990
PA14_59760	8	cupD5	35.6758787642093	12549.89010989011	12130.0	10.0	28890.0	28880.0	cupD4-cupD5
PA14_03390	18		52.03899843781065	19071.619047619046	17760.0	10.0	56410.0	56400.0	PA14_03400-PA14_03390
PA14_23390	2	orfE	1717.2043905774299	17373.736263736264	16080.0	10.0	36240.0	36230.0	orfE-PA14_23400
PA14_15520	24	trbJ	55.8175279602403	19622.777777777777	20510.0	90.0	44510.0	44420.0	trbJ-PA14_15530-PA14_15540
PA14_22100	32		25.543237167397102	19042.666666666668	15720.0	10.0	51260.0	51250.0
PA14_35770	7		635.7202606566862	22887.352941176472	22625.0	10.0	58870.0	58860.0
PA14_13210	17		19.12756710160805	22656.339869281044	20870.0	10.0	68000.0	67990.0
PA14_45260	13		74.03209766334734	24438.666666666668	20900.0	3320.0	49270.0	45950.0	ccmC-PA14_45340-ccmE-ccmF-ccmG-ccmH-cycH-PA14_45260
PA14_28820	14		1834.0723880721202	27753.725490196077	27790.0	10.0	60170.0	60160.0	PA14_28820-PA14_28830-PA14_28840
PA14_22210	18		25.91626934583875	19071.619047619046	17760.0	10.0	56410.0	56400.0	PA14_22220-PA14_22210
PA14_31000	5		108.6058233330115	7290.0	10400.0	10.0	15600.0	15590.0	PA14_31040-PA14_31030-PA14_31010-PA14_31000-PA14_30990-PA14_30980
PA14_59140	16		49.755774815924354	9532.030769230769	620.0	10.0	49590.0	49580.0	PA14_59130-PA14_59140-PA14_59150
PA14_53570	29		85.5321295531632	17213.560606060608	17865.0	10.0	40740.0	40730.0
PA14_69520	29		608.3407474241724	17213.560606060608	17865.0	10.0	40740.0	40730.0	PA14_69550-PA14_69540-PA14_69520
PA14_60130	25		421.02150874372	22106.583333333332	21440.0	10.0	56120.0	56110.0	PA14_60130-PA14_60140
PA14_22280	30		45.79795774839219	19800.78431372549	17610.0	10.0	58540.0	58530.0
PA14_54940	34		182.7964240201415	13480.0	4230.0	10.0	43640.0	43630.0
PA14_40470	26		193.49718167728048	29143.58823529412	27430.0	3.0	66347.0	66344.0
PA14_35880	33		93.2495767810883	18398.235294117647	16170.0	10.0	63440.0	63430.0	PA14_35860-PA14_35880
PA14_33360	11		109.3736588766645	20616.11111111111	18785.0	10.0	45570.0	45560.0
PA14_15400	18		96.07344692884985	19071.619047619046	17760.0	10.0	56410.0	56400.0	repA-PA14_15400
PA14_53590	2		1079.33303823443	17373.736263736264	16080.0	10.0	36240.0	36230.0	PA14_53590-PA14_53600
PA14_59150	25		130.7177358579935	22106.583333333332	21440.0	10.0	56120.0	56110.0	PA14_59130-PA14_59140-PA14_59150
PA14_59830	37		157.293886373544	19085.333333333332	19055.0	40.0	53360.0	53320.0	PA14_59820-PA14_59830
PA14_69540	10		29.5041256734336	16565.14285714286	15690.0	10.0	59490.0	59480.0	PA14_69550-PA14_69540-PA14_69520
PA14_31090	3		8.47295718988303	13212.748538011696	15480.0	10.0	49650.0	49640.0	PA14_31100-PA14_31090-PA14_31080-PA14_31070-PA14_31060-PA14_31050
PA14_23420	2		6486.822242612714	17373.736263736264	16080.0	10.0	36240.0	36230.0	PA14_23420-PA14_23430
PA14_59390	35		265.185845855452	22144.761904761905	23580.0	20.0	56740.0	56720.0
PA14_54900	20		118.906544512311	18033.090909090908	19070.0	10.0	44700.0	44690.0
PA14_59770	6	rcsB	212.90501927806952	21253.076923076922	13270.0	5.0	56505.0	56500.0	PA14_59800-pvrR-rcsC-rcsB
PA14_67180	4		207.0258712772665	7024.380952380952	685.0	10.0	63890.0	63880.0	PA14_67230-PA14_67220-PA14_67210-PA14_67200-PA14_67190-PA14_67180
PA14_28330	32		6.89505020191222	19042.666666666668	15720.0	10.0	51260.0	51250.0	PA14_28320-PA14_28330
PA14_30970	14		268.49440864553253	27753.725490196077	27790.0	10.0	60170.0	60160.0
PA14_54980	35	ybtQ	71.03218802684805	22144.761904761905	23580.0	20.0	56740.0	56720.0	PA14_54980-PA14_54970
PA14_53100	28		14.7891262069841	17538.555555555555	15215.0	1505.0	41090.0	39585.0	PA14_53090-PA14_53100-PA14_53110
PA14_08110	11		39.67619990227236	20616.11111111111	18785.0	10.0	45570.0	45560.0	PA14_08070-PA14_08090-PA14_08100-PA14_08110
PA14_51520	19	spcU	550.432259083207	25642.342105263157	24302.5	10.0	70990.0	70980.0	exoU-spcU
PA14_16510	1		894.8285882960095	27957.17948717949	26315.0	410.0	67120.0	66710.0
PA14_03350	6		649.054102429662	21253.076923076922	13270.0	5.0	56505.0	56500.0	PA14_03360-PA14_03350
PA14_36940	30		13.721575769645401	19800.78431372549	17610.0	10.0	58540.0	58530.0	PA14_36930-PA14_36940
PA14_59050	4		46.4019370301298	7024.380952380952	685.0	10.0	63890.0	63880.0	PA14_59000-PA14_59010-PA14_59020-PA14_59030-PA14_59050-PA14_59060-PA14_59070-PA14_59090-PA14_59100-PA14_59110-PA14_59120
PA14_35860	33		73.3375583945821	18398.235294117647	16170.0	10.0	63440.0	63430.0	PA14_35860-PA14_35880
PA14_46520	18		388.8123567252785	19071.619047619046	17760.0	10.0	56410.0	56400.0	PA14_46520-PA14_46510
PA14_54910	34		62.11410551590165	13480.0	4230.0	10.0	43640.0	43630.0	PA14_54920-PA14_54910
PA14_15510	20	traJ	51.347355652483955	18033.090909090908	19070.0	10.0	44700.0	44690.0
PA14_66875	15	phaF	5522.661171679705	14188.625	11992.5	10.0	38415.0	38405.0	PA14_66880-phaF
PA14_31190	3		19.24417796453165	13212.748538011696	15480.0	10.0	49650.0	49640.0	PA14_31200-PA14_31190
PA14_46590	37		106.241692795887	19085.333333333332	19055.0	40.0	53360.0	53320.0	PA14_46570-PA14_46580-PA14_46590-PA14_46600
PA14_28840	2		2525.6033941082605	17373.736263736264	16080.0	10.0	36240.0	36230.0	PA14_28820-PA14_28830-PA14_28840
PA14_28470	27		38.0377249565962	20422.94871794872	18390.0	10.0	51160.0	51150.0
PA14_54920	34		362.12803382720904	13480.0	4230.0	10.0	43640.0	43630.0	PA14_54920-PA14_54910
PA14_67900	26		120.87181516284599	29143.58823529412	27430.0	3.0	66347.0	66344.0	hisB-hisH-PA14_67900-hisA-hisF1
PA14_13960	35		13.7065771234544	22144.761904761905	23580.0	20.0	56740.0	56720.0	PA14_13970-PA14_13960
PA14_10090	32		67.320551742233	19042.666666666668	15720.0	10.0	51260.0	51250.0
PA14_46620	18		212.4285213289015	19071.619047619046	17760.0	10.0	56410.0	56400.0
PA14_59210	37		61.388830912176005	19085.333333333332	19055.0	40.0	53360.0	53320.0	PA14_59200-PA14_59210
PA14_71400	19		10.56135786220075	25642.342105263157	24302.5	10.0	70990.0	70980.0	PA14_71410-PA14_71400
PA14_10080	37		13.551597959369401	19085.333333333332	19055.0	40.0	53360.0	53320.0	PA14_10080-PA14_10070-PA14_10050
PA14_28460	15		156.9932989141965	14188.625	11992.5	10.0	38415.0	38405.0
PA14_15160	13		33.17288167819285	24438.666666666668	20900.0	3320.0	49270.0	45950.0	PA14_15200-PA14_15190-PA14_15180-PA14_15160
PA14_59750	8	cupD4	31.426955647547693	12549.89010989011	12130.0	10.0	28890.0	28880.0	cupD4-cupD5
PA14_23380	14	orfH	3617.298629273635	27753.725490196077	27790.0	10.0	60170.0	60160.0
PA14_59780	25	rcsC	731.6576447806069	22106.583333333332	21440.0	10.0	56120.0	56110.0	PA14_59800-pvrR-rcsC-rcsB
PA14_41290	36		7.550444259536584	23840.88888888889	19890.0	200.0	60660.0	60460.0	PA14_41280-PA14_41290
PA14_22540	37		30.702444439401	19085.333333333332	19055.0	40.0	53360.0	53320.0
PA14_31260	10		4.402924883637246	16565.14285714286	15690.0	10.0	59490.0	59480.0
PA14_03250	14		456.2788295648325	27753.725490196077	27790.0	10.0	60170.0	60160.0	PA14_03250-PA14_03265
