"OperonID","Length","Genes"
12029,4,"PA0001;PA0002;PA0003;PA0004"
12030,2,"PA0005;PA0006"
12031,2,"PA0008;PA0009"
12032,3,"PA0016;PA0017;PA0018"
12033,2,"PA0021;PA0022"
12034,2,"PA0024;PA0025"
12035,3,"PA0026;PA0027;PA0028"
12036,3,"PA0029;PA0030;PA0031"
12037,2,"PA0033;PA0034"
12038,2,"PA0035;PA0036"
12039,2,"PA0040;PA0041"
12040,2,"PA0045;PA0046"
12041,3,"PA0054;PA0055;PA0056"
12042,2,"PA0061;PA0062"
12043,3,"PA0064;PA0065;PA0066"
12044,2,"PA0067;PA0068"
12045,8,"PA0070;PA0071;PA0072;PA0073;PA0074;PA0075;PA0076;PA0077"
12046,4,"PA0078;PA0079;PA0080;PA0081"
12047,3,"PA0082;PA0083;PA0084"
12048,6,"PA0086;PA0087;PA0088;PA0089;PA0090;PA0091"
12049,3,"PA0092;PA0093;PA0094"
12050,7,"PA0095;PA0096;PA0097;PA0098;PA0099;PA0100;PA0101"
12051,4,"PA0105;PA0106;PA0107;PA0108"
12052,2,"PA0110;PA0111"
12053,3,"PA0112;PA0113;PA0114"
12054,2,"PA0117;PA0118"
12055,2,"PA0119;PA0120"
12056,2,"PA0124;PA0125"
12057,2,"PA0131;PA0132"
12058,3,"PA0136;PA0137;PA0138"
12059,2,"PA0146;PA0147"
12060,2,"PA0149;PA0150"
12061,2,"PA0153;PA0154"
12062,3,"PA0156;PA0157;PA0158"
12063,2,"PA0167;PA0168"
12064,3,"PA0170;PA0171;PA0172"
12065,7,"PA0173;PA0174;PA0175;PA0176;PA0177;PA0178;PA0179"
12066,3,"PA0183;PA0184;PA0185"
12067,2,"PA0187;PA0188"
12068,3,"PA0192;PA0193;PA0194"
12069,2,"PA0195.1;PA0196"
12070,3,"PA0197;PA0198;PA0199"
12071,5,"PA0202;PA0203;PA0204;PA0205;PA0206"
12072,7,"PA0208;PA0209;PA0210;PA0211;PA0212;PA0213;PA0214"
12073,2,"PA0215;PA0216"
12074,3,"PA0219;PA0220;PA0221"
12075,2,"PA0223;PA0224"
12076,3,"PA0226;PA0227;PA0228"
12077,4,"PA0229;PA0230;PA0231;PA0232"
12078,2,"PA0237;PA0238"
12079,2,"PA0240;PA0241"
12080,3,"PA0244;PA0245;PA0246"
12081,2,"PA0253;PA0254"
12082,2,"PA0257;PA0258"
12083,3,"PA0260;PA0261;PA0262"
12084,3,"PA0269;PA0270;PA0271"
12085,2,"PA0272;PA0273"
12086,3,"PA0280;PA0281;PA0282"
12087,3,"PA0287;PA0288;PA0289"
12088,2,"PA0292;PA0293"
12089,3,"PA0297;PA0298;PA0299"
12090,4,"PA0301;PA0302;PA0303;PA0304"
12091,2,"PA0313;PA0314"
12092,2,"PA0317;PA0318"
12093,2,"PA0319;PA0320"
12094,2,"PA0321;PA0322"
12095,4,"PA0323;PA0324;PA0325;PA0326"
12096,2,"PA0332;PA0333"
12097,2,"PA0334;PA0335"
12098,3,"PA0336;PA0337;PA0338"
12099,2,"PA0340;PA0341"
12100,3,"PA0343;PA0344;PA0345"
12101,3,"PA0348;PA0349;PA0350"
12102,2,"PA0354;PA0355"
12103,2,"PA0356;PA0357"
12104,2,"PA0368;PA0369"
12105,3,"PA0370;PA0371;PA0372"
12106,3,"PA0373;PA0374;PA0375"
12107,2,"PA0380;PA0381"
12108,2,"PA0384;PA0385"
12109,3,"PA0386;PA0387;PA0388"
12110,3,"PA0389;PA0390;PA0391"
12111,3,"PA0392;PA0393;PA0394"
12112,2,"PA0399;PA0400"
12113,3,"PA0401;PA0402;PA0403"
12114,4,"PA0404;PA0405;PA0406;PA0407"
12115,3,"PA0408;PA0409;PA0410"
12116,6,"PA0411;PA0412;PA0413;PA0414;PA0415;PA0416"
12117,3,"PA0418;PA0419;PA0420"
12118,2,"PA0422;PA0423"
12119,3,"PA0425;PA0426;PA0427"
12120,3,"PA0430;PA0431;PA0432"
12121,2,"PA0434;PA0435"
12122,2,"PA0437;PA0438"
12123,3,"PA0439;PA0440;PA0441"
12124,2,"PA0443;PA0444"
12125,2,"PA0448;PA0449"
12126,2,"PA0451;PA0452"
12127,2,"PA0457.1;PA0458"
12128,4,"PA0463;PA0464;PA0465;PA0466"
12129,2,"PA0467;PA0468"
12130,2,"PA0471;PA0472"
12131,2,"PA0474;PA0475"
12132,2,"PA0480;PA0481"
12133,2,"PA0483;PA0484"
12134,2,"PA0486;PA0487"
12135,2,"PA0490;PA0491"
12136,4,"PA0493;PA0494;PA0495;PA0496"
12137,2,"PA0498;PA0499"
12138,5,"PA0500;PA0501;PA0502;PA0503;PA0504"
12139,11,"PA0509;PA0510;PA0511;PA0512;PA0513;PA0514;PA0515;PA0516;PA0517;PA0518;PA0519"
12140,3,"PA0520;PA0521;PA0522"
12141,3,"PA0523;PA0524;PA0525"
12142,2,"PA0530;PA0531"
12143,2,"PA0534;PA0535"
12144,2,"PA0536;PA0537"
12145,2,"PA0539;PA0540"
12146,2,"PA0546;PA0547"
12147,2,"PA0548;PA0549"
12148,2,"PA0551;PA0552"
12149,2,"PA0560;PA0561"
12150,4,"PA0568;PA0569;PA0570;PA0571"
12151,2,"PA0577;PA0578"
12152,2,"PA0582;PA0583"
12153,2,"PA0584;PA0585"
12154,3,"PA0586;PA0587;PA0588"
12155,7,"PA0589;PA0590;PA0591;PA0592;PA0593;PA0594;PA0595"
12156,3,"PA0596;PA0597;PA0598"
12157,2,"PA0600;PA0601"
12158,2,"PA0603;PA0604"
12159,2,"PA0605;PA0606"
12160,3,"PA0607;PA0608;PA0609"
12161,2,"PA0612;PA0613"
12162,3,"PA0614;PA0615;PA0616"
12163,5,"PA0617;PA0618;PA0619;PA0620;PA0621"
12164,3,"PA0622;PA0623;PA0624"
12165,3,"PA0625;PA0626;PA0627"
12166,5,"PA0628;PA0629;PA0630;PA0631;PA0632"
12167,3,"PA0633;PA0634;PA0635"
12168,5,"PA0636;PA0637;PA0638;PA0639;PA0640"
12169,3,"PA0643;PA0644;PA0645"
12170,3,"PA0646;PA0647;PA0648"
12171,3,"PA0649;PA0650;PA0651"
12172,2,"PA0655;PA0656"
12173,2,"PA0658;PA0659"
12174,2,"PA0660;PA0661"
12175,3,"PA0662;PA0663;PA0664"
12176,2,"PA0666;PA0667"
12177,3,"PA0669;PA0670;PA0671"
12178,2,"PA0674;PA0675"
12179,2,"PA0677;PA0678"
12180,7,"PA0681;PA0682;PA0683;PA0684;PA0685;PA0686;PA0687"
12181,4,"PA0692;PA0693;PA0694;PA0695"
12182,6,"PA0696;PA0697;PA0698;PA0699;PA0700;PA0701"
12183,2,"PA0703;PA0704"
12184,2,"PA0709;PA0710"
12185,2,"PA0711;PA0712"
12186,3,"PA0717;PA0718;PA0719"
12187,4,"PA0720;PA0721;PA0722;PA0723"
12188,3,"PA0724;PA0725;PA0726"
12189,2,"PA0727;PA0728"
12190,4,"PA0733;PA0734;PA0735;PA0736"
12191,4,"PA0744;PA0745;PA0746;PA0747"
12192,5,"PA0751;PA0752;PA0753;PA0754;PA0755"
12193,2,"PA0756;PA0757"
12194,5,"PA0762;PA0763;PA0764;PA0765;PA0766"
12195,2,"PA0767;PA0768"
12196,5,"PA0769;PA0770;PA0771;PA0772;PA0773"
12197,2,"PA0774;PA0775"
12198,3,"PA0785;PA0786;PA0787"
12199,4,"PA0794;PA0795;PA0796;PA0797"
12200,3,"PA0800;PA0801;PA0802"
12201,2,"PA0803;PA0804"
12202,3,"PA0810;PA0811;PA0812"
12203,2,"PA0813;PA0814"
12204,4,"PA0821;PA0822;PA0823;PA0824"
12205,2,"PA0835;PA0836"
12206,2,"PA0839;PA0840"
12207,2,"PA0843;PA0844"
12208,2,"PA0846;PA0847"
12209,2,"PA0853;PA0854"
12210,2,"PA0856;PA0857"
12211,3,"PA0858;PA0859;PA0860"
12212,2,"PA0861;PA0862"
12213,2,"PA0870;PA0871"
12214,6,"PA0878;PA0879;PA0880;PA0881;PA0882;PA0883"
12215,3,"PA0884;PA0885;PA0886"
12216,5,"PA0889;PA0890;PA0891;PA0892;PA0893"
12217,6,"PA0896;PA0897;PA0898;PA0899;PA0900;PA0901"
12218,2,"PA0903;PA0904"
12219,2,"PA0908;PA0909"
12220,2,"PA0914;PA0915"
12221,2,"PA0919;PA0920"
12222,3,"PA0926;PA0927;PA0928"
12223,2,"PA0929;PA0930"
12224,4,"PA0932;PA0933;PA0934;PA0935"
12225,3,"PA0939;PA0940;PA0941"
12226,3,"PA0943;PA0944;PA0945"
12227,3,"PA0948;PA0949;PA0950"
12228,2,"PA0953;PA0954"
12229,2,"PA0955;PA0956"
12230,2,"PA0959;PA0960"
12231,6,"PA0963;PA0964;PA0965;PA0966;PA0967;PA0968"
12232,6,"PA0969;PA0970;PA0971;PA0972;PA0973;PA0974"
12233,2,"PA0975;PA0976"
12234,2,"PA0978;PA0979"
12235,2,"PA0986;PA0987"
12236,5,"PA0996;PA0997;PA0998;PA0999;PA1000"
12237,2,"PA1001;PA1002"
12238,2,"PA1006;PA1007"
12239,2,"PA1008;PA1009"
12240,4,"PA1010;PA1011;PA1012;PA1013"
12241,2,"PA1017;PA1018"
12242,6,"PA1020;PA1021;PA1022;PA1023;PA1024;PA1025"
12243,2,"PA1027;PA1028"
12244,2,"PA1034;PA1035"
12245,3,"PA1038;PA1039;PA1040"
12246,2,"PA1042;PA1043"
12247,2,"PA1049;PA1050"
12248,2,"PA1051;PA1052"
12249,6,"PA1054;PA1055;PA1056;PA1057;PA1058;PA1059"
12250,4,"PA1060;PA1061;PA1062;PA1063"
12251,3,"PA1067;PA1068;PA1069"
12252,4,"PA1070;PA1071;PA1072;PA1073"
12253,2,"PA1075;PA1076"
12254,4,"PA1077;PA1078;PA1079;PA1080"
12255,7,"PA1081;PA1082;PA1083;PA1084;PA1085;PA1086;PA1087"
12256,3,"PA1088;PA1089;PA1090"
12257,2,"PA1095;PA1096"
12258,2,"PA1098;PA1099"
12259,6,"PA1100;PA1101;PA1102;PA1103;PA1104;PA1105"
12260,3,"PA1119;PA1120;PA1121"
12261,2,"PA1124;PA1125"
12262,2,"PA1128;PA1129"
12263,2,"PA1130;PA1131"
12264,2,"PA1143;PA1144"
12265,3,"PA1160;PA1161;PA1162"
12266,6,"PA1172;PA1173;PA1174;PA1175;PA1176;PA1177"
12267,3,"PA1179;PA1180;PA1181"
12268,2,"PA1185;PA1186"
12269,2,"PA1187;PA1188"
12270,2,"PA1192;PA1193"
12271,2,"PA1196;PA1197"
12272,3,"PA1198;PA1199;PA1200"
12273,3,"PA1203;PA1204;PA1205"
12274,2,"PA1206;PA1207"
12275,5,"PA1211;PA1212;PA1213;PA1214;PA1215"
12276,6,"PA1216;PA1217;PA1218;PA1219;PA1220;PA1221"
12277,4,"PA1230;PA1231;PA1232;PA1233"
12278,3,"PA1236;PA1237;PA1238"
12279,2,"PA1239;PA1240"
12280,3,"PA1246;PA1247;PA1248"
12281,2,"PA1253;PA1254"
12282,6,"PA1255;PA1256;PA1257;PA1258;PA1259;PA1260"
12283,2,"PA1267;PA1268"
12284,11,"PA1271;PA1272;PA1273;PA1274;PA1275;PA1276;PA1277;PA1278;PA1279;PA1280;PA1281"
12285,2,"PA1294;PA1295"
12286,2,"PA1298;PA1299"
12287,2,"PA1300;PA1301"
12288,2,"PA1303;PA1304"
12289,4,"PA1305;PA1306;PA1307;PA1308"
12290,2,"PA1310;PA1311"
12291,2,"PA1313;PA1314"
12292,5,"PA1317;PA1318;PA1319;PA1320;PA1321"
12293,2,"PA1323;PA1324"
12294,2,"PA1325;PA1326"
12295,2,"PA1329;PA1330"
12296,3,"PA1335;PA1336;PA1337"
12297,3,"PA1339;PA1340;PA1341"
12298,2,"PA1350;PA1351"
12299,2,"PA1353;PA1354"
12300,2,"PA1355;PA1356"
12301,2,"PA1358;PA1359"
12302,2,"PA1363;PA1364"
12303,2,"PA1371;PA1372"
12304,2,"PA1381;PA1382"
12305,3,"PA1384;PA1385;PA1386"
12306,2,"PA1387;PA1388"
12307,2,"PA1390;PA1391"
12308,2,"PA1394;PA1395"
12309,2,"PA1401;PA1402"
12310,2,"PA1406;PA1407"
12311,2,"PA1409;PA1410"
12312,2,"PA1413;PA1414"
12313,3,"PA1416;PA1417;PA1418"
12314,3,"PA1419;PA1420;PA1421"
12315,2,"PA1425;PA1426"
12316,2,"PA1433;PA1434"
12317,4,"PA1435;PA1436;PA1437;PA1438"
12318,2,"PA1439;PA1440"
12319,10,"PA1442;PA1443;PA1444;PA1445;PA1446;PA1447;PA1448;PA1449;PA1450;PA1451"
12320,2,"PA1452;PA1453"
12321,4,"PA1454;PA1455;PA1456;PA1457"
12322,5,"PA1458;PA1459;PA1460;PA1461;PA1462"
12323,3,"PA1463;PA1464;PA1465"
12324,2,"PA1468;PA1469"
12325,2,"PA1473;PA1474"
12326,2,"PA1475;PA1476"
12327,7,"PA1477;PA1478;PA1479;PA1480;PA1481;PA1482;PA1483"
12328,2,"PA1485;PA1486"
12329,3,"PA1487;PA1488;PA1489"
12330,2,"PA1491;PA1492"
12331,2,"PA1495;PA1496"
12332,2,"PA1498;PA1499"
12333,2,"PA1500;PA1501"
12334,4,"PA1508;PA1509;PA1510;PA1511"
12335,5,"PA1513;PA1514;PA1515;PA1516;PA1517"
12336,3,"PA1522;PA1523;PA1524"
12337,2,"PA1526;PA1527"
12338,2,"PA1529;PA1530"
12339,3,"PA1532;PA1533;PA1534"
12340,2,"PA1537;PA1538"
12341,2,"PA1540;PA1541"
12342,2,"PA1543;PA1544"
12343,5,"PA1547;PA1548;PA1549;PA1550;PA1551"
12344,4,"PA1552;PA1552.1;PA1553;PA1554"
12345,4,"PA1555;PA1555.1;PA1556;PA1557"
12346,2,"PA1559;PA1560"
12347,2,"PA1567;PA1568"
12348,2,"PA1572;PA1573"
12349,4,"PA1581;PA1582;PA1583;PA1584"
12350,3,"PA1585;PA1586;PA1587"
12351,2,"PA1588;PA1589"
12352,3,"PA1593;PA1594;PA1595"
12353,2,"PA1596;PA1597"
12354,3,"PA1600;PA1601;PA1602"
12355,2,"PA1603;PA1604"
12356,2,"PA1609;PA1610"
12357,2,"PA1611;PA1612"
12358,3,"PA1614;PA1615;PA1616"
12359,3,"PA1617;PA1618;PA1619"
12360,4,"PA1621;PA1622;PA1623;PA1624"
12361,2,"PA1626;PA1627"
12362,2,"PA1628;PA1629"
12363,2,"PA1630;PA1631"
12364,4,"PA1632;PA1633;PA1634;PA1635"
12365,3,"PA1636;PA1637;PA1638"
12366,2,"PA1642;PA1643"
12367,2,"PA1654;PA1655"
12368,4,"PA1656;PA1657;PA1658;PA1659"
12369,3,"PA1661;PA1662;PA1663"
12370,8,"PA1664;PA1665;PA1666;PA1667;PA1668;PA1669;PA1670;PA1671"
12371,3,"PA1674;PA1675;PA1676"
12372,5,"PA1681;PA1682;PA1683;PA1684;PA1685"
12373,2,"PA1688;PA1689"
12374,8,"PA1690;PA1691;PA1692;PA1693;PA1694;PA1695;PA1696;PA1697"
12375,12,"PA1698;PA1699;PA1700;PA1701;PA1702;PA1703;PA1704;PA1705;PA1706;PA1707;PA1708;PA1709"
12376,3,"PA1710;PA1711;PA1712"
12377,12,"PA1714;PA1715;PA1716;PA1717;PA1718;PA1719;PA1720;PA1721;PA1722;PA1723;PA1724;PA1725"
12378,3,"PA1730;PA1731;PA1732"
12379,2,"PA1736;PA1737"
12380,2,"PA1739;PA1740"
12381,2,"PA1743;PA1744"
12382,2,"PA1751;PA1752"
12383,2,"PA1759;PA1760"
12384,3,"PA1763;PA1764;PA1765"
12385,3,"PA1766;PA1767;PA1768"
12386,3,"PA1773;PA1774;PA1775"
12387,4,"PA1778;PA1779;PA1780;PA1781"
12388,2,"PA1782;PA1783"
12389,2,"PA1785;PA1786"
12390,2,"PA1792;PA1793"
12391,2,"PA1794;PA1795"
12392,2,"PA1798;PA1799"
12393,3,"PA1800;PA1801;PA1802"
12394,6,"PA1806;PA1807;PA1808;PA1809;PA1810;PA1811"
12395,3,"PA1814;PA1815;PA1816"
12396,2,"PA1818;PA1819"
12397,2,"PA1822;PA1823"
12398,2,"PA1828;PA1829"
12399,2,"PA1832;PA1833"
12400,2,"PA1837;PA1838"
12401,2,"PA1840;PA1841"
12402,2,"PA1842;PA1843"
12403,3,"PA1848;PA1849;PA1850"
12404,2,"PA1855;PA1856"
12405,2,"PA1858;PA1859"
12406,3,"PA1861;PA1862;PA1863"
12407,2,"PA1865;PA1866"
12408,2,"PA1867;PA1868"
12409,2,"PA1872;PA1873"
12410,4,"PA1874;PA1875;PA1876;PA1877"
12411,2,"PA1880;PA1881"
12412,2,"PA1882;PA1883"
12413,2,"PA1885;PA1886"
12414,2,"PA1887;PA1888"
12415,7,"PA1891;PA1892;PA1893;PA1894;PA1895;PA1896;PA1897"
12416,6,"PA1900;PA1901;PA1902;PA1903;PA1904;PA1905"
12417,3,"PA1906;PA1907;PA1908"
12418,2,"PA1909;PA1910"
12419,2,"PA1911;PA1912"
12420,4,"PA1915;PA1916;PA1917;PA1918"
12421,4,"PA1922;PA1923;PA1924;PA1925"
12422,2,"PA1928;PA1929"
12423,3,"PA1931;PA1932;PA1933"
12424,2,"PA1937;PA1938"
12425,5,"PA1946;PA1947;PA1948;PA1949;PA1950"
12426,5,"PA1952;PA1953;PA1954;PA1955;PA1956"
12427,2,"PA1957;PA1958"
12428,2,"PA1975;PA1976"
12429,2,"PA1977;PA1978"
12430,2,"PA1979;PA1980"
12431,2,"PA1981;PA1982"
12432,6,"PA1985;PA1986;PA1987;PA1988;PA1989;PA1990"
12433,2,"PA1991;PA1992"
12434,5,"PA1994;PA1995;PA1996;PA1997;PA1998"
12435,2,"PA1999;PA2000"
12436,2,"PA2005;PA2006"
12437,3,"PA2007;PA2008;PA2009"
12438,5,"PA2011;PA2012;PA2013;PA2014;PA2015"
12439,2,"PA2018;PA2019"
12440,2,"PA2022;PA2023"
12441,2,"PA2028;PA2029"
12442,2,"PA2030;PA2031"
12443,2,"PA2033;PA2034"
12444,2,"PA2038;PA2039"
12445,2,"PA2045;PA2046"
12446,2,"PA2050;PA2051"
12447,2,"PA2052;PA2053"
12448,5,"PA2057;PA2058;PA2059;PA2060;PA2061"
12449,2,"PA2064;PA2065"
12450,4,"PA2066;PA2067;PA2068;PA2069"
12451,2,"PA2073;PA2074"
12452,2,"PA2080;PA2081"
12453,5,"PA2084;PA2085;PA2086;PA2087;PA2088"
12454,4,"PA2089;PA2090;PA2091;PA2092"
12455,2,"PA2093;PA2094"
12456,3,"PA2097;PA2098;PA2099"
12457,2,"PA2101;PA2102"
12458,4,"PA2103;PA2104;PA2105;PA2106"
12459,5,"PA2110;PA2111;PA2112;PA2113;PA2114"
12460,2,"PA2122;PA2123"
12461,2,"PA2124;PA2125"
12462,5,"PA2129;PA2130;PA2131;PA2132;PA2133"
12463,2,"PA2134;PA2135"
12464,2,"PA2137;PA2138"
12465,3,"PA2140;PA2141;PA2142"
12466,2,"PA2143;PA2144"
12467,3,"PA2148;PA2149;PA2150"
12468,3,"PA2151;PA2152;PA2153"
12469,6,"PA2154;PA2155;PA2156;PA2157;PA2158;PA2159"
12470,6,"PA2160;PA2161;PA2162;PA2163;PA2164;PA2165"
12471,2,"PA2167;PA2168"
12472,2,"PA2169;PA2170"
12473,3,"PA2171;PA2172;PA2173"
12474,2,"PA2175;PA2176"
12475,2,"PA2179;PA2180"
12476,2,"PA2183;PA2184"
12477,3,"PA2193;PA2194;PA2195"
12478,4,"PA2197;PA2198;PA2199;PA2200"
12479,2,"PA2202;PA2203"
12480,3,"PA2207;PA2208;PA2209"
12481,3,"PA2210;PA2211;PA2212"
12482,3,"PA2214;PA2215;PA2216"
12483,2,"PA2218;PA2219"
12484,2,"PA2222;PA2223"
12485,2,"PA2226;PA2227"
12486,2,"PA2229;PA2230"
12487,11,"PA2231;PA2232;PA2233;PA2234;PA2235;PA2236;PA2237;PA2238;PA2239;PA2240;PA2241"
12488,3,"PA2243;PA2244;PA2245"
12489,4,"PA2247;PA2248;PA2249;PA2250"
12490,2,"PA2252;PA2253"
12491,4,"PA2254;PA2255;PA2256;PA2257"
12492,5,"PA2259;PA2260;PA2261;PA2262;PA2263"
12493,3,"PA2264;PA2265;PA2266"
12494,2,"PA2270;PA2271"
12495,4,"PA2277;PA2278;PA2279;PA2280"
12496,6,"PA2282;PA2283;PA2284;PA2285;PA2286;PA2287"
12497,5,"PA2292;PA2293;PA2294;PA2295;PA2296"
12498,3,"PA2297;PA2298;PA2299"
12499,5,"PA2301;PA2302;PA2303;PA2304;PA2305"
12500,4,"PA2307;PA2308;PA2309;PA2310"
12501,2,"PA2311;PA2312"
12502,2,"PA2314;PA2315"
12503,2,"PA2317;PA2318"
12504,2,"PA2321;PA2322"
12505,2,"PA2324;PA2325"
12506,5,"PA2327;PA2328;PA2329;PA2330;PA2331"
12507,2,"PA2335;PA2336"
12508,7,"PA2338;PA2339;PA2340;PA2341;PA2342;PA2343;PA2344"
12509,6,"PA2346;PA2347;PA2348;PA2349;PA2350;PA2351"
12510,4,"PA2354;PA2355;PA2356;PA2357"
12511,5,"PA2360;PA2361;PA2362;PA2363;PA2364"
12512,8,"PA2365;PA2366;PA2367;PA2368;PA2369;PA2370;PA2371;PA2372"
12513,2,"PA2373;PA2374"
12514,2,"PA2378;PA2379"
12515,3,"PA2382;PA2383;PA2384"
12516,3,"PA2389;PA2390;PA2391"
12517,3,"PA2393;PA2394;PA2395"
12518,3,"PA2399;PA2400;PA2402"
12519,4,"PA2403;PA2404;PA2405;PA2406"
12520,4,"PA2407;PA2408;PA2409;PA2410"
12521,3,"PA2411;PA2412;PA2413"
12522,2,"PA2414;PA2415"
12523,4,"PA2418;PA2419;PA2420;PA2421"
12524,2,"PA2424;PA2425"
12525,3,"PA2434;PA2435;PA2436"
12526,3,"PA2437;PA2438;PA2439"
12527,2,"PA2440;PA2441"
12528,2,"PA2443;PA2444"
12529,2,"PA2445;PA2446"
12530,3,"PA2453;PA2454;PA2455"
12531,2,"PA2462;PA2463"
12532,2,"PA2464;PA2465"
12533,3,"PA2467;PA2468;PA2469"
12534,5,"PA2470;PA2471;PA2472;PA2473;PA2474"
12535,3,"PA2476;PA2477;PA2478"
12536,2,"PA2479;PA2480"
12537,2,"PA2481;PA2482"
12538,2,"PA2485;PA2486"
12539,3,"PA2488;PA2489;PA2490"
12540,3,"PA2493;PA2494;PA2495"
12541,2,"PA2496;PA2497"
12542,3,"PA2498;PA2499;PA2500"
12543,3,"PA2507;PA2508;PA2509"
12544,3,"PA2512;PA2513;PA2514"
12545,4,"PA2515;PA2516;PA2517;PA2518"
12546,3,"PA2520;PA2521;PA2522"
12547,2,"PA2523;PA2524"
12548,4,"PA2525;PA2526;PA2527;PA2528"
12549,2,"PA2529;PA2530"
12550,5,"PA2536;PA2537;PA2538;PA2539;PA2540"
12551,2,"PA2542;PA2543"
12552,4,"PA2552;PA2553;PA2554;PA2555"
12553,2,"PA2556;PA2557"
12554,3,"PA2564;PA2565;PA2566"
12555,2,"PA2577;PA2578"
12556,3,"PA2584;PA2585;PA2586"
12557,2,"PA2589;PA2590"
12558,2,"PA2595;PA2596"
12559,4,"PA2597;PA2598;PA2599;PA2600"
12560,2,"PA2602;PA2603"
12561,5,"PA2605;PA2606;PA2607;PA2608;PA2609"
12562,5,"PA2611;PA2612;PA2613;PA2614;PA2615"
12563,2,"PA2616;PA2617"
12564,2,"PA2620;PA2621"
12565,4,"PA2625;PA2626;PA2627;PA2628"
12566,4,"PA2630;PA2631;PA2632;PA2633"
12567,2,"PA2635;PA2636"
12568,13,"PA2637;PA2638;PA2639;PA2640;PA2641;PA2642;PA2643;PA2644;PA2645;PA2646;PA2647;PA2648;PA2649"
12569,4,"PA2656;PA2657;PA2658;PA2659"
12570,2,"PA2660;PA2661"
12571,2,"PA2662;PA2663"
12572,2,"PA2669;PA2670"
12573,8,"PA2671;PA2672;PA2673;PA2674;PA2675;PA2676;PA2677;PA2678"
12574,2,"PA2680;PA2681"
12575,2,"PA2684;PA2685"
12576,2,"PA2686;PA2687"
12577,2,"PA2688;PA2689"
12578,2,"PA2697;PA2698"
12579,3,"PA2699;PA2700;PA2701"
12580,2,"PA2702;PA2703"
12581,3,"PA2705;PA2706;PA2707"
12582,2,"PA2709;PA2710"
12583,2,"PA2714;PA2715"
12584,2,"PA2722;PA2723"
12585,5,"PA2725;PA2726;PA2727;PA2728;PA2729"
12586,2,"PA2732;PA2733"
12587,7,"PA2738;PA2739;PA2740;PA2741;PA2742;PA2743;PA2744"
12588,2,"PA2749;PA2750"
12589,2,"PA2767;PA2768"
12590,2,"PA2769;PA2770"
12591,2,"PA2774;PA2775"
12592,2,"PA2780;PA2781"
12593,2,"PA2784;PA2785"
12594,2,"PA2795;PA2796"
12595,2,"PA2797;PA2798"
12596,2,"PA2803;PA2804"
12597,2,"PA2809;PA2810"
12598,3,"PA2811;PA2812;PA2813"
12599,2,"PA2815;PA2816"
12600,2,"PA2822;PA2823"
12601,2,"PA2825;PA2826"
12602,2,"PA2828;PA2829"
12603,4,"PA2835;PA2836;PA2837;PA2838"
12604,2,"PA2848;PA2849"
12605,2,"PA2855;PA2856"
12606,3,"PA2857;PA2858;PA2859"
12607,2,"PA2869;PA2870"
12608,4,"PA2872;PA2873;PA2874;PA2875"
12609,2,"PA2876;PA2877"
12610,2,"PA2881;PA2882"
12611,7,"PA2886;PA2887;PA2888;PA2889;PA2890;PA2891;PA2892"
12612,2,"PA2895;PA2896"
12613,3,"PA2900;PA2901;PA2902"
12614,4,"PA2903;PA2904;PA2905;PA2906"
12615,3,"PA2907;PA2908;PA2909"
12616,4,"PA2911;PA2912;PA2913;PA2914"
12617,2,"PA2916;PA2917"
12618,2,"PA2918;PA2919"
12619,5,"PA2922;PA2923;PA2924;PA2925;PA2926"
12620,3,"PA2932;PA2933;PA2934"
12621,2,"PA2941;PA2942"
12622,2,"PA2944;PA2945"
12623,2,"PA2947;PA2948"
12624,2,"PA2951;PA2952"
12625,2,"PA2954;PA2955"
12626,7,"PA2959;PA2960;PA2961;PA2962;PA2963;PA2964;PA2965"
12627,5,"PA2967;PA2968;PA2969;PA2970;PA2971"
12628,3,"PA2973;PA2974;PA2975"
12629,7,"PA2977;PA2978;PA2979;PA2980;PA2981;PA2982;PA2983"
12630,3,"PA2986;PA2987;PA2988"
12631,8,"PA2992;PA2993;PA2994;PA2995;PA2996;PA2997;PA2998;PA2999"
12632,2,"PA3002;PA3003"
12633,2,"PA3004;PA3005"
12634,2,"PA3007;PA3008"
12635,2,"PA3013;PA3014"
12636,2,"PA3020;PA3021"
12637,3,"PA3024;PA3025;PA3026"
12638,2,"PA3028;PA3029"
12639,2,"PA3033;PA3034"
12640,3,"PA3035;PA3036;PA3037"
12641,3,"PA3040;PA3041;PA3042"
12642,2,"PA3044;PA3045"
12643,2,"PA3055;PA3056"
12644,7,"PA3058;PA3059;PA3060;PA3061;PA3062;PA3063;PA3064"
12645,3,"PA3065;PA3066;PA3067"
12646,7,"PA3070;PA3071;PA3072;PA3073;PA3074;PA3075;PA3076"
12647,2,"PA3077;PA3078"
12648,2,"PA3079;PA3080"
12649,2,"PA3081;PA3082"
12650,3,"PA3083;PA3084;PA3085"
12651,3,"PA3086;PA3087;PA3088"
12652,2,"PA3089;PA3090"
12653,2,"PA3093;PA3094"
12654,9,"PA3095;PA3096;PA3097;PA3098;PA3099;PA3100;PA3101;PA3102;PA3103"
12655,2,"PA3104;PA3105"
12656,3,"PA3106;PA3107;PA3108"
12657,3,"PA3110;PA3111;PA3112"
12658,3,"PA3113;PA3114;PA3115"
12659,4,"PA3116;PA3117;PA3118;PA3119"
12660,2,"PA3120;PA3121"
12661,2,"PA3127;PA3128"
12662,2,"PA3130;PA3131"
12663,2,"PA3132;PA3133"
12664,2,"PA3134;PA3135"
12665,2,"PA3136;PA3137"
12666,3,"PA3142;PA3143;PA3144"
12667,6,"PA3145;PA3146;PA3147;PA3148;PA3149;PA3150"
12668,8,"PA3151;PA3152;PA3153;PA3154;PA3155;PA3156;PA3157;PA3158"
12669,3,"PA3165;PA3166;PA3167"
12670,3,"PA3171;PA3172;PA3173"
12671,3,"PA3174;PA3175;PA3176"
12672,3,"PA3181;PA3182;PA3183"
12673,5,"PA3186;PA3187;PA3188;PA3189;PA3190"
12674,3,"PA3191;PA3192;PA3193"
12675,2,"PA3199;PA3200"
12676,2,"PA3201;PA3202"
12677,2,"PA3203;PA3204"
12678,2,"PA3206;PA3207"
12679,2,"PA3208;PA3209"
12680,5,"PA3210;PA3211;PA3212;PA3213;PA3214"
12681,3,"PA3220;PA3221;PA3222"
12682,4,"PA3225;PA3226;PA3227;PA3228"
12683,4,"PA3232;PA3233;PA3234;PA3235"
12684,2,"PA3238;PA3239"
12685,2,"PA3241;PA3242"
12686,2,"PA3244;PA3245"
12687,6,"PA3250;PA3251;PA3252;PA3253;PA3254;PA3255"
12688,2,"PA3257;PA3258"
12689,2,"PA3269;PA3270"
12690,2,"PA3275;PA3276"
12691,4,"PA3281;PA3282;PA3283;PA3284"
12692,2,"PA3285;PA3286"
12693,3,"PA3292;PA3293;PA3294"
12694,2,"PA3298;PA3299"
12695,2,"PA3301;PA3302"
12696,2,"PA3306;PA3307"
12697,4,"PA3313;PA3314;PA3315;PA3316"
12698,3,"PA3323;PA3324;PA3325"
12699,8,"PA3327;PA3328;PA3329;PA3330;PA3331;PA3332;PA3333;PA3334"
12700,2,"PA3346;PA3347"
12701,2,"PA3348;PA3349"
12702,3,"PA3351;PA3352;PA3353"
12703,2,"PA3354;PA3355"
12704,2,"PA3357;PA3358"
12705,2,"PA3359;PA3360"
12706,5,"PA3362;PA3363;PA3364;PA3365;PA3366"
12707,2,"PA3370;PA3371"
12708,13,"PA3372;PA3373;PA3374;PA3375;PA3376;PA3377;PA3378;PA3379;PA3380;PA3381;PA3382;PA3383;PA3384"
12709,2,"PA3387;PA3388"
12710,6,"PA3391;PA3392;PA3393;PA3394;PA3395;PA3396"
12711,3,"PA3400;PA3401;PA3402"
12712,3,"PA3404;PA3405;PA3406"
12713,2,"PA3413;PA3414"
12714,3,"PA3415;PA3416;PA3417"
12715,2,"PA3424;PA3425"
12716,2,"PA3429;PA3430"
12717,2,"PA3431;PA3432"
12718,3,"PA3437;PA3438;PA3439"
12719,5,"PA3441;PA3442;PA3443;PA3444;PA3445"
12720,3,"PA3447;PA3448;PA3449"
12721,3,"PA3459;PA3460;PA3461"
12722,3,"PA3468;PA3469;PA3470"
12723,2,"PA3473;PA3474"
12724,2,"PA3478;PA3479"
12725,2,"PA3482;PA3483"
12726,2,"PA3484;PA3485"
12727,2,"PA3486;PA3487"
12728,7,"PA3489;PA3490;PA3491;PA3492;PA3493;PA3494;PA3495"
12729,6,"PA3498;PA3499;PA3500;PA3501;PA3502;PA3503"
12730,11,"PA3504;PA3505;PA3506;PA3507;PA3508;PA3509;PA3510;PA3511;PA3512;PA3513;PA3514"
12731,5,"PA3515;PA3516;PA3517;PA3518;PA3519"
12732,3,"PA3521;PA3522;PA3523"
12733,2,"PA3527;PA3528"
12734,2,"PA3537;PA3538"
12735,6,"PA3542;PA3543;PA3544;PA3545;PA3546;PA3547"
12736,2,"PA3548;PA3549"
12737,8,"PA3552;PA3553;PA3554;PA3555;PA3556;PA3557;PA3558;PA3559"
12738,3,"PA3560;PA3561;PA3562"
12739,2,"PA3563;PA3564"
12740,2,"PA3566;PA3567"
12741,2,"PA3569;PA3570"
12742,2,"PA3579;PA3580"
12743,2,"PA3581;PA3582"
12744,6,"PA3588;PA3589;PA3590;PA3591;PA3592;PA3593"
12745,2,"PA3596;PA3597"
12746,2,"PA3600;PA3601"
12747,4,"PA3607;PA3608;PA3609;PA3610"
12748,2,"PA3611;PA3612"
12749,2,"PA3614;PA3615"
12750,2,"PA3616;PA3617"
12751,2,"PA3620;PA3621"
12752,5,"PA3623;PA3624;PA3625;PA3626;PA3627"
12753,2,"PA3628;PA3629"
12754,2,"PA3631;PA3632"
12755,5,"PA3633;PA3634;PA3635;PA3636;PA3637"
12756,2,"PA3638;PA3639"
12757,4,"PA3642;PA3643;PA3644;PA3645"
12758,9,"PA3646;PA3647;PA3648;PA3649;PA3650;PA3651;PA3652;PA3653;PA3654"
12759,2,"PA3658;PA3659"
12760,5,"PA3664;PA3665;PA3666;PA3667;PA3668"
12761,4,"PA3669;PA3670;PA3671;PA3672"
12762,2,"PA3676;PA3677"
12763,6,"PA3679;PA3680;PA3681;PA3682;PA3683;PA3684"
12764,6,"PA3693;PA3694;PA3695;PA3696;PA3697;PA3698"
12765,6,"PA3703;PA3704;PA3705;PA3706;PA3707;PA3708"
12766,2,"PA3719;PA3720"
12767,2,"PA3725;PA3726"
12768,2,"PA3727;PA3728"
12769,2,"PA3729;PA3730"
12770,2,"PA3731;PA3732"
12771,2,"PA3735;PA3736"
12772,4,"PA3742;PA3743;PA3744;PA3745"
12773,2,"PA3747;PA3748"
12774,5,"PA3750;PA3751;PA3752;PA3753;PA3754"
12775,5,"PA3757;PA3758;PA3759;PA3760;PA3761"
12776,2,"PA3767;PA3768"
12777,2,"PA3769;PA3770"
12778,3,"PA3772;PA3773;PA3774"
12779,3,"PA3776;PA3777;PA3778"
12780,2,"PA3780;PA3781"
12781,2,"PA3784;PA3785"
12782,2,"PA3789;PA3790"
12783,2,"PA3793;PA3794"
12784,2,"PA3797;PA3798"
12785,9,"PA3799;PA3800;PA3801;PA3802;PA3803;PA3804;PA3805;PA3806;PA3807"
12786,8,"PA3808;PA3809;PA3810;PA3811;PA3812;PA3813;PA3814;PA3815"
12787,2,"PA3816;PA3817"
12788,2,"PA3820;PA3821"
12789,3,"PA3822;PA3823;PA3824"
12790,2,"PA3827;PA3828"
12791,2,"PA3829;PA3830"
12792,3,"PA3831;PA3832;PA3833"
12793,3,"PA3836;PA3837;PA3838"
12794,2,"PA3842;PA3843"
12795,2,"PA3851;PA3852"
12796,3,"PA3853;PA3854;PA3855"
12797,3,"PA3862;PA3863;PA3864"
12798,8,"PA3870;PA3871;PA3872;PA3873;PA3874;PA3875;PA3876;PA3877"
12799,2,"PA3878;PA3879"
12800,2,"PA3881;PA3882"
12801,2,"PA3883;PA3884"
12802,4,"PA3888;PA3889;PA3890;PA3891"
12803,2,"PA3893;PA3894"
12804,2,"PA3895;PA3896"
12805,2,"PA3899;PA3900"
12806,5,"PA3904;PA3905;PA3906;PA3907;PA3908"
12807,2,"PA3909;PA3910"
12808,3,"PA3911;PA3912;PA3913"
12809,2,"PA3914;PA3915"
12810,3,"PA3916;PA3917;PA3918"
12811,2,"PA3922;PA3923"
12812,3,"PA3928;PA3929;PA3930"
12813,4,"PA3935;PA3936;PA3937;PA3938"
12814,5,"PA3941;PA3942;PA3943;PA3944;PA3945"
12815,2,"PA3946;PA3947"
12816,2,"PA3959;PA3960"
12817,2,"PA3963;PA3964"
12818,4,"PA3970;PA3971;PA3972;PA3973"
12819,3,"PA3975;PA3976;PA3977"
12820,3,"PA3981;PA3982;PA3983"
12821,2,"PA3988;PA3989"
12822,12,"PA3996;PA3997;PA3998;PA3999;PA4000;PA4001;PA4002;PA4003;PA4004;PA4005;PA4006;PA4007"
12823,2,"PA4010;PA4011"
12824,3,"PA4012;PA4013;PA4014"
12825,3,"PA4018;PA4019;PA4020"
12826,3,"PA4023;PA4024;PA4025"
12827,2,"PA4026;PA4027"
12828,2,"PA4029;PA4030"
12829,2,"PA4035;PA4036"
12830,4,"PA4037;PA4038;PA4039;PA4040"
12831,3,"PA4042;PA4043;PA4044"
12832,3,"PA4045;PA4046;PA4047"
12833,8,"PA4048;PA4049;PA4050;PA4051;PA4052;PA4053;PA4054;PA4055"
12834,2,"PA4056;PA4057"
12835,3,"PA4058;PA4059;PA4060"
12836,3,"PA4064;PA4065;PA4066"
12837,2,"PA4068;PA4069"
12838,2,"PA4071;PA4072"
12839,2,"PA4076;PA4077"
12840,2,"PA4078;PA4079"
12841,2,"PA4083;PA4084"
12842,2,"PA4085;PA4086"
12843,3,"PA4087;PA4088;PA4089"
12844,2,"PA4091;PA4092"
12845,2,"PA4093;PA4094"
12846,4,"PA4095;PA4096;PA4097;PA4098"
12847,2,"PA4101;PA4102"
12848,2,"PA4103;PA4104"
12849,2,"PA4105;PA4106"
12850,2,"PA4110;PA4111"
12851,2,"PA4116;PA4117"
12852,3,"PA4121;PA4122;PA4123"
12853,2,"PA4124;PA4125"
12854,3,"PA4126;PA4127;PA4128"
12855,2,"PA4129;PA4130"
12856,3,"PA4142;PA4143;PA4144"
12857,6,"PA4148;PA4149;PA4150;PA4151;PA4152;PA4153"
12858,3,"PA4159;PA4160;PA4161"
12859,2,"PA4163;PA4164"
12860,2,"PA4171;PA4172"
12861,2,"PA4181;PA4182"
12862,2,"PA4183;PA4184"
12863,3,"PA4187;PA4188;PA4189"
12864,5,"PA4191;PA4192;PA4193;PA4194;PA4195"
12865,2,"PA4196;PA4197"
12866,2,"PA4198;PA4199"
12867,2,"PA4201;PA4202"
12868,2,"PA4203;PA4204"
12869,4,"PA4205;PA4206;PA4207;PA4208"
12870,6,"PA4211;PA4212;PA4213;PA4214;PA4215;PA4216"
12871,2,"PA4218;PA4219"
12872,2,"PA4220;PA4221"
12873,5,"PA4222;PA4223;PA4224;PA4225;PA4226"
12874,4,"PA4228;PA4229;PA4230;PA4231"
12875,2,"PA4232;PA4233"
12876,5,"PA4237;PA4238;PA4239;PA4240;PA4241"
12877,8,"PA4242;PA4243;PA4244;PA4245;PA4246;PA4247;PA4248;PA4249"
12878,15,"PA4250;PA4251;PA4252;PA4253;PA4254;PA4255;PA4256;PA4257;PA4258;PA4259;PA4260;PA4261;PA4262;PA4263;PA4264"
12879,3,"PA4265;PA4266;PA4267"
12880,2,"PA4269;PA4270"
12881,4,"PA4273;PA4274;PA4275;PA4276"
12882,3,"PA4278;PA4279;PA4280"
12883,2,"PA4281;PA4282"
12884,3,"PA4283;PA4284;PA4285"
12885,2,"PA4288;PA4289"
12886,2,"PA4293;PA4294"
12887,2,"PA4297;PA4298"
12888,7,"PA4299;PA4300;PA4301;PA4302;PA4303;PA4304;PA4305"
12889,3,"PA4311;PA4312;PA4313"
12890,7,"PA4317;PA4318;PA4319;PA4320;PA4321;PA4322;PA4323"
12891,2,"PA4331;PA4332"
12892,2,"PA4335;PA4336"
12893,2,"PA4339;PA4340"
12894,3,"PA4342;PA4343;PA4344"
12895,4,"PA4345;PA4346;PA4347;PA4348"
12896,2,"PA4350;PA4351"
12897,3,"PA4354;PA4355;PA4356"
12898,3,"PA4357;PA4358;PA4359"
12899,2,"PA4364;PA4365"
12900,2,"PA4368;PA4369"
12901,3,"PA4371;PA4372;PA4373"
12902,2,"PA4374;PA4375"
12903,3,"PA4377;PA4378;PA4379"
12904,2,"PA4380;PA4381"
12905,2,"PA4385;PA4386"
12906,2,"PA4387;PA4388"
12907,4,"PA4396;PA4397;PA4398;PA4399"
12908,2,"PA4400;PA4401"
12909,16,"PA4406;PA4407;PA4408;PA4409;PA4410;PA4411;PA4412;PA4413;PA4414;PA4415;PA4416;PA4417;PA4418;PA4419;PA4420;PA4421"
12910,4,"PA4423;PA4424;PA4425;PA4426"
12911,5,"PA4427;PA4428;PA4429;PA4430;PA4431"
12912,2,"PA4432;PA4433"
12913,3,"PA4438;PA4439;PA4440"
12914,2,"PA4442;PA4443"
12915,2,"PA4447;PA4448"
12916,3,"PA4449;PA4450;PA4451"
12917,5,"PA4452;PA4453;PA4454;PA4455;PA4456"
12918,5,"PA4457;PA4458;PA4459;PA4460;PA4461"
12919,5,"PA4462;PA4463;PA4464;PA4465;PA4466"
12920,5,"PA4467;PA4468;PA4469;PA4470;PA4471"
12921,4,"PA4475;PA4476;PA4477;PA4478"
12922,3,"PA4479;PA4480;PA4481"
12923,5,"PA4482;PA4483;PA4484;PA4485;PA4486"
12924,6,"PA4487;PA4488;PA4489;PA4490;PA4491;PA4492"
12925,2,"PA4493;PA4494"
12926,2,"PA4496;PA4497"
12927,6,"PA4501;PA4502;PA4503;PA4504;PA4505;PA4506"
12928,3,"PA4509;PA4510;PA4511"
12929,2,"PA4515;PA4516"
12930,2,"PA4521;PA4522"
12931,3,"PA4528;PA4529;PA4530"
12932,3,"PA4532;PA4533;PA4534"
12933,3,"PA4535;PA4536;PA4537"
12934,2,"PA4540;PA4541"
12935,2,"PA4543;PA4544"
12936,2,"PA4546;PA4547"
12937,4,"PA4550;PA4551;PA4552;PA4553"
12938,3,"PA4554;PA4555;PA4556"
12939,5,"PA4557;PA4558;PA4559;PA4560;PA4561"
12940,3,"PA4564;PA4565;PA4566"
12941,2,"PA4567;PA4568"
12942,2,"PA4578;PA4579"
12943,4,"PA4582;PA4583;PA4584;PA4585"
12944,4,"PA4591;PA4592;PA4593;PA4594"
12945,3,"PA4597;PA4598;PA4599"
12946,2,"PA4601;PA4602"
12947,4,"PA4603;PA4604;PA4605;PA4606"
12948,2,"PA4612;PA4613"
12949,4,"PA4618;PA4619;PA4620;PA4621"
12950,2,"PA4624;PA4625"
12951,2,"PA4627;PA4628"
12952,2,"PA4638;PA4639"
12953,2,"PA4644;PA4645"
12954,2,"PA4646;PA4647"
12955,3,"PA4648;PA4649;PA4650"
12956,3,"PA4651;PA4652;PA4653"
12957,2,"PA4655;PA4656"
12958,3,"PA4658;PA4659;PA4660"
12959,5,"PA4662;PA4663;PA4664;PA4665;PA4666"
12960,3,"PA4667;PA4668;PA4669"
12961,2,"PA4672;PA4673"
12962,2,"PA4676;PA4677"
12963,2,"PA4678;PA4679"
12964,3,"PA4680;PA4681;PA4682"
12965,3,"PA4684;PA4685;PA4686"
12966,2,"PA4687;PA4688"
12967,3,"PA4691;PA4692;PA4693"
12968,3,"PA4694;PA4695;PA4696"
12969,3,"PA4698;PA4699;PA4700"
12970,5,"PA4705;PA4706;PA4707;PA4708;PA4709"
12971,2,"PA4716;PA4717"
12972,2,"PA4719;PA4720"
12973,2,"PA4721;PA4722"
12974,5,"PA4723;PA4724;PA4724.1;PA4725;PA4726"
12975,2,"PA4727;PA4728"
12976,2,"PA4729;PA4730"
12977,2,"PA4733;PA4734"
12978,2,"PA4735;PA4736"
12979,2,"PA4738;PA4739"
12980,2,"PA4742;PA4743"
12981,3,"PA4744;PA4745;PA4746"
12982,5,"PA4747;PA4748;PA4749;PA4750;PA4751"
12983,5,"PA4754;PA4755;PA4756;PA4757;PA4758"
12984,4,"PA4759;PA4760;PA4761;PA4762"
12985,2,"PA4766;PA4767"
12986,2,"PA4771;PA4772"
12987,5,"PA4773;PA4774;PA4775;PA4776;PA4777"
12988,2,"PA4782;PA4783"
12989,3,"PA4789;PA4790;PA4791"
12990,4,"PA4793;PA4794;PA4795;PA4796"
12991,2,"PA4799;PA4800"
12992,2,"PA4804;PA4805"
12993,2,"PA4807;PA4808"
12994,3,"PA4810;PA4811;PA4812"
12995,2,"PA4816;PA4817"
12996,3,"PA4818;PA4819;PA4820"
12997,3,"PA4822;PA4823;PA4824"
12998,2,"PA4830;PA4831"
12999,4,"PA4834;PA4835;PA4836;PA4837"
13000,2,"PA4841;PA4842"
13001,3,"PA4846;PA4847;PA4848"
13002,2,"PA4852;PA4853"
13003,3,"PA4854;PA4855;PA4856"
13004,4,"PA4859;PA4860;PA4861;PA4862"
13005,6,"PA4863;PA4864;PA4865;PA4866;PA4867;PA4868"
13006,3,"PA4882;PA4883;PA4884"
13007,2,"PA4885;PA4886"
13008,2,"PA4888;PA4889"
13009,4,"PA4891;PA4892;PA4893;PA4894"
13010,2,"PA4895;PA4896"
13011,2,"PA4899;PA4900"
13012,2,"PA4904;PA4905"
13013,2,"PA4906;PA4907"
13014,5,"PA4908;PA4909;PA4910;PA4911;PA4912"
13015,2,"PA4914;PA4915"
13016,2,"PA4916;PA4917"
13017,3,"PA4918;PA4919;PA4920"
13018,2,"PA4926;PA4927"
13019,2,"PA4930;PA4931"
13020,4,"PA4932;PA4933;PA4934;PA4935"
13021,2,"PA4936;PA4937"
13022,3,"PA4938;PA4939;PA4940"
13023,9,"PA4941;PA4942;PA4943;PA4944;PA4945;PA4946;PA4947;PA4948;PA4949"
13024,2,"PA4953;PA4954"
13025,2,"PA4956;PA4957"
13026,2,"PA4958;PA4959"
13027,2,"PA4961;PA4962"
13028,5,"PA4964;PA4965;PA4966;PA4967;PA4968"
13029,2,"PA4970;PA4971"
13030,6,"PA4975;PA4976;PA4977;PA4978;PA4979;PA4980"
13031,2,"PA4982;PA4983"
13032,2,"PA4986;PA4987"
13033,2,"PA4988;PA4989"
13034,2,"PA4991;PA4992"
13035,2,"PA4994;PA4995"
13036,2,"PA4996;PA4997"
13037,2,"PA4998;PA4999"
13038,4,"PA5002;PA5003;PA5004;PA5005"
13039,9,"PA5006;PA5007;PA5008;PA5009;PA5010;PA5011;PA5012;PA5013;PA5014"
13040,2,"PA5017;PA5018"
13041,3,"PA5021;PA5022;PA5023"
13042,2,"PA5028;PA5029"
13043,2,"PA5035;PA5036"
13044,8,"PA5037;PA5038;PA5039;PA5040;PA5041;PA5042;PA5043;PA5044"
13045,3,"PA5047;PA5048;PA5049"
13046,2,"PA5051;PA5052"
13047,3,"PA5053;PA5054;PA5055"
13048,2,"PA5058;PA5059"
13049,3,"PA5063;PA5064;PA5065"
13050,6,"PA5066;PA5067;PA5068;PA5069;PA5070;PA5071"
13051,3,"PA5074;PA5075;PA5076"
13052,2,"PA5077;PA5078"
13053,2,"PA5079;PA5080"
13054,2,"PA5083;PA5084"
13055,4,"PA5087;PA5088;PA5089;PA5090"
13056,6,"PA5091;PA5092;PA5093;PA5094;PA5095;PA5096"
13057,3,"PA5097;PA5098;PA5099"
13058,3,"PA5101;PA5102;PA5103"
13059,2,"PA5104;PA5105"
13060,2,"PA5107;PA5108"
13061,2,"PA5109;PA5110"
13062,2,"PA5113;PA5114"
13063,2,"PA5122;PA5123"
13064,2,"PA5124;PA5125"
13065,3,"PA5128;PA5129;PA5130"
13066,3,"PA5133;PA5134;PA5135"
13067,2,"PA5140;PA5141"
13068,2,"PA5142;PA5143"
13069,4,"PA5146;PA5147;PA5148;PA5149"
13070,4,"PA5152;PA5153;PA5154;PA5155"
13071,4,"PA5157;PA5158;PA5159;PA5160"
13072,6,"PA5161;PA5162;PA5163;PA5164;PA5165;PA5166"
13073,3,"PA5167;PA5168;PA5169"
13074,4,"PA5170;PA5171;PA5172;PA5173"
13075,2,"PA5175;PA5176"
13076,2,"PA5180;PA5181"
13077,2,"PA5182;PA5183"
13078,4,"PA5185;PA5186;PA5187;PA5188"
13079,2,"PA5199;PA5200"
13080,2,"PA5201;PA5202"
13081,2,"PA5207;PA5208"
13082,2,"PA5214;PA5215"
13083,3,"PA5216;PA5217;PA5218"
13084,2,"PA5219;PA5220"
13085,5,"PA5221;PA5222;PA5223;PA5224;PA5225"
13086,2,"PA5226;PA5227"
13087,3,"PA5230;PA5231;PA5232"
13088,3,"PA5236;PA5237;PA5238"
13089,2,"PA5242;PA5243"
13090,2,"PA5245;PA5246"
13091,2,"PA5251;PA5252"
13092,4,"PA5257;PA5258;PA5259;PA5260"
13093,2,"PA5261;PA5262"
13094,2,"PA5265;PA5266"
13095,3,"PA5269;PA5270;PA5271"
13096,2,"PA5272;PA5273"
13097,6,"PA5276;PA5277;PA5278;PA5279;PA5280;PA5281"
13098,2,"PA5287;PA5288"
13099,2,"PA5289;PA5290"
13100,2,"PA5296;PA5297"
13101,2,"PA5303;PA5304"
13102,3,"PA5305;PA5306;PA5307"
13103,2,"PA5309;PA5310"
13104,2,"PA5313;PA5314"
13105,2,"PA5315;PA5316"
13106,2,"PA5317;PA5318"
13107,2,"PA5320;PA5321"
13108,2,"PA5322;PA5323"
13109,2,"PA5333;PA5334"
13110,2,"PA5335;PA5336"
13111,2,"PA5337;PA5338"
13112,2,"PA5339;PA5340"
13113,2,"PA5342;PA5343"
13114,2,"PA5344;PA5345"
13115,2,"PA5349;PA5350"
13116,4,"PA5352;PA5353;PA5354;PA5355"
13117,2,"PA5357;PA5358"
13118,3,"PA5360;PA5361;PA5362"
13119,4,"PA5365;PA5366;PA5367;PA5368"
13120,3,"PA5376;PA5377;PA5378"
13121,5,"PA5384;PA5385;PA5386;PA5387;PA5388"
13122,4,"PA5390;PA5391;PA5392;PA5393"
13123,3,"PA5397;PA5398;PA5399"
13124,2,"PA5400;PA5401"
13125,6,"PA5402;PA5403;PA5404;PA5405;PA5406;PA5407"
13126,2,"PA5408;PA5409"
13127,2,"PA5415;PA5416"
13128,2,"PA5417;PA5418"
13129,2,"PA5423;PA5424"
13130,2,"PA5425;PA5426"
13131,2,"PA5430;PA5431"
13132,2,"PA5432;PA5433"
13133,2,"PA5435;PA5436"
13134,2,"PA5439;PA5440"
13135,2,"PA5441;PA5442"
13136,2,"PA5443;PA5444"
13137,8,"PA5447;PA5448;PA5449;PA5450;PA5451;PA5452;PA5453;PA5454"
13138,5,"PA5455;PA5456;PA5457;PA5458;PA5459"
13139,3,"PA5462;PA5463;PA5464"
13140,2,"PA5466;PA5467"
13141,2,"PA5468;PA5469"
13142,2,"PA5470;PA5471"
13143,2,"PA5471.1;PA5472"
13144,2,"PA5478;PA5479"
13145,2,"PA5481;PA5482"
13146,2,"PA5483;PA5484"
13147,3,"PA5487;PA5488;PA5489"
13148,2,"PA5490;PA5491"
13149,2,"PA5494;PA5495"
13150,2,"PA5496;PA5497"
13151,3,"PA5499;PA5500;PA5501"
13152,3,"PA5503;PA5504;PA5505"
13153,3,"PA5506;PA5507;PA5508"
13154,2,"PA5511;PA5512"
13155,2,"PA5513;PA5514"
13156,2,"PA5517;PA5518"
13157,3,"PA5521;PA5522;PA5523"
13158,2,"PA5524;PA5525"
13159,3,"PA5534;PA5535;PA5536"
13160,3,"PA5539;PA5540;PA5541"
13161,3,"PA5543;PA5544;PA5545"
13162,2,"PA5549;PA5550"
13163,2,"PA5551;PA5552"
13164,9,"PA5553;PA5554;PA5555;PA5556;PA5557;PA5558;PA5559;PA5560;PA5561"
13165,4,"PA5562;PA5563;PA5564;PA5565"
13166,2,"PA5567;PA5568"
13167,2,"PA5569;PA5570"
1397338,1,"PA0143"
1397339,1,"PA0007"
1397340,1,"PA0010"
1397341,1,"PA0011"
1397342,1,"PA0012"
1397343,1,"PA0013"
1397344,1,"PA0014"
1397345,1,"PA0015"
1397346,1,"PA0019"
1397347,1,"PA0020"
1397348,1,"PA0023"
1397349,1,"PA0032"
1397350,1,"PA0037"
1397351,1,"PA0038"
1397352,1,"PA0039"
1397353,1,"PA0042"
1397354,1,"PA0043"
1397355,1,"PA0044"
1397356,1,"PA0047"
1397357,1,"PA0048"
1397358,1,"PA0049"
1397359,1,"PA0050"
1397360,1,"PA0051"
1397361,1,"PA0052"
1397362,1,"PA0053"
1397363,1,"PA0057"
1397364,1,"PA0058"
1397365,1,"PA0059"
1397366,1,"PA0060"
1397367,1,"PA0063"
1397368,1,"PA0069"
1397369,1,"PA0085"
1397370,1,"PA0102"
1397371,1,"PA0103"
1397372,1,"PA0104"
1397373,1,"PA0109"
1397374,1,"PA0115"
1397375,1,"PA0116"
1397376,1,"PA0121"
1397377,1,"PA0122"
1397378,1,"PA0123"
1397379,1,"PA0126"
1397380,1,"PA0127"
1397381,1,"PA0128"
1397382,1,"PA0129"
1397383,1,"PA0130"
1397384,1,"PA0133"
1397385,1,"PA0134"
1397386,1,"PA0135"
1397387,1,"PA0139"
1397388,1,"PA0140"
1397389,1,"PA0141"
1397390,1,"PA0142"
1397391,1,"PA0144"
1397392,1,"PA0145"
1397393,1,"PA0148"
1397394,1,"PA0151"
1397395,1,"PA0152"
1397396,1,"PA0155"
1397397,1,"PA0159"
1397398,1,"PA0160"
1397399,1,"PA0161"
1397400,1,"PA0162"
1397401,1,"PA0163"
1397402,1,"PA0164"
1397403,1,"PA0165"
1397404,1,"PA0166"
1397405,1,"PA0169"
1397406,1,"PA0180"
1397407,1,"PA0181"
1397408,1,"PA0182"
1397409,1,"PA0186"
1397410,1,"PA0189"
1397411,1,"PA0190"
1397412,1,"PA0191"
1397413,1,"PA0200"
1397414,1,"PA0201"
1397415,1,"PA0207"
1397416,1,"PA0217"
1397417,1,"PA0218"
1397418,1,"PA0222"
1397419,1,"PA0225"
1397420,1,"PA0233"
1397421,1,"PA0234"
1397422,1,"PA0235"
1397423,1,"PA0236"
1397424,1,"PA0239"
1397425,1,"PA0242"
1397426,1,"PA0243"
1397427,1,"PA0247"
1397428,1,"PA0248"
1397429,1,"PA0249"
1397430,1,"PA0250"
1397431,1,"PA0251"
1397432,1,"PA0252"
1397433,1,"PA0255"
1397434,1,"PA0256"
1397435,1,"PA0259"
1397436,1,"PA0263"
1397437,1,"PA0264"
1397438,1,"PA0265"
1397439,1,"PA0266"
1397440,1,"PA0267"
1397441,1,"PA0268"
1397442,1,"PA0274"
1397443,1,"PA0275"
1397444,1,"PA0276"
1397445,1,"PA0277"
1397446,1,"PA0278"
1397447,1,"PA0279"
1397448,1,"PA0283"
1397449,1,"PA0284"
1397450,1,"PA0285"
1397451,1,"PA0286"
1397452,1,"PA0290"
1397453,1,"PA0291"
1397454,1,"PA0294"
1397455,1,"PA0295"
1397456,1,"PA0296"
1397457,1,"PA0300"
1397458,1,"PA0305"
1397459,1,"PA0306"
1397460,1,"PA0307"
1397461,1,"PA0308"
1397462,1,"PA0309"
1397463,1,"PA0310"
1397464,1,"PA0311"
1397465,1,"PA0312"
1397466,1,"PA0315"
1397467,1,"PA0316"
1397468,1,"PA0327"
1397469,1,"PA0328"
1397470,1,"PA0329"
1397471,1,"PA0330"
1397472,1,"PA0331"
1397473,1,"PA0339"
1397474,1,"PA0342"
1397475,1,"PA0346"
1397476,1,"PA0347"
1397477,1,"PA0351"
1397478,1,"PA0352"
1397479,1,"PA0353"
1397480,1,"PA0358"
1397481,1,"PA0359"
1397482,1,"PA0360"
1397483,1,"PA0361"
1397484,1,"PA0362"
1397485,1,"PA0363"
1397486,1,"PA0364"
1397487,1,"PA0365"
1397488,1,"PA0366"
1397489,1,"PA0367"
1397490,1,"PA0376"
1397491,1,"PA0377"
1397492,1,"PA0378"
1397493,1,"PA0379"
1397494,1,"PA0382"
1397495,1,"PA0383"
1397496,1,"PA0395"
1397497,1,"PA0396"
1397498,1,"PA0397"
1397499,1,"PA0398"
1397500,1,"PA0417"
1397501,1,"PA0421"
1397502,1,"PA0424"
1397503,1,"PA0428"
1397504,1,"PA0429"
1397505,1,"PA0433"
1397506,1,"PA0436"
1397507,1,"PA0442"
1397508,1,"PA0445"
1397509,1,"PA0446"
1397510,1,"PA0447"
1397511,1,"PA0450"
1397512,1,"PA0453"
1397513,1,"PA0454"
1397514,1,"PA0455"
1397515,1,"PA0456"
1397516,1,"PA0457"
1397517,1,"PA0459"
1397518,1,"PA0460"
1397519,1,"PA0461"
1397520,1,"PA0462"
1397521,1,"PA0469"
1397522,1,"PA0470"
1397523,1,"PA0473"
1397524,1,"PA0476"
1397525,1,"PA0477"
1397526,1,"PA0478"
1397527,1,"PA0479"
1397528,1,"PA0482"
1397529,1,"PA0485"
1397530,1,"PA0488"
1397531,1,"PA0489"
1397532,1,"PA0492"
1397533,1,"PA0497"
1397534,1,"PA0505"
1397535,1,"PA0506"
1397536,1,"PA0507"
1397537,1,"PA0508"
1397538,1,"PA0526"
1397539,1,"PA0527"
1397540,1,"PA0528"
1397541,1,"PA0529"
1397542,1,"PA0532"
1397543,1,"PA0533"
1397544,1,"PA0538"
1397545,1,"PA0541"
1397546,1,"PA0542"
1397547,1,"PA0543"
1397548,1,"PA0544"
1397549,1,"PA0545"
1397550,1,"PA0550"
1397551,1,"PA0553"
1397552,1,"PA0554"
1397553,1,"PA0555"
1397554,1,"PA0556"
1397555,1,"PA0557"
1397556,1,"PA0558"
1397557,1,"PA0559"
1397558,1,"PA0562"
1397559,1,"PA0563"
1397560,1,"PA0564"
1397561,1,"PA0565"
1397562,1,"PA0566"
1397563,1,"PA0567"
1397564,1,"PA0572"
1397565,1,"PA0573"
1397566,1,"PA0574"
1397567,1,"PA0575"
1397568,1,"PA0576"
1397569,1,"PA0579"
1397570,1,"PA0580"
1397571,1,"PA0581"
1397572,1,"PA0599"
1397573,1,"PA0602"
1397574,1,"PA0610"
1397575,1,"PA0611"
1397576,1,"PA0641"
1397577,1,"PA0642"
1397578,1,"PA0652"
1397579,1,"PA0653"
1397580,1,"PA0654"
1397581,1,"PA0657"
1397582,1,"PA0665"
1397583,1,"PA0668"
1397584,1,"PA0672"
1397585,1,"PA0673"
1397586,1,"PA0676"
1397587,1,"PA0679"
1397588,1,"PA0680"
1397589,1,"PA0688"
1397590,1,"PA0689"
1397591,1,"PA0690"
1397592,1,"PA0691"
1397593,1,"PA0702"
1397594,1,"PA0705"
1397595,1,"PA0706"
1397596,1,"PA0707"
1397597,1,"PA0708"
1397598,1,"PA0713"
1397599,1,"PA0714"
1397600,1,"PA0715"
1397601,1,"PA0716"
1397602,1,"PA0729"
1397603,1,"PA0730"
1397604,1,"PA0731"
1397605,1,"PA0732"
1397606,1,"PA0737"
1397607,1,"PA0738"
1397608,1,"PA0739"
1397609,1,"PA0740"
1397610,1,"PA0741"
1397611,1,"PA0742"
1397612,1,"PA0743"
1397613,1,"PA0749"
1397614,1,"PA0750"
1397615,1,"PA0758"
1397616,1,"PA0759"
1397617,1,"PA0760"
1397618,1,"PA0761"
1397619,1,"PA0776"
1397620,1,"PA0777"
1397621,1,"PA0778"
1397622,1,"PA0779"
1397623,1,"PA0780"
1397624,1,"PA0781"
1397625,1,"PA0782"
1397626,1,"PA0783"
1397627,1,"PA0784"
1397628,1,"PA0788"
1397629,1,"PA0789"
1397630,1,"PA0790"
1397631,1,"PA0791"
1397632,1,"PA0792"
1397633,1,"PA0793"
1397634,1,"PA0798"
1397635,1,"PA0799"
1397636,1,"PA0805"
1397637,1,"PA0806"
1397638,1,"PA0807"
1397639,1,"PA0808"
1397640,1,"PA0809"
1397641,1,"PA0815"
1397642,1,"PA0816"
1397643,1,"PA0817"
1397644,1,"PA0818"
1397645,1,"PA0819"
1397646,1,"PA0820"
1397647,1,"PA0825"
1397648,1,"PA0826"
1397649,1,"PA0827"
1397650,1,"PA0828"
1397651,1,"PA0829"
1397652,1,"PA0830"
1397653,1,"PA0831"
1397654,1,"PA0832"
1397655,1,"PA0833"
1397656,1,"PA0834"
1397657,1,"PA0837"
1397658,1,"PA0838"
1397659,1,"PA0841"
1397660,1,"PA0842"
1397661,1,"PA0845"
1397662,1,"PA0848"
1397663,1,"PA0849"
1397664,1,"PA0850"
1397665,1,"PA0851"
1397666,1,"PA0852"
1397667,1,"PA0855"
1397668,1,"PA0863"
1397669,1,"PA0864"
1397670,1,"PA0865"
1397671,1,"PA0866"
1397672,1,"PA0867"
1397673,1,"PA0868"
1397674,1,"PA0869"
1397675,1,"PA0872"
1397676,1,"PA0873"
1397677,1,"PA0874"
1397678,1,"PA0875"
1397679,1,"PA0876"
1397680,1,"PA0877"
1397681,1,"PA0887"
1397682,1,"PA0888"
1397683,1,"PA0894"
1397684,1,"PA0895"
1397685,1,"PA0902"
1397686,1,"PA0905"
1397687,1,"PA0906"
1397688,1,"PA0907"
1397689,1,"PA0910"
1397690,1,"PA0911"
1397691,1,"PA0912"
1397692,1,"PA0913"
1397693,1,"PA0916"
1397694,1,"PA0917"
1397695,1,"PA0918"
1397696,1,"PA0921"
1397697,1,"PA0922"
1397698,1,"PA0923"
1397699,1,"PA0924"
1397700,1,"PA0925"
1397701,1,"PA0931"
1397702,1,"PA0936"
1397703,1,"PA0937"
1397704,1,"PA0938"
1397705,1,"PA0942"
1397706,1,"PA0946"
1397707,1,"PA0947"
1397708,1,"PA0951"
1397709,1,"PA0952"
1397710,1,"PA0957"
1397711,1,"PA0958"
1397712,1,"PA0961"
1397713,1,"PA0962"
1397714,1,"PA0977"
1397715,1,"PA0980"
1397716,1,"PA0981"
1397717,1,"PA0982"
1397718,1,"PA0983"
1397719,1,"PA0984"
1397720,1,"PA0985"
1397721,1,"PA0988"
1397722,1,"PA0989"
1397723,1,"PA0990"
1397724,1,"PA0991"
1397725,1,"PA0992"
1397726,1,"PA0993"
1397727,1,"PA0994"
1397728,1,"PA0995"
1397729,1,"PA1003"
1397730,1,"PA1004"
1397731,1,"PA1005"
1397732,1,"PA1014"
1397733,1,"PA1015"
1397734,1,"PA1016"
1397735,1,"PA1019"
1397736,1,"PA1026"
1397737,1,"PA1029"
1397738,1,"PA1030"
1397739,1,"PA1031"
1397740,1,"PA1032"
1397741,1,"PA1033"
1397742,1,"PA1036"
1397743,1,"PA1037"
1397744,1,"PA1041"
1397745,1,"PA1044"
1397746,1,"PA1045"
1397747,1,"PA1046"
1397748,1,"PA1047"
1397749,1,"PA1048"
1397750,1,"PA1053"
1397751,1,"PA1064"
1397752,1,"PA1065"
1397753,1,"PA1066"
1397754,1,"PA1074"
1397755,1,"PA1091"
1397756,1,"PA1092"
1397757,1,"PA1093"
1397758,1,"PA1094"
1397759,1,"PA1097"
1397760,1,"PA1106"
1397761,1,"PA1107"
1397762,1,"PA1108"
1397763,1,"PA1109"
1397764,1,"PA1110"
1397765,1,"PA1111"
1397766,1,"PA1112"
1397767,1,"PA1113"
1397768,1,"PA1114"
1397769,1,"PA1115"
1397770,1,"PA1116"
1397771,1,"PA1117"
1397772,1,"PA1118"
1397773,1,"PA1122"
1397774,1,"PA1123"
1397775,1,"PA1126"
1397776,1,"PA1127"
1397777,1,"PA1132"
1397778,1,"PA1133"
1397779,1,"PA1134"
1397780,1,"PA1135"
1397781,1,"PA1136"
1397782,1,"PA1137"
1397783,1,"PA1138"
1397784,1,"PA1139"
1397785,1,"PA1140"
1397786,1,"PA1141"
1397787,1,"PA1142"
1397788,1,"PA1145"
1397789,1,"PA1146"
1397790,1,"PA1147"
1397791,1,"PA1148"
1397792,1,"PA1149"
1397793,1,"PA1150"
1397794,1,"PA1151"
1397795,1,"PA1152"
1397796,1,"PA1153"
1397797,1,"PA1154"
1397798,1,"PA1155"
1397799,1,"PA1156"
1397800,1,"PA1157"
1397801,1,"PA1158"
1397802,1,"PA1159"
1397803,1,"PA1163"
1397804,1,"PA1164"
1397805,1,"PA1165"
1397806,1,"PA1166"
1397807,1,"PA1167"
1397808,1,"PA1168"
1397809,1,"PA1169"
1397810,1,"PA1170"
1397811,1,"PA1171"
1397812,1,"PA1178"
1397813,1,"PA1182"
1397814,1,"PA1183"
1397815,1,"PA1184"
1397816,1,"PA1189"
1397817,1,"PA1190"
1397818,1,"PA1191"
1397819,1,"PA1194"
1397820,1,"PA1195"
1397821,1,"PA1201"
1397822,1,"PA1202"
1397823,1,"PA1208"
1397824,1,"PA1209"
1397825,1,"PA1210"
1397826,1,"PA1222"
1397827,1,"PA1223"
1397828,1,"PA1224"
1397829,1,"PA1225"
1397830,1,"PA1226"
1397831,1,"PA1227"
1397832,1,"PA1228"
1397833,1,"PA1229"
1397834,1,"PA1234"
1397835,1,"PA1235"
1397836,1,"PA1241"
1397837,1,"PA1242"
1397838,1,"PA1243"
1397839,1,"PA1244"
1397840,1,"PA1245"
1397841,1,"PA1249"
1397842,1,"PA1250"
1397843,1,"PA1251"
1397844,1,"PA1252"
1397845,1,"PA1261"
1397846,1,"PA1262"
1397847,1,"PA1263"
1397848,1,"PA1264"
1397849,1,"PA1265"
1397850,1,"PA1266"
1397851,1,"PA1269"
1397852,1,"PA1270"
1397853,1,"PA1282"
1397854,1,"PA1283"
1397855,1,"PA1284"
1397856,1,"PA1285"
1397857,1,"PA1286"
1397858,1,"PA1287"
1397859,1,"PA1288"
1397860,1,"PA1289"
1397861,1,"PA1290"
1397862,1,"PA1291"
1397863,1,"PA1292"
1397864,1,"PA1293"
1397865,1,"PA1296"
1397866,1,"PA1297"
1397867,1,"PA1302"
1397868,1,"PA1309"
1397869,1,"PA1312"
1397870,1,"PA1315"
1397871,1,"PA1316"
1397872,1,"PA1322"
1397873,1,"PA1327"
1397874,1,"PA1328"
1397875,1,"PA1331"
1397876,1,"PA1332"
1397877,1,"PA1333"
1397878,1,"PA1334"
1397879,1,"PA1338"
1397880,1,"PA1342"
1397881,1,"PA1343"
1397882,1,"PA1344"
1397883,1,"PA1345"
1397884,1,"PA1346"
1397885,1,"PA1347"
1397886,1,"PA1348"
1397887,1,"PA1349"
1397888,1,"PA1352"
1397889,1,"PA1357"
1397890,1,"PA1360"
1397891,1,"PA1361"
1397892,1,"PA1362"
1397893,1,"PA1365"
1397894,1,"PA1366"
1397895,1,"PA1367"
1397896,1,"PA1368"
1397897,1,"PA1369"
1397898,1,"PA1370"
1397899,1,"PA1373"
1397900,1,"PA1374"
1397901,1,"PA1375"
1397902,1,"PA1376"
1397903,1,"PA1377"
1397904,1,"PA1378"
1397905,1,"PA1379"
1397906,1,"PA1380"
1397907,1,"PA1383"
1397908,1,"PA1389"
1397909,1,"PA1392"
1397910,1,"PA1393"
1397911,1,"PA1396"
1397912,1,"PA1397"
1397913,1,"PA1398"
1397914,1,"PA1399"
1397915,1,"PA1400"
1397916,1,"PA1403"
1397917,1,"PA1404"
1397918,1,"PA1405"
1397919,1,"PA1408"
1397920,1,"PA1411"
1397921,1,"PA1412"
1397922,1,"PA1415"
1397923,1,"PA1422"
1397924,1,"PA1423"
1397925,1,"PA1424"
1397926,1,"PA1427"
1397927,1,"PA1428"
1397928,1,"PA1429"
1397929,1,"PA1430"
1397930,1,"PA1431"
1397931,1,"PA1432"
1397932,1,"PA1441"
1397933,1,"PA1466"
1397934,1,"PA1467"
1397935,1,"PA1470"
1397936,1,"PA1471"
1397937,1,"PA1472"
1397938,1,"PA1484"
1397939,1,"PA1490"
1397940,1,"PA1493"
1397941,1,"PA1494"
1397942,1,"PA1497"
1397943,1,"PA1502"
1397944,1,"PA1503"
1397945,1,"PA1504"
1397946,1,"PA1505"
1397947,1,"PA1506"
1397948,1,"PA1507"
1397949,1,"PA1512"
1397950,1,"PA1518"
1397951,1,"PA1519"
1397952,1,"PA1520"
1397953,1,"PA1521"
1397954,1,"PA1525"
1397955,1,"PA1528"
1397956,1,"PA1531"
1397957,1,"PA1535"
1397958,1,"PA1536"
1397959,1,"PA1539"
1397960,1,"PA1542"
1397961,1,"PA1545"
1397962,1,"PA1546"
1397963,1,"PA1558"
1397964,1,"PA1561"
1397965,1,"PA1562"
1397966,1,"PA1563"
1397967,1,"PA1564"
1397968,1,"PA1565"
1397969,1,"PA1566"
1397970,1,"PA1569"
1397971,1,"PA1570"
1397972,1,"PA1571"
1397973,1,"PA1574"
1397974,1,"PA1575"
1397975,1,"PA1576"
1397976,1,"PA1577"
1397977,1,"PA1578"
1397978,1,"PA1579"
1397979,1,"PA1580"
1397980,1,"PA1590"
1397981,1,"PA1591"
1397982,1,"PA1592"
1397983,1,"PA1598"
1397984,1,"PA1599"
1397985,1,"PA1605"
1397986,1,"PA1606"
1397987,1,"PA1607"
1397988,1,"PA1608"
1397989,1,"PA1613"
1397990,1,"PA1620"
1397991,1,"PA1625"
1397992,1,"PA1639"
1397993,1,"PA1640"
1397994,1,"PA1641"
1397995,1,"PA1644"
1397996,1,"PA1645"
1397997,1,"PA1646"
1397998,1,"PA1647"
1397999,1,"PA1648"
1398000,1,"PA1649"
1398001,1,"PA1650"
1398002,1,"PA1651"
1398003,1,"PA1652"
1398004,1,"PA1653"
1398005,1,"PA1660"
1398006,1,"PA1672"
1398007,1,"PA1673"
1398008,1,"PA1677"
1398009,1,"PA1678"
1398010,1,"PA1679"
1398011,1,"PA1680"
1398012,1,"PA1686"
1398013,1,"PA1687"
1398014,1,"PA1713"
1398015,1,"PA1726"
1398016,1,"PA1727"
1398017,1,"PA1728"
1398018,1,"PA1729"
1398019,1,"PA1733"
1398020,1,"PA1734"
1398021,1,"PA1735"
1398022,1,"PA1738"
1398023,1,"PA1741"
1398024,1,"PA1742"
1398025,1,"PA1745"
1398026,1,"PA1746"
1398027,1,"PA1747"
1398028,1,"PA1748"
1398029,1,"PA1749"
1398030,1,"PA1750"
1398031,1,"PA1753"
1398032,1,"PA1754"
1398033,1,"PA1755"
1398034,1,"PA1756"
1398035,1,"PA1757"
1398036,1,"PA1758"
1398037,1,"PA1761"
1398038,1,"PA1762"
1398039,1,"PA1769"
1398040,1,"PA1770"
1398041,1,"PA1771"
1398042,1,"PA1772"
1398043,1,"PA1776"
1398044,1,"PA1777"
1398045,1,"PA1784"
1398046,1,"PA1787"
1398047,1,"PA1788"
1398048,1,"PA1789"
1398049,1,"PA1790"
1398050,1,"PA1791"
1398051,1,"PA1796"
1398052,1,"PA1797"
1398053,1,"PA1803"
1398054,1,"PA1804"
1398055,1,"PA1805"
1398056,1,"PA1812"
1398057,1,"PA1813"
1398058,1,"PA1817"
1398059,1,"PA1820"
1398060,1,"PA1821"
1398061,1,"PA1824"
1398062,1,"PA1825"
1398063,1,"PA1826"
1398064,1,"PA1827"
1398065,1,"PA1830"
1398066,1,"PA1831"
1398067,1,"PA1834"
1398068,1,"PA1835"
1398069,1,"PA1836"
1398070,1,"PA1839"
1398071,1,"PA1844"
1398072,1,"PA1845"
1398073,1,"PA1846"
1398074,1,"PA1847"
1398075,1,"PA1851"
1398076,1,"PA1852"
1398077,1,"PA1853"
1398078,1,"PA1854"
1398079,1,"PA1857"
1398080,1,"PA1860"
1398081,1,"PA1864"
1398082,1,"PA1869"
1398083,1,"PA1870"
1398084,1,"PA1871"
1398085,1,"PA1878"
1398086,1,"PA1879"
1398087,1,"PA1884"
1398088,1,"PA1889"
1398089,1,"PA1890"
1398090,1,"PA1898"
1398091,1,"PA1899"
1398092,1,"PA1913"
1398093,1,"PA1914"
1398094,1,"PA1919"
1398095,1,"PA1920"
1398096,1,"PA1921"
1398097,1,"PA1926"
1398098,1,"PA1927"
1398099,1,"PA1930"
1398100,1,"PA1934"
1398101,1,"PA1935"
1398102,1,"PA1936"
1398103,1,"PA1939"
1398104,1,"PA1940"
1398105,1,"PA1941"
1398106,1,"PA1942"
1398107,1,"PA1943"
1398108,1,"PA1944"
1398109,1,"PA1945"
1398110,1,"PA1951"
1398111,1,"PA1959"
1398112,1,"PA1960"
1398113,1,"PA1961"
1398114,1,"PA1962"
1398115,1,"PA1963"
1398116,1,"PA1964"
1398117,1,"PA1965"
1398118,1,"PA1966"
1398119,1,"PA1967"
1398120,1,"PA1968"
1398121,1,"PA1969"
1398122,1,"PA1970"
1398123,1,"PA1971"
1398124,1,"PA1972"
1398125,1,"PA1973"
1398126,1,"PA1974"
1398127,1,"PA1983"
1398128,1,"PA1984"
1398129,1,"PA1993"
1398130,1,"PA2001"
1398131,1,"PA2002"
1398132,1,"PA2003"
1398133,1,"PA2004"
1398134,1,"PA2010"
1398135,1,"PA2016"
1398136,1,"PA2017"
1398137,1,"PA2020"
1398138,1,"PA2021"
1398139,1,"PA2024"
1398140,1,"PA2025"
1398141,1,"PA2026"
1398142,1,"PA2027"
1398143,1,"PA2032"
1398144,1,"PA2035"
1398145,1,"PA2036"
1398146,1,"PA2037"
1398147,1,"PA2040"
1398148,1,"PA2041"
1398149,1,"PA2042"
1398150,1,"PA2043"
1398151,1,"PA2044"
1398152,1,"PA2047"
1398153,1,"PA2048"
1398154,1,"PA2049"
1398155,1,"PA2054"
1398156,1,"PA2055"
1398157,1,"PA2056"
1398158,1,"PA2062"
1398159,1,"PA2063"
1398160,1,"PA2070"
1398161,1,"PA2071"
1398162,1,"PA2072"
1398163,1,"PA2075"
1398164,1,"PA2076"
1398165,1,"PA2077"
1398166,1,"PA2078"
1398167,1,"PA2079"
1398168,1,"PA2082"
1398169,1,"PA2083"
1398170,1,"PA2095"
1398171,1,"PA2096"
1398172,1,"PA2100"
1398173,1,"PA2107"
1398174,1,"PA2108"
1398175,1,"PA2109"
1398176,1,"PA2115"
1398177,1,"PA2116"
1398178,1,"PA2117"
1398179,1,"PA2118"
1398180,1,"PA2119"
1398181,1,"PA2120"
1398182,1,"PA2121"
1398183,1,"PA2126"
1398184,1,"PA2127"
1398185,1,"PA2128"
1398186,1,"PA2136"
1398187,1,"PA2139"
1398188,1,"PA2145"
1398189,1,"PA2146"
1398190,1,"PA2147"
1398191,1,"PA2166"
1398192,1,"PA2174"
1398193,1,"PA2177"
1398194,1,"PA2178"
1398195,1,"PA2181"
1398196,1,"PA2182"
1398197,1,"PA2185"
1398198,1,"PA2186"
1398199,1,"PA2187"
1398200,1,"PA2188"
1398201,1,"PA2189"
1398202,1,"PA2190"
1398203,1,"PA2191"
1398204,1,"PA2192"
1398205,1,"PA2196"
1398206,1,"PA2201"
1398207,1,"PA2204"
1398208,1,"PA2205"
1398209,1,"PA2206"
1398210,1,"PA2213"
1398211,1,"PA2217"
1398212,1,"PA2220"
1398213,1,"PA2221"
1398214,1,"PA2224"
1398215,1,"PA2225"
1398216,1,"PA2228"
1398217,1,"PA2242"
1398218,1,"PA2246"
1398219,1,"PA2251"
1398220,1,"PA2258"
1398221,1,"PA2267"
1398222,1,"PA2268"
1398223,1,"PA2269"
1398224,1,"PA2272"
1398225,1,"PA2273"
1398226,1,"PA2274"
1398227,1,"PA2275"
1398228,1,"PA2276"
1398229,1,"PA2281"
1398230,1,"PA2288"
1398231,1,"PA2289"
1398232,1,"PA2290"
1398233,1,"PA2291"
1398234,1,"PA2300"
1398235,1,"PA2306"
1398236,1,"PA2313"
1398237,1,"PA2316"
1398238,1,"PA2319"
1398239,1,"PA2320"
1398240,1,"PA2323"
1398241,1,"PA2326"
1398242,1,"PA2332"
1398243,1,"PA2333"
1398244,1,"PA2334"
1398245,1,"PA2337"
1398246,1,"PA2345"
1398247,1,"PA2352"
1398248,1,"PA2353"
1398249,1,"PA2358"
1398250,1,"PA2359"
1398251,1,"PA2375"
1398252,1,"PA2376"
1398253,1,"PA2377"
1398254,1,"PA2380"
1398255,1,"PA2381"
1398256,1,"PA2385"
1398257,1,"PA2386"
1398258,1,"PA2387"
1398259,1,"PA2388"
1398260,1,"PA2392"
1398261,1,"PA2396"
1398262,1,"PA2397"
1398263,1,"PA2398"
1398264,1,"PA2416"
1398265,1,"PA2417"
1398266,1,"PA2422"
1398267,1,"PA2423"
1398268,1,"PA2426"
1398269,1,"PA2427"
1398270,1,"PA2428"
1398271,1,"PA2429"
1398272,1,"PA2430"
1398273,1,"PA2431"
1398274,1,"PA2432"
1398275,1,"PA2433"
1398276,1,"PA2442"
1398277,1,"PA2447"
1398278,1,"PA2448"
1398279,1,"PA2449"
1398280,1,"PA2450"
1398281,1,"PA2451"
1398282,1,"PA2452"
1398283,1,"PA2456"
1398284,1,"PA2457"
1398285,1,"PA2458"
1398286,1,"PA2459"
1398287,1,"PA2460"
1398288,1,"PA2461"
1398289,1,"PA2466"
1398290,1,"PA2475"
1398291,1,"PA2483"
1398292,1,"PA2484"
1398293,1,"PA2487"
1398294,1,"PA2491"
1398295,1,"PA2492"
1398296,1,"PA2501"
1398297,1,"PA2502"
1398298,1,"PA2503"
1398299,1,"PA2504"
1398300,1,"PA2505"
1398301,1,"PA2506"
1398302,1,"PA2510"
1398303,1,"PA2511"
1398304,1,"PA2519"
1398305,1,"PA2531"
1398306,1,"PA2532"
1398307,1,"PA2533"
1398308,1,"PA2534"
1398309,1,"PA2535"
1398310,1,"PA2541"
1398311,1,"PA2544"
1398312,1,"PA2545"
1398313,1,"PA2546"
1398314,1,"PA2547"
1398315,1,"PA2548"
1398316,1,"PA2549"
1398317,1,"PA2550"
1398318,1,"PA2551"
1398319,1,"PA2558"
1398320,1,"PA2559"
1398321,1,"PA2560"
1398322,1,"PA2561"
1398323,1,"PA2562"
1398324,1,"PA2563"
1398325,1,"PA2567"
1398326,1,"PA2568"
1398327,1,"PA2569"
1398328,1,"PA2570"
1398329,1,"PA2571"
1398330,1,"PA2572"
1398331,1,"PA2573"
1398332,1,"PA2574"
1398333,1,"PA2575"
1398334,1,"PA2576"
1398335,1,"PA2579"
1398336,1,"PA2580"
1398337,1,"PA2581"
1398338,1,"PA2582"
1398339,1,"PA2583"
1398340,1,"PA2587"
1398341,1,"PA2588"
1398342,1,"PA2591"
1398343,1,"PA2592"
1398344,1,"PA2593"
1398345,1,"PA2594"
1398346,1,"PA2601"
1398347,1,"PA2604"
1398348,1,"PA2610"
1398349,1,"PA2618"
1398350,1,"PA2619"
1398351,1,"PA2622"
1398352,1,"PA2623"
1398353,1,"PA2624"
1398354,1,"PA2629"
1398355,1,"PA2634"
1398356,1,"PA2650"
1398357,1,"PA2651"
1398358,1,"PA2652"
1398359,1,"PA2653"
1398360,1,"PA2654"
1398361,1,"PA2655"
1398362,1,"PA2664"
1398363,1,"PA2665"
1398364,1,"PA2666"
1398365,1,"PA2667"
1398366,1,"PA2668"
1398367,1,"PA2679"
1398368,1,"PA2682"
1398369,1,"PA2683"
1398370,1,"PA2690"
1398371,1,"PA2691"
1398372,1,"PA2692"
1398373,1,"PA2693"
1398374,1,"PA2694"
1398375,1,"PA2695"
1398376,1,"PA2696"
1398377,1,"PA2704"
1398378,1,"PA2708"
1398379,1,"PA2711"
1398380,1,"PA2712"
1398381,1,"PA2713"
1398382,1,"PA2716"
1398383,1,"PA2717"
1398384,1,"PA2718"
1398385,1,"PA2719"
1398386,1,"PA2720"
1398387,1,"PA2721"
1398388,1,"PA2724"
1398389,1,"PA2730"
1398390,1,"PA2731"
1398391,1,"PA2734"
1398392,1,"PA2735"
1398393,1,"PA2736"
1398394,1,"PA2737"
1398395,1,"PA2745"
1398396,1,"PA2746"
1398397,1,"PA2747"
1398398,1,"PA2748"
1398399,1,"PA2751"
1398400,1,"PA2752"
1398401,1,"PA2753"
1398402,1,"PA2754"
1398403,1,"PA2755"
1398404,1,"PA2756"
1398405,1,"PA2757"
1398406,1,"PA2758"
1398407,1,"PA2759"
1398408,1,"PA2760"
1398409,1,"PA2761"
1398410,1,"PA2762"
1398411,1,"PA2763"
1398412,1,"PA2764"
1398413,1,"PA2765"
1398414,1,"PA2766"
1398415,1,"PA2771"
1398416,1,"PA2772"
1398417,1,"PA2773"
1398418,1,"PA2776"
1398419,1,"PA2777"
1398420,1,"PA2778"
1398421,1,"PA2779"
1398422,1,"PA2782"
1398423,1,"PA2783"
1398424,1,"PA2786"
1398425,1,"PA2787"
1398426,1,"PA2788"
1398427,1,"PA2789"
1398428,1,"PA2790"
1398429,1,"PA2791"
1398430,1,"PA2792"
1398431,1,"PA2793"
1398432,1,"PA2794"
1398433,1,"PA2799"
1398434,1,"PA2800"
1398435,1,"PA2801"
1398436,1,"PA2802"
1398437,1,"PA2805"
1398438,1,"PA2806"
1398439,1,"PA2807"
1398440,1,"PA2808"
1398441,1,"PA2814"
1398442,1,"PA2817"
1398443,1,"PA2818"
1398444,1,"PA2819"
1398445,1,"PA2820"
1398446,1,"PA2821"
1398447,1,"PA2824"
1398448,1,"PA2827"
1398449,1,"PA2830"
1398450,1,"PA2831"
1398451,1,"PA2832"
1398452,1,"PA2833"
1398453,1,"PA2834"
1398454,1,"PA2839"
1398455,1,"PA2840"
1398456,1,"PA2841"
1398457,1,"PA2842"
1398458,1,"PA2843"
1398459,1,"PA2844"
1398460,1,"PA2845"
1398461,1,"PA2846"
1398462,1,"PA2847"
1398463,1,"PA2850"
1398464,1,"PA2851"
1398465,1,"PA2852"
1398466,1,"PA2853"
1398467,1,"PA2854"
1398468,1,"PA2860"
1398469,1,"PA2861"
1398470,1,"PA2862"
1398471,1,"PA2863"
1398472,1,"PA2864"
1398473,1,"PA2865"
1398474,1,"PA2866"
1398475,1,"PA2867"
1398476,1,"PA2868"
1398477,1,"PA2871"
1398478,1,"PA2878"
1398479,1,"PA2879"
1398480,1,"PA2880"
1398481,1,"PA2883"
1398482,1,"PA2884"
1398483,1,"PA2885"
1398484,1,"PA2893"
1398485,1,"PA2894"
1398486,1,"PA2897"
1398487,1,"PA2898"
1398488,1,"PA2899"
1398489,1,"PA2910"
1398490,1,"PA2915"
1398491,1,"PA2920"
1398492,1,"PA2921"
1398493,1,"PA2927"
1398494,1,"PA2928"
1398495,1,"PA2929"
1398496,1,"PA2930"
1398497,1,"PA2931"
1398498,1,"PA2935"
1398499,1,"PA2936"
1398500,1,"PA2937"
1398501,1,"PA2938"
1398502,1,"PA2939"
1398503,1,"PA2940"
1398504,1,"PA2943"
1398505,1,"PA2946"
1398506,1,"PA2949"
1398507,1,"PA2950"
1398508,1,"PA2953"
1398509,1,"PA2956"
1398510,1,"PA2957"
1398511,1,"PA2958"
1398512,1,"PA2966"
1398513,1,"PA2972"
1398514,1,"PA2976"
1398515,1,"PA2984"
1398516,1,"PA2985"
1398517,1,"PA2989"
1398518,1,"PA2990"
1398519,1,"PA2991"
1398520,1,"PA3000"
1398521,1,"PA3001"
1398522,1,"PA3006"
1398523,1,"PA3009"
1398524,1,"PA3010"
1398525,1,"PA3011"
1398526,1,"PA3012"
1398527,1,"PA3015"
1398528,1,"PA3016"
1398529,1,"PA3017"
1398530,1,"PA3018"
1398531,1,"PA3019"
1398532,1,"PA3022"
1398533,1,"PA3023"
1398534,1,"PA3027"
1398535,1,"PA3030"
1398536,1,"PA3031"
1398537,1,"PA3032"
1398538,1,"PA3038"
1398539,1,"PA3039"
1398540,1,"PA3043"
1398541,1,"PA3046"
1398542,1,"PA3047"
1398543,1,"PA3048"
1398544,1,"PA3049"
1398545,1,"PA3050"
1398546,1,"PA3051"
1398547,1,"PA3052"
1398548,1,"PA3053"
1398549,1,"PA3054"
1398550,1,"PA3057"
1398551,1,"PA3068"
1398552,1,"PA3069"
1398553,1,"PA3091"
1398554,1,"PA3092"
1398555,1,"PA3109"
1398556,1,"PA3122"
1398557,1,"PA3123"
1398558,1,"PA3124"
1398559,1,"PA3125"
1398560,1,"PA3126"
1398561,1,"PA3129"
1398562,1,"PA3138"
1398563,1,"PA3139"
1398564,1,"PA3140"
1398565,1,"PA3141"
1398566,1,"PA3159"
1398567,1,"PA3160"
1398568,1,"PA3161"
1398569,1,"PA3162"
1398570,1,"PA3163"
1398571,1,"PA3168"
1398572,1,"PA3169"
1398573,1,"PA3170"
1398574,1,"PA3177"
1398575,1,"PA3178"
1398576,1,"PA3179"
1398577,1,"PA3180"
1398578,1,"PA3184"
1398579,1,"PA3185"
1398580,1,"PA3194"
1398581,1,"PA3195"
1398582,1,"PA3196"
1398583,1,"PA3197"
1398584,1,"PA3198"
1398585,1,"PA3205"
1398586,1,"PA3215"
1398587,1,"PA3216"
1398588,1,"PA3217"
1398589,1,"PA3218"
1398590,1,"PA3219"
1398591,1,"PA3223"
1398592,1,"PA3224"
1398593,1,"PA3229"
1398594,1,"PA3230"
1398595,1,"PA3231"
1398596,1,"PA3236"
1398597,1,"PA3237"
1398598,1,"PA3240"
1398599,1,"PA3243"
1398600,1,"PA3246"
1398601,1,"PA3247"
1398602,1,"PA3248"
1398603,1,"PA3249"
1398604,1,"PA3256"
1398605,1,"PA3259"
1398606,1,"PA3260"
1398607,1,"PA3261"
1398608,1,"PA3262"
1398609,1,"PA3263"
1398610,1,"PA3264"
1398611,1,"PA3265"
1398612,1,"PA3266"
1398613,1,"PA3267"
1398614,1,"PA3268"
1398615,1,"PA3271"
1398616,1,"PA3272"
1398617,1,"PA3273"
1398618,1,"PA3274"
1398619,1,"PA3277"
1398620,1,"PA3278"
1398621,1,"PA3279"
1398622,1,"PA3280"
1398623,1,"PA3287"
1398624,1,"PA3288"
1398625,1,"PA3289"
1398626,1,"PA3290"
1398627,1,"PA3291"
1398628,1,"PA3295"
1398629,1,"PA3296"
1398630,1,"PA3297"
1398631,1,"PA3300"
1398632,1,"PA3303"
1398633,1,"PA3304"
1398634,1,"PA3305"
1398635,1,"PA3308"
1398636,1,"PA3309"
1398637,1,"PA3310"
1398638,1,"PA3311"
1398639,1,"PA3312"
1398640,1,"PA3317"
1398641,1,"PA3318"
1398642,1,"PA3319"
1398643,1,"PA3320"
1398644,1,"PA3321"
1398645,1,"PA3322"
1398646,1,"PA3326"
1398647,1,"PA3335"
1398648,1,"PA3336"
1398649,1,"PA3337"
1398650,1,"PA3338"
1398651,1,"PA3339"
1398652,1,"PA3340"
1398653,1,"PA3341"
1398654,1,"PA3342"
1398655,1,"PA3343"
1398656,1,"PA3344"
1398657,1,"PA3345"
1398658,1,"PA3350"
1398659,1,"PA3356"
1398660,1,"PA3361"
1398661,1,"PA3367"
1398662,1,"PA3368"
1398663,1,"PA3369"
1398664,1,"PA3385"
1398665,1,"PA3386"
1398666,1,"PA3390"
1398667,1,"PA3389"
1398668,1,"PA3397"
1398669,1,"PA3398"
1398670,1,"PA3399"
1398671,1,"PA3403"
1398672,1,"PA3407"
1398673,1,"PA3408"
1398674,1,"PA3409"
1398675,1,"PA3410"
1398676,1,"PA3411"
1398677,1,"PA3412"
1398678,1,"PA3418"
1398679,1,"PA3419"
1398680,1,"PA3420"
1398681,1,"PA3421"
1398682,1,"PA3422"
1398683,1,"PA3423"
1398684,1,"PA3426"
1398685,1,"PA3427"
1398686,1,"PA3428"
1398687,1,"PA3433"
1398688,1,"PA3434"
1398689,1,"PA3435"
1398690,1,"PA3436"
1398691,1,"PA3440"
1398692,1,"PA3446"
1398693,1,"PA3450"
1398694,1,"PA3451"
1398695,1,"PA3452"
1398696,1,"PA3453"
1398697,1,"PA3454"
1398698,1,"PA3455"
1398699,1,"PA3456"
1398700,1,"PA3457"
1398701,1,"PA3458"
1398702,1,"PA3462"
1398703,1,"PA3463"
1398704,1,"PA3464"
1398705,1,"PA3465"
1398706,1,"PA3466"
1398707,1,"PA3467"
1398708,1,"PA3471"
1398709,1,"PA3472"
1398710,1,"PA3475"
1398711,1,"PA3476"
1398712,1,"PA3477"
1398713,1,"PA3480"
1398714,1,"PA3481"
1398715,1,"PA3488"
1398716,1,"PA3496"
1398717,1,"PA3497"
1398718,1,"PA3520"
1398719,1,"PA3524"
1398720,1,"PA3525"
1398721,1,"PA3526"
1398722,1,"PA3529"
1398723,1,"PA3530"
1398724,1,"PA3531"
1398725,1,"PA3532"
1398726,1,"PA3533"
1398727,1,"PA3534"
1398728,1,"PA3535"
1398729,1,"PA3536"
1398730,1,"PA3539"
1398731,1,"PA3540"
1398732,1,"PA3541"
1398733,1,"PA3550"
1398734,1,"PA3551"
1398735,1,"PA3565"
1398736,1,"PA3568"
1398737,1,"PA3571"
1398738,1,"PA3572"
1398739,1,"PA3573"
1398740,1,"PA3574"
1398741,1,"PA3575"
1398742,1,"PA3576"
1398743,1,"PA3577"
1398744,1,"PA3578"
1398745,1,"PA3583"
1398746,1,"PA3584"
1398747,1,"PA3585"
1398748,1,"PA3586"
1398749,1,"PA3587"
1398750,1,"PA3594"
1398751,1,"PA3595"
1398752,1,"PA3598"
1398753,1,"PA3599"
1398754,1,"PA3602"
1398755,1,"PA3603"
1398756,1,"PA3604"
1398757,1,"PA3605"
1398758,1,"PA3606"
1398759,1,"PA3613"
1398760,1,"PA3618"
1398761,1,"PA3619"
1398762,1,"PA3622"
1398763,1,"PA3630"
1398764,1,"PA3640"
1398765,1,"PA3641"
1398766,1,"PA3655"
1398767,1,"PA3656"
1398768,1,"PA3657"
1398769,1,"PA3660"
1398770,1,"PA3661"
1398771,1,"PA3662"
1398772,1,"PA3663"
1398773,1,"PA3673"
1398774,1,"PA3674"
1398775,1,"PA3675"
1398776,1,"PA3678"
1398777,1,"PA3685"
1398778,1,"PA3686"
1398779,1,"PA3687"
1398780,1,"PA3688"
1398781,1,"PA3689"
1398782,1,"PA3690"
1398783,1,"PA3691"
1398784,1,"PA3692"
1398785,1,"PA3699"
1398786,1,"PA3700"
1398787,1,"PA3702"
1398788,1,"PA3709"
1398789,1,"PA3710"
1398790,1,"PA3711"
1398791,1,"PA3712"
1398792,1,"PA3713"
1398793,1,"PA3714"
1398794,1,"PA3715"
1398795,1,"PA3716"
1398796,1,"PA3717"
1398797,1,"PA3718"
1398798,1,"PA3721"
1398799,1,"PA3722"
1398800,1,"PA3723"
1398801,1,"PA3724"
1398802,1,"PA3733"
1398803,1,"PA3734"
1398804,1,"PA3737"
1398805,1,"PA3738"
1398806,1,"PA3739"
1398807,1,"PA3740"
1398808,1,"PA3741"
1398809,1,"PA3746"
1398810,1,"PA3749"
1398811,1,"PA3755"
1398812,1,"PA3756"
1398813,1,"PA3762"
1398814,1,"PA3763"
1398815,1,"PA3764"
1398816,1,"PA3765"
1398817,1,"PA3766"
1398818,1,"PA3771"
1398819,1,"PA3775"
1398820,1,"PA3779"
1398821,1,"PA3782"
1398822,1,"PA3783"
1398823,1,"PA3786"
1398824,1,"PA3787"
1398825,1,"PA3788"
1398826,1,"PA3791"
1398827,1,"PA3795"
1398828,1,"PA3796"
1398829,1,"PA3818"
1398830,1,"PA3819"
1398831,1,"PA3825"
1398832,1,"PA3826"
1398833,1,"PA3834"
1398834,1,"PA3835"
1398835,1,"PA3839"
1398836,1,"PA3840"
1398837,1,"PA3841"
1398838,1,"PA3844"
1398839,1,"PA3845"
1398840,1,"PA3846"
1398841,1,"PA3847"
1398842,1,"PA3848"
1398843,1,"PA3849"
1398844,1,"PA3850"
1398845,1,"PA3856"
1398846,1,"PA3857"
1398847,1,"PA3858"
1398848,1,"PA3859"
1398849,1,"PA3860"
1398850,1,"PA3865"
1398851,1,"PA3866"
1398852,1,"PA3867"
1398853,1,"PA3868"
1398854,1,"PA3869"
1398855,1,"PA3880"
1398856,1,"PA3885"
1398857,1,"PA3886"
1398858,1,"PA3887"
1398859,1,"PA3892"
1398860,1,"PA3897"
1398861,1,"PA3898"
1398862,1,"PA3901"
1398863,1,"PA3902"
1398864,1,"PA3903"
1398865,1,"PA3919"
1398866,1,"PA3920"
1398867,1,"PA3921"
1398868,1,"PA3924"
1398869,1,"PA3925"
1398870,1,"PA3926"
1398871,1,"PA3927"
1398872,1,"PA3931"
1398873,1,"PA3932"
1398874,1,"PA3933"
1398875,1,"PA3934"
1398876,1,"PA3939"
1398877,1,"PA3940"
1398878,1,"PA3948"
1398879,1,"PA3949"
1398880,1,"PA3950"
1398881,1,"PA3951"
1398882,1,"PA3952"
1398883,1,"PA3953"
1398884,1,"PA3954"
1398885,1,"PA3955"
1398886,1,"PA3956"
1398887,1,"PA3957"
1398888,1,"PA3958"
1398889,1,"PA3961"
1398890,1,"PA3962"
1398891,1,"PA3965"
1398892,1,"PA3966"
1398893,1,"PA3967"
1398894,1,"PA3968"
1398895,1,"PA3969"
1398896,1,"PA3974"
1398897,1,"PA3978"
1398898,1,"PA3979"
1398899,1,"PA3980"
1398900,1,"PA3984"
1398901,1,"PA3985"
1398902,1,"PA3986"
1398903,1,"PA3987"
1398904,1,"PA3990"
1398905,1,"PA3991"
1398906,1,"PA3992"
1398907,1,"PA3993"
1398908,1,"PA3994"
1398909,1,"PA3995"
1398910,1,"PA4008"
1398911,1,"PA4009"
1398912,1,"PA4015"
1398913,1,"PA4016"
1398914,1,"PA4017"
1398915,1,"PA4021"
1398916,1,"PA4022"
1398917,1,"PA4028"
1398918,1,"PA4031"
1398919,1,"PA4032"
1398920,1,"PA4033"
1398921,1,"PA4034"
1398922,1,"PA4041"
1398923,1,"PA4061"
1398924,1,"PA4062"
1398925,1,"PA4063"
1398926,1,"PA4067"
1398927,1,"PA4070"
1398928,1,"PA4073"
1398929,1,"PA4074"
1398930,1,"PA4075"
1398931,1,"PA4080"
1398932,1,"PA4081"
1398933,1,"PA4082"
1398934,1,"PA4090"
1398935,1,"PA4099"
1398936,1,"PA4100"
1398937,1,"PA4107"
1398938,1,"PA4108"
1398939,1,"PA4109"
1398940,1,"PA4112"
1398941,1,"PA4113"
1398942,1,"PA4114"
1398943,1,"PA4115"
1398944,1,"PA4118"
1398945,1,"PA4119"
1398946,1,"PA4120"
1398947,1,"PA4131"
1398948,1,"PA4132"
1398949,1,"PA4133"
1398950,1,"PA4134"
1398951,1,"PA4135"
1398952,1,"PA4136"
1398953,1,"PA4137"
1398954,1,"PA4138"
1398955,1,"PA4139"
1398956,1,"PA4140"
1398957,1,"PA4141"
1398958,1,"PA4145"
1398959,1,"PA4146"
1398960,1,"PA4147"
1398961,1,"PA4154"
1398962,1,"PA4155"
1398963,1,"PA4156"
1398964,1,"PA4157"
1398965,1,"PA4158"
1398966,1,"PA4162"
1398967,1,"PA4165"
1398968,1,"PA4166"
1398969,1,"PA4167"
1398970,1,"PA4168"
1398971,1,"PA4169"
1398972,1,"PA4170"
1398973,1,"PA4173"
1398974,1,"PA4174"
1398975,1,"PA4175"
1398976,1,"PA4176"
1398977,1,"PA4177"
1398978,1,"PA4178"
1398979,1,"PA4179"
1398980,1,"PA4180"
1398981,1,"PA4185"
1398982,1,"PA4186"
1398983,1,"PA4190"
1398984,1,"PA4200"
1398985,1,"PA4209"
1398986,1,"PA4210"
1398987,1,"PA4217"
1398988,1,"PA4227"
1398989,1,"PA4234"
1398990,1,"PA4235"
1398991,1,"PA4236"
1398992,1,"PA4268"
1398993,1,"PA4271"
1398994,1,"PA4272"
1398995,1,"PA4277"
1398996,1,"PA4286"
1398997,1,"PA4287"
1398998,1,"PA4290"
1398999,1,"PA4291"
1399000,1,"PA4292"
1399001,1,"PA4295"
1399002,1,"PA4296"
1399003,1,"PA4306"
1399004,1,"PA4307"
1399005,1,"PA4308"
1399006,1,"PA4309"
1399007,1,"PA4310"
1399008,1,"PA4314"
1399009,1,"PA4315"
1399010,1,"PA4316"
1399011,1,"PA4324"
1399012,1,"PA4325"
1399013,1,"PA4326"
1399014,1,"PA4327"
1399015,1,"PA4328"
1399016,1,"PA4329"
1399017,1,"PA4330"
1399018,1,"PA4333"
1399019,1,"PA4334"
1399020,1,"PA4337"
1399021,1,"PA4338"
1399022,1,"PA4341"
1399023,1,"PA4349"
1399024,1,"PA4352"
1399025,1,"PA4353"
1399026,1,"PA4360"
1399027,1,"PA4361"
1399028,1,"PA4362"
1399029,1,"PA4363"
1399030,1,"PA4366"
1399031,1,"PA4367"
1399032,1,"PA4370"
1399033,1,"PA4376"
1399034,1,"PA4382"
1399035,1,"PA4383"
1399036,1,"PA4384"
1399037,1,"PA4389"
1399038,1,"PA4390"
1399039,1,"PA4391"
1399040,1,"PA4392"
1399041,1,"PA4393"
1399042,1,"PA4394"
1399043,1,"PA4395"
1399044,1,"PA4402"
1399045,1,"PA4403"
1399046,1,"PA4404"
1399047,1,"PA4405"
1399048,1,"PA4422"
1399049,1,"PA4434"
1399050,1,"PA4435"
1399051,1,"PA4436"
1399052,1,"PA4437"
1399053,1,"PA4441"
1399054,1,"PA4444"
1399055,1,"PA4445"
1399056,1,"PA4446"
1399057,1,"PA4472"
1399058,1,"PA4473"
1399059,1,"PA4474"
1399060,1,"PA4495"
1399061,1,"PA4498"
1399062,1,"PA4499"
1399063,1,"PA4500"
1399064,1,"PA4507"
1399065,1,"PA4508"
1399066,1,"PA4512"
1399067,1,"PA4513"
1399068,1,"PA4514"
1399069,1,"PA4517"
1399070,1,"PA4518"
1399071,1,"PA4519"
1399072,1,"PA4520"
1399073,1,"PA4523"
1399074,1,"PA4524"
1399075,1,"PA4525"
1399076,1,"PA4526"
1399077,1,"PA4531"
1399078,1,"PA4538"
1399079,1,"PA4539"
1399080,1,"PA4542"
1399081,1,"PA4545"
1399082,1,"PA4548"
1399083,1,"PA4549"
1399084,1,"PA4562"
1399085,1,"PA4563"
1399086,1,"PA4569"
1399087,1,"PA4570"
1399088,1,"PA4571"
1399089,1,"PA4572"
1399090,1,"PA4573"
1399091,1,"PA4574"
1399092,1,"PA4575"
1399093,1,"PA4576"
1399094,1,"PA4577"
1399095,1,"PA4580"
1399096,1,"PA4581"
1399097,1,"PA4586"
1399098,1,"PA4587"
1399099,1,"PA4588"
1399100,1,"PA4589"
1399101,1,"PA4590"
1399102,1,"PA4595"
1399103,1,"PA4596"
1399104,1,"PA4600"
1399105,1,"PA4607"
1399106,1,"PA4608"
1399107,1,"PA4609"
1399108,1,"PA4610"
1399109,1,"PA4611"
1399110,1,"PA4614"
1399111,1,"PA4615"
1399112,1,"PA4616"
1399113,1,"PA4617"
1399114,1,"PA4622"
1399115,1,"PA4623"
1399116,1,"PA4626"
1399117,1,"PA4629"
1399118,1,"PA4630"
1399119,1,"PA4631"
1399120,1,"PA4632"
1399121,1,"PA4633"
1399122,1,"PA4634"
1399123,1,"PA4635"
1399124,1,"PA4636"
1399125,1,"PA4637"
1399126,1,"PA4640"
1399127,1,"PA4642"
1399128,1,"PA4643"
1399129,1,"PA4654"
1399130,1,"PA4657"
1399131,1,"PA4661"
1399132,1,"PA4670"
1399133,1,"PA4671"
1399134,1,"PA4674"
1399135,1,"PA4675"
1399136,1,"PA4683"
1399137,1,"PA4689"
1399138,1,"PA4697"
1399139,1,"PA4701"
1399140,1,"PA4702"
1399141,1,"PA4703"
1399142,1,"PA4704"
1399143,1,"PA4710"
1399144,1,"PA4711"
1399145,1,"PA4712"
1399146,1,"PA4713"
1399147,1,"PA4714"
1399148,1,"PA4715"
1399149,1,"PA4718"
1399150,1,"PA4731"
1399151,1,"PA4732"
1399152,1,"PA4737"
1399153,1,"PA4740"
1399154,1,"PA4741"
1399155,1,"PA4752"
1399156,1,"PA4753"
1399157,1,"PA4763"
1399158,1,"PA4764"
1399159,1,"PA4765"
1399160,1,"PA4768"
1399161,1,"PA4769"
1399162,1,"PA4770"
1399163,1,"PA4778"
1399164,1,"PA4779"
1399165,1,"PA4780"
1399166,1,"PA4781"
1399167,1,"PA4784"
1399168,1,"PA4785"
1399169,1,"PA4786"
1399170,1,"PA4787"
1399171,1,"PA4788"
1399172,1,"PA4792"
1399173,1,"PA4797"
1399174,1,"PA4798"
1399175,1,"PA4801"
1399176,1,"PA4802"
1399177,1,"PA4803"
1399178,1,"PA4806"
1399179,1,"PA4809"
1399180,1,"PA4813"
1399181,1,"PA4814"
1399182,1,"PA4815"
1399183,1,"PA4821"
1399184,1,"PA4825"
1399185,1,"PA4826"
1399186,1,"PA4827"
1399187,1,"PA4828"
1399188,1,"PA4829"
1399189,1,"PA4832"
1399190,1,"PA4833"
1399191,1,"PA4838"
1399192,1,"PA4839"
1399193,1,"PA4840"
1399194,1,"PA4843"
1399195,1,"PA4844"
1399196,1,"PA4845"
1399197,1,"PA4849"
1399198,1,"PA4850"
1399199,1,"PA4851"
1399200,1,"PA4857"
1399201,1,"PA4858"
1399202,1,"PA4869"
1399203,1,"PA4870"
1399204,1,"PA4871"
1399205,1,"PA4872"
1399206,1,"PA4873"
1399207,1,"PA4874"
1399208,1,"PA4875"
1399209,1,"PA4876"
1399210,1,"PA4877"
1399211,1,"PA4878"
1399212,1,"PA4879"
1399213,1,"PA4880"
1399214,1,"PA4881"
1399215,1,"PA4887"
1399216,1,"PA4890"
1399217,1,"PA4897"
1399218,1,"PA4898"
1399219,1,"PA4901"
1399220,1,"PA4902"
1399221,1,"PA4903"
1399222,1,"PA4913"
1399223,1,"PA4921"
1399224,1,"PA4922"
1399225,1,"PA4923"
1399226,1,"PA4924"
1399227,1,"PA4925"
1399228,1,"PA4928"
1399229,1,"PA4929"
1399230,1,"PA4950"
1399231,1,"PA4951"
1399232,1,"PA4952"
1399233,1,"PA4955"
1399234,1,"PA4960"
1399235,1,"PA4963"
1399236,1,"PA4969"
1399237,1,"PA4972"
1399238,1,"PA4973"
1399239,1,"PA4974"
1399240,1,"PA4981"
1399241,1,"PA4984"
1399242,1,"PA4985"
1399243,1,"PA4990"
1399244,1,"PA4993"
1399245,1,"PA5000"
1399246,1,"PA5001"
1399247,1,"PA5015"
1399248,1,"PA5016"
1399249,1,"PA5019"
1399250,1,"PA5020"
1399251,1,"PA5024"
1399252,1,"PA5025"
1399253,1,"PA5026"
1399254,1,"PA5027"
1399255,1,"PA5030"
1399256,1,"PA5031"
1399257,1,"PA5032"
1399258,1,"PA5033"
1399259,1,"PA5034"
1399260,1,"PA5045"
1399261,1,"PA5046"
1399262,1,"PA5050"
1399263,1,"PA5056"
1399264,1,"PA5057"
1399265,1,"PA5060"
1399266,1,"PA5061"
1399267,1,"PA5062"
1399268,1,"PA5072"
1399269,1,"PA5073"
1399270,1,"PA5081"
1399271,1,"PA5082"
1399272,1,"PA5085"
1399273,1,"PA5086"
1399274,1,"PA5100"
1399275,1,"PA5106"
1399276,1,"PA5111"
1399277,1,"PA5112"
1399278,1,"PA5115"
1399279,1,"PA5116"
1399280,1,"PA5117"
1399281,1,"PA5118"
1399282,1,"PA5119"
1399283,1,"PA5120"
1399284,1,"PA5121"
1399285,1,"PA5126"
1399286,1,"PA5127"
1399287,1,"PA5131"
1399288,1,"PA5132"
1399289,1,"PA5136"
1399290,1,"PA5137"
1399291,1,"PA5138"
1399292,1,"PA5139"
1399293,1,"PA5144"
1399294,1,"PA5145"
1399295,1,"PA5150"
1399296,1,"PA5151"
1399297,1,"PA5156"
1399298,1,"PA5174"
1399299,1,"PA5177"
1399300,1,"PA5178"
1399301,1,"PA5179"
1399302,1,"PA5184"
1399303,1,"PA5189"
1399304,1,"PA5190"
1399305,1,"PA5191"
1399306,1,"PA5192"
1399307,1,"PA5193"
1399308,1,"PA5194"
1399309,1,"PA5195"
1399310,1,"PA5196"
1399311,1,"PA5197"
1399312,1,"PA5198"
1399313,1,"PA5203"
1399314,1,"PA5204"
1399315,1,"PA5205"
1399316,1,"PA5206"
1399317,1,"PA5209"
1399318,1,"PA5210"
1399319,1,"PA5211"
1399320,1,"PA5212"
1399321,1,"PA5213"
1399322,1,"PA5228"
1399323,1,"PA5229"
1399324,1,"PA5233"
1399325,1,"PA5234"
1399326,1,"PA5235"
1399327,1,"PA5239"
1399328,1,"PA5240"
1399329,1,"PA5241"
1399330,1,"PA5244"
1399331,1,"PA5247"
1399332,1,"PA5248"
1399333,1,"PA5249"
1399334,1,"PA5250"
1399335,1,"PA5253"
1399336,1,"PA5254"
1399337,1,"PA5255"
1399338,1,"PA5256"
1399339,1,"PA5263"
1399340,1,"PA5264"
1399341,1,"PA5267"
1399342,1,"PA5268"
1399343,1,"PA5274"
1399344,1,"PA5275"
1399345,1,"PA5282"
1399346,1,"PA5283"
1399347,1,"PA5284"
1399348,1,"PA5285"
1399349,1,"PA5286"
1399350,1,"PA5291"
1399351,1,"PA5292"
1399352,1,"PA5293"
1399353,1,"PA5294"
1399354,1,"PA5295"
1399355,1,"PA5298"
1399356,1,"PA5299"
1399357,1,"PA5300"
1399358,1,"PA5301"
1399359,1,"PA5302"
1399360,1,"PA5308"
1399361,1,"PA5311"
1399362,1,"PA5312"
1399363,1,"PA5319"
1399364,1,"PA5324"
1399365,1,"PA5325"
1399366,1,"PA5326"
1399367,1,"PA5327"
1399368,1,"PA5328"
1399369,1,"PA5329"
1399370,1,"PA5330"
1399371,1,"PA5331"
1399372,1,"PA5332"
1399373,1,"PA5341"
1399374,1,"PA5346"
1399375,1,"PA5347"
1399376,1,"PA5348"
1399377,1,"PA5351"
1399378,1,"PA5356"
1399379,1,"PA5359"
1399380,1,"PA5363"
1399381,1,"PA5364"
1399382,1,"PA5369"
1399383,1,"PA5370"
1399384,1,"PA5371"
1399385,1,"PA5372"
1399386,1,"PA5373"
1399387,1,"PA5374"
1399388,1,"PA5375"
1399389,1,"PA5379"
1399390,1,"PA5380"
1399391,1,"PA5381"
1399392,1,"PA5382"
1399393,1,"PA5383"
1399394,1,"PA5389"
1399395,1,"PA5394"
1399396,1,"PA5395"
1399397,1,"PA5396"
1399398,1,"PA5410"
1399399,1,"PA5411"
1399400,1,"PA5412"
1399401,1,"PA5413"
1399402,1,"PA5414"
1399403,1,"PA5419"
1399404,1,"PA5420"
1399405,1,"PA5421"
1399406,1,"PA5422"
1399407,1,"PA5427"
1399408,1,"PA5428"
1399409,1,"PA5429"
1399410,1,"PA5434"
1399411,1,"PA5437"
1399412,1,"PA5438"
1399413,1,"PA5445"
1399414,1,"PA5446"
1399415,1,"PA5460"
1399416,1,"PA5461"
1399417,1,"PA5465"
1399418,1,"PA5473"
1399419,1,"PA5474"
1399420,1,"PA5475"
1399421,1,"PA5476"
1399422,1,"PA5477"
1399423,1,"PA5480"
1399424,1,"PA5485"
1399425,1,"PA5486"
1399426,1,"PA5492"
1399427,1,"PA5493"
1399428,1,"PA5498"
1399429,1,"PA5502"
1399430,1,"PA5509"
1399431,1,"PA5510"
1399432,1,"PA5515"
1399433,1,"PA5516"
1399434,1,"PA5519"
1399435,1,"PA5520"
1399436,1,"PA5526"
1399437,1,"PA5527"
1399438,1,"PA5528"
1399439,1,"PA5529"
1399440,1,"PA5530"
1399441,1,"PA5531"
1399442,1,"PA5532"
1399443,1,"PA5533"
1399444,1,"PA5537"
1399445,1,"PA5538"
1399446,1,"PA5542"
1399447,1,"PA5546"
1399448,1,"PA5547"
1399449,1,"PA5548"
1399450,1,"PA5566"
1399451,1,"PA0195"
1399452,1,"PA3792"
1399453,1,"PA3861"
1399454,1,"PA0826.1"
1399455,1,"PA3701"
