	module id
PA14_55610	1.0
PA14_55600	1.0
PA14_55590	19.0
PA14_55580	21.0
PA14_55570	21.0
PA14_55560	40.0
PA14_55550	1.0
PA14_55540	1.0
PA14_55530	1.0
PA14_55520	1.0
PA14_55510	1.0
PA14_55500	1.0
PA14_55490	1.0
PA14_55480	1.0
PA14_55470	1.0
PA14_55460	1.0
PA14_55450	1.0
PA14_55440	1.0
PA14_55430	1.0
PA14_55410	1.0
PA14_55400	1.0
PA14_55390	40.0
PA14_55380	1.0
PA14_55360	1.0
PA14_55340	1.0
PA14_55330	1.0
PA14_55320	40.0
PA14_55300	40.0
PA14_55290	1.0
PA14_55280	1.0
PA14_55260	1.0
PA14_55250	1.0
PA14_55240	1.0
PA14_55230	1.0
PA14_55220	1.0
PA14_55200	42.0
PA14_55180	3.0
PA14_55170	36.0
PA14_55160	36.0
PA14_55150	1.0
PA14_55140	45.0
PA14_55130	45.0
PA14_55110	0.0
PA14_55100	0.0
PA14_55090	12.0
PA14_55080	12.0
PA14_55070	10.0
PA14_55060	1.0
PA14_55050	1.0
PA14_55040	1.0
PA14_55030	1.0
PA14_55020	1.0
PA14_55000	1.0
PA14_54980	1.0
PA14_54970	1.0
PA14_54960	1.0
PA14_54950	1.0
PA14_54940	1.0
PA14_54930	1.0
PA14_54920	1.0
PA14_54910	1.0
PA14_54900	1.0
PA14_54890	1.0
PA14_54880	44.0
PA14_54870	21.0
PA14_54860	21.0
PA14_54850	31.0
PA14_54830	51.0
PA14_54820	6.0
PA14_54810	30.0
PA14_54800	1.0
PA14_54790	4.0
PA14_54770	1.0
PA14_54760	1.0
PA14_54750	15.0
PA14_54740	15.0
PA14_54730	1.0
PA14_54720	1.0
PA14_54710	1.0
PA14_54700	1.0
PA14_54690	1.0
PA14_54680	42.0
PA14_54670	12.0
PA14_54660	7.0
PA14_54640	7.0
PA14_54630	7.0
PA14_54620	7.0
PA14_54610	1.0
PA14_54600	2.0
PA14_54590	10.0
PA14_54580	1.0
PA14_54570	1.0
PA14_54550	1.0
PA14_54540	1.0
PA14_54520	1.0
PA14_54510	1.0
PA14_54500	1.0
PA14_54490	2.0
PA14_54480	55.0
PA14_54470	3.0
PA14_54460	2.0
PA14_54450	6.0
PA14_54430	15.0
PA14_54420	0.0
PA14_54410	24.0
PA14_54400	0.0
PA14_54390	49.0
PA14_54370	5.0
PA14_54350	23.0
PA14_54340	30.0
PA14_54330	5.0
PA14_54320	23.0
PA14_54300	3.0
PA14_54290	46.0
PA14_54270	9.0
PA14_54260	8.0
PA14_54240	12.0
PA14_54230	16.0
PA14_54220	0.0
PA14_54210	10.0
PA14_54190	6.0
PA14_54180	52.0
PA14_54170	28.0
PA14_54150	28.0
PA14_54130	15.0
PA14_54120	1.0
PA14_54110	1.0
PA14_54090	1.0
PA14_54080	30.0
PA14_54070	4.0
PA14_54050	38.0
PA14_54040	28.0
PA14_54030	1.0
PA14_54010	38.0
PA14_54000	32.0
PA14_53980	16.0
PA14_53970	16.0
PA14_53950	7.0
PA14_53940	16.0
PA14_53920	16.0
PA14_53910	41.0
PA14_53900	1.0
PA14_53890	1.0
PA14_53880	1.0
PA14_53870	1.0
PA14_53860	42.0
PA14_53850	42.0
PA14_53840	0.0
PA14_53830	1.0
PA14_53820	19.0
PA14_53810	37.0
PA14_53800	6.0
PA14_53790	6.0
PA14_53780	6.0
PA14_53770	6.0
PA14_53750	6.0
PA14_53740	1.0
PA14_53730	37.0
PA14_53720	1.0
PA14_53700	1.0
PA14_53690	1.0
PA14_53680	1.0
PA14_53670	0.0
PA14_53660	6.0
PA14_53650	37.0
PA14_53640	6.0
PA14_53630	1.0
PA14_53620	11.0
PA14_53610	29.0
PA14_53600	29.0
PA14_53590	29.0
PA14_53580	33.0
PA14_53570	10.0
PA14_53560	1.0
PA14_53550	1.0
PA14_53540	1.0
PA14_53530	0.0
PA14_53520	3.0
PA14_53510	1.0
PA14_53500	0.0
PA14_53490	3.0
PA14_53480	28.0
PA14_53470	28.0
PA14_53450	33.0
PA14_53430	0.0
PA14_53420	12.0
PA14_53410	44.0
PA14_53400	1.0
PA14_53390	15.0
PA14_53380	40.0
PA14_53370	11.0
PA14_53360	1.0
PA14_53340	1.0
PA14_53330	57.0
PA14_53310	1.0
PA14_53300	0.0
PA14_53290	0.0
PA14_53270	42.0
PA14_53260	6.0
PA14_53250	32.0
PA14_53230	47.0
PA14_53220	47.0
PA14_53210	0.0
PA14_53200	44.0
PA14_53190	0.0
PA14_53180	31.0
PA14_53160	38.0
PA14_53150	3.0
PA14_53140	35.0
PA14_53120	35.0
PA14_53110	1.0
PA14_53100	1.0
PA14_53090	1.0
PA14_53070	32.0
PA14_53050	0.0
PA14_53040	0.0
PA14_53030	2.0
PA14_53020	26.0
PA14_53010	7.0
PA14_53000	7.0
PA14_52990	7.0
PA14_52980	1.0
PA14_52960	0.0
PA14_52940	1.0
PA14_52930	1.0
PA14_52920	1.0
PA14_52910	1.0
PA14_52900	1.0
PA14_52890	1.0
PA14_52880	1.0
PA14_52870	1.0
PA14_52850	1.0
PA14_52840	1.0
PA14_52820	1.0
PA14_52810	1.0
PA14_52800	16.0
PA14_52790	0.0
PA14_52780	5.0
PA14_52770	5.0
PA14_52760	33.0
PA14_52750	5.0
PA14_52740	25.0
PA14_52730	6.0
PA14_52720	7.0
PA14_52700	7.0
PA14_52690	7.0
PA14_52670	7.0
PA14_52660	7.0
PA14_52640	7.0
PA14_52630	7.0
PA14_52610	1.0
PA14_52600	5.0
PA14_52580	8.0
PA14_52570	48.0
PA14_52530	33.0
PA14_52520	19.0
PA14_52510	19.0
PA14_52500	19.0
PA14_52490	19.0
PA14_52480	19.0
PA14_52460	31.0
PA14_52440	9.0
PA14_52430	31.0
PA14_52420	31.0
PA14_52400	30.0
PA14_52380	35.0
PA14_52370	25.0
PA14_52350	1.0
PA14_52340	0.0
PA14_52330	19.0
PA14_52310	1.0
PA14_52300	1.0
PA14_52290	2.0
PA14_52280	1.0
PA14_52270	1.0
PA14_52260	1.0
PA14_52250	21.0
PA14_52240	4.0
PA14_52230	1.0
PA14_52210	16.0
PA14_52190	16.0
PA14_52180	24.0
PA14_52160	48.0
PA14_52150	3.0
PA14_52140	0.0
PA14_52130	0.0
PA14_52120	4.0
PA14_52110	4.0
PA14_52090	0.0
PA14_52080	0.0
PA14_52070	37.0
PA14_52060	5.0
PA14_52050	33.0
PA14_52040	5.0
PA14_52020	6.0
PA14_52010	31.0
PA14_52000	3.0
PA14_51990	13.0
PA14_51980	26.0
PA14_51960	1.0
PA14_51950	0.0
PA14_51940	37.0
PA14_51930	55.0
PA14_51920	55.0
PA14_51910	8.0
PA14_51900	8.0
PA14_51890	16.0
PA14_51880	0.0
PA14_51860	12.0
PA14_51850	12.0
PA14_51840	31.0
PA14_51830	0.0
PA14_51820	8.0
PA14_51810	23.0
PA14_51800	26.0
PA14_51790	10.0
PA14_51780	5.0
PA14_51770	20.0
PA14_51750	20.0
PA14_51740	20.0
PA14_51730	20.0
PA14_51720	20.0
PA14_51710	26.0
PA14_51690	8.0
PA14_51680	31.0
PA14_51670	4.0
PA14_51650	11.0
PA14_51640	11.0
PA14_51630	11.0
PA14_51620	40.0
PA14_51610	40.0
PA14_51600	40.0
PA14_51590	40.0
PA14_51580	40.0
PA14_51570	0.0
PA14_51560	29.0
PA14_51550	10.0
PA14_51540	6.0
PA14_51530	39.0
PA14_51520	39.0
PA14_51510	39.0
PA14_51500	1.0
PA14_51490	14.0
PA14_51480	11.0
PA14_51470	10.0
PA14_51460	11.0
PA14_51450	1.0
PA14_51440	0.0
PA14_51430	7.0
PA14_51420	7.0
PA14_51410	7.0
PA14_51390	7.0
PA14_51380	7.0
PA14_51360	7.0
PA14_51350	7.0
PA14_51340	0.0
PA14_51330	9.0
PA14_51320	26.0
PA14_51310	20.0
PA14_51300	20.0
PA14_51290	0.0
PA14_51280	3.0
PA14_51270	8.0
PA14_51260	26.0
PA14_51250	5.0
PA14_51240	23.0
PA14_51220	0.0
PA14_51200	1.0
PA14_51190	1.0
PA14_51170	1.0
PA14_51160	1.0
PA14_51150	1.0
PA14_51120	1.0
PA14_51110	1.0
PA14_51100	1.0
PA14_51090	1.0
PA14_51080	1.0
PA14_51070	1.0
PA14_51060	9.0
PA14_51050	41.0
PA14_51040	1.0
PA14_51020	1.0
PA14_51010	1.0
PA14_51000	3.0
PA14_50980	2.0
PA14_50970	56.0
PA14_50950	4.0
PA14_50940	0.0
PA14_50930	24.0
PA14_50920	38.0
PA14_50910	0.0
PA14_50900	48.0
PA14_50890	0.0
PA14_50880	12.0
PA14_50870	30.0
PA14_50860	41.0
PA14_50850	2.0
PA14_50840	9.0
PA14_50830	1.0
PA14_50820	55.0
PA14_50810	12.0
PA14_50800	28.0
PA14_50790	2.0
PA14_50770	50.0
PA14_50760	50.0
PA14_50750	50.0
PA14_50740	0.0
PA14_50730	16.0
PA14_50720	16.0
PA14_50710	16.0
PA14_50700	16.0
PA14_50690	0.0
PA14_50680	16.0
PA14_50670	3.0
PA14_50660	48.0
PA14_50650	48.0
PA14_50640	24.0
PA14_50630	13.0
PA14_50620	41.0
PA14_50610	1.0
PA14_50600	1.0
PA14_50590	27.0
PA14_50570	27.0
PA14_50560	7.0
PA14_50550	7.0
PA14_50540	7.0
PA14_50530	7.0
PA14_50520	7.0
PA14_50510	3.0
PA14_50500	28.0
PA14_50480	15.0
PA14_50470	15.0
PA14_50460	15.0
PA14_50450	15.0
PA14_50440	15.0
PA14_50430	15.0
PA14_50420	15.0
PA14_50410	22.0
PA14_50380	15.0
PA14_50360	15.0
PA14_50340	22.0
PA14_50330	22.0
PA14_50320	22.0
PA14_50310	22.0
PA14_50300	22.0
PA14_50290	22.0
PA14_50280	22.0
PA14_50270	22.0
PA14_50250	22.0
PA14_50240	22.0
PA14_50220	10.0
PA14_50200	2.0
PA14_50180	2.0
PA14_50160	22.0
PA14_50140	22.0
PA14_50130	22.0
PA14_50110	25.0
PA14_50100	25.0
PA14_50080	25.0
PA14_50070	16.0
PA14_50060	6.0
PA14_50050	1.0
PA14_50040	6.0
PA14_50030	1.0
PA14_50020	15.0
PA14_50010	16.0
PA14_50000	0.0
PA14_49990	4.0
PA14_49970	1.0
PA14_49960	44.0
PA14_49940	15.0
PA14_49930	9.0
PA14_49920	17.0
PA14_49910	12.0
PA14_49900	48.0
PA14_49890	48.0
PA14_49880	42.0
PA14_49870	56.0
PA14_49860	7.0
PA14_49850	4.0
PA14_49840	56.0
PA14_49820	1.0
PA14_49810	3.0
PA14_49800	0.0
PA14_49790	1.0
PA14_49780	1.0
PA14_49760	12.0
PA14_49750	4.0
PA14_49740	26.0
PA14_49730	36.0
PA14_49720	36.0
PA14_49710	17.0
PA14_49700	16.0
PA14_49690	16.0
PA14_49680	1.0
PA14_49660	1.0
PA14_49650	1.0
PA14_49640	1.0
PA14_49630	1.0
PA14_49620	1.0
PA14_49610	1.0
PA14_49590	1.0
PA14_49580	1.0
PA14_49570	1.0
PA14_49560	1.0
PA14_49540	56.0
PA14_49530	1.0
PA14_49520	36.0
PA14_49510	36.0
PA14_49500	2.0
PA14_49480	29.0
PA14_49470	26.0
PA14_49460	19.0
PA14_49440	9.0
PA14_49420	1.0
PA14_49410	36.0
PA14_49400	37.0
PA14_49390	1.0
PA14_49380	3.0
PA14_49360	1.0
PA14_49350	9.0
PA14_49340	1.0
PA14_49330	41.0
PA14_49320	42.0
PA14_49310	0.0
PA14_49300	0.0
PA14_49290	20.0
PA14_49280	2.0
PA14_49270	35.0
PA14_49260	35.0
PA14_49250	35.0
PA14_49230	35.0
PA14_49220	42.0
PA14_49210	44.0
PA14_49200	43.0
PA14_49180	43.0
PA14_49170	43.0
PA14_49160	22.0
PA14_49150	1.0
PA14_49130	0.0
PA14_49110	1.0
PA14_49100	1.0
PA14_49090	1.0
PA14_49080	1.0
PA14_49070	17.0
PA14_49060	15.0
PA14_49050	17.0
PA14_49040	1.0
PA14_49030	29.0
PA14_49020	29.0
PA14_49010	0.0
PA14_49000	0.0
PA14_48990	0.0
PA14_48980	0.0
PA14_48970	0.0
PA14_48960	0.0
PA14_48950	0.0
PA14_48940	0.0
PA14_48930	1.0
PA14_48920	1.0
PA14_48910	1.0
PA14_48900	1.0
PA14_48890	11.0
PA14_48880	37.0
PA14_48870	31.0
PA14_48860	31.0
PA14_48850	1.0
PA14_48840	0.0
PA14_48830	28.0
PA14_48810	28.0
PA14_48800	4.0
PA14_48790	0.0
PA14_48780	25.0
PA14_48770	6.0
PA14_48760	30.0
PA14_48750	1.0
PA14_48740	56.0
PA14_48730	1.0
PA14_48710	20.0
PA14_48700	20.0
PA14_48680	1.0
PA14_48660	1.0
PA14_48650	1.0
PA14_48640	1.0
PA14_48630	1.0
PA14_48620	1.0
PA14_48610	1.0
PA14_48600	1.0
PA14_48590	1.0
PA14_48570	1.0
PA14_48560	1.0
PA14_48550	1.0
PA14_48540	1.0
PA14_48530	1.0
PA14_48520	1.0
PA14_48510	1.0
PA14_48500	1.0
PA14_48490	1.0
PA14_48470	1.0
PA14_48460	1.0
PA14_48450	1.0
PA14_48440	1.0
PA14_48420	1.0
PA14_48410	1.0
PA14_48400	9.0
PA14_48390	1.0
PA14_48380	1.0
PA14_48350	1.0
PA14_48340	1.0
PA14_48330	1.0
PA14_48320	1.0
PA14_48310	1.0
PA14_48300	1.0
PA14_48280	1.0
PA14_48240	2.0
PA14_48230	1.0
PA14_48210	1.0
PA14_48200	1.0
PA14_48190	1.0
PA14_48170	1.0
PA14_48160	14.0
PA14_48150	0.0
PA14_48140	32.0
PA14_48100	32.0
PA14_48090	35.0
PA14_48060	32.0
PA14_48040	32.0
PA14_48030	50.0
PA14_48020	1.0
PA14_48010	1.0
PA14_48000	1.0
PA14_47970	1.0
PA14_47960	1.0
PA14_47950	1.0
PA14_47940	1.0
PA14_47930	1.0
PA14_47920	1.0
PA14_47910	1.0
PA14_47900	1.0
PA14_47890	48.0
PA14_47880	1.0
PA14_47870	1.0
PA14_47860	1.0
PA14_47850	1.0
PA14_47840	1.0
PA14_47820	1.0
PA14_47810	1.0
PA14_47800	8.0
PA14_47790	1.0
PA14_47760	1.0
PA14_47750	1.0
PA14_47730	1.0
PA14_47720	1.0
PA14_47690	1.0
PA14_47680	1.0
PA14_47670	1.0
PA14_47660	1.0
PA14_47650	1.0
PA14_47640	1.0
PA14_47610	37.0
PA14_47600	1.0
PA14_47580	3.0
PA14_47560	1.0
PA14_47550	12.0
PA14_47540	0.0
PA14_47530	30.0
PA14_47520	0.0
PA14_47510	10.0
PA14_47500	56.0
PA14_47490	26.0
PA14_47460	0.0
PA14_47450	35.0
PA14_47440	4.0
PA14_47430	4.0
PA14_47420	15.0
PA14_47410	57.0
PA14_47400	21.0
PA14_47390	21.0
PA14_47380	1.0
PA14_47370	1.0
PA14_47360	2.0
PA14_47350	3.0
PA14_47340	16.0
PA14_47330	16.0
PA14_47320	6.0
PA14_47310	6.0
PA14_47300	1.0
PA14_47280	1.0
PA14_47270	1.0
PA14_47260	1.0
PA14_47250	1.0
PA14_47240	1.0
PA14_47230	1.0
PA14_47210	1.0
PA14_47190	1.0
PA14_47180	1.0
PA14_47160	1.0
PA14_47150	1.0
PA14_47140	1.0
PA14_47130	14.0
PA14_47120	47.0
PA14_47110	2.0
PA14_47100	1.0
PA14_47090	41.0
PA14_47080	1.0
PA14_47070	1.0
PA14_47060	1.0
PA14_47040	16.0
PA14_47030	16.0
PA14_47010	16.0
PA14_47000	1.0
PA14_46990	1.0
PA14_46980	1.0
PA14_46970	7.0
PA14_46960	7.0
PA14_46950	7.0
PA14_46930	7.0
PA14_46920	7.0
PA14_46910	7.0
PA14_46900	43.0
PA14_46890	43.0
PA14_46880	15.0
PA14_46860	1.0
PA14_46850	11.0
PA14_46840	41.0
PA14_46830	42.0
PA14_46820	42.0
PA14_46810	1.0
PA14_46800	1.0
PA14_46780	42.0
PA14_46770	41.0
PA14_46760	1.0
PA14_46750	42.0
PA14_46740	38.0
PA14_46720	42.0
PA14_46700	9.0
PA14_46710	1.0
PA14_46680	9.0
PA14_46670	11.0
PA14_46660	1.0
PA14_46650	1.0
PA14_46640	1.0
PA14_46630	1.0
PA14_46620	10.0
PA14_46610	10.0
PA14_46600	1.0
PA14_46590	1.0
PA14_46580	1.0
PA14_46570	0.0
PA14_46560	1.0
PA14_46550	10.0
PA14_46540	10.0
PA14_46530	10.0
PA14_46520	10.0
PA14_46510	10.0
PA14_46490	2.0
PA14_46480	2.0
PA14_46470	2.0
PA14_46460	29.0
PA14_46450	56.0
PA14_46440	17.0
PA14_46430	56.0
PA14_46420	1.0
PA14_46400	1.0
PA14_46390	1.0
PA14_46380	11.0
PA14_46370	2.0
PA14_46360	1.0
PA14_46340	2.0
PA14_46330	1.0
PA14_46320	1.0
PA14_46310	1.0
PA14_46300	1.0
PA14_46290	1.0
PA14_46280	14.0
PA14_46270	1.0
PA14_46260	1.0
PA14_46250	1.0
PA14_46240	41.0
PA14_46230	1.0
PA14_46220	1.0
PA14_46200	1.0
PA14_46180	1.0
PA14_46170	1.0
PA14_46160	37.0
PA14_46150	2.0
PA14_46140	1.0
PA14_46120	1.0
PA14_46110	1.0
PA14_46100	1.0
PA14_46080	1.0
PA14_46070	50.0
PA14_46060	1.0
PA14_46030	22.0
PA14_46020	1.0
PA14_46010	1.0
PA14_46000	1.0
PA14_45980	1.0
PA14_45970	28.0
PA14_45960	12.0
PA14_45950	0.0
PA14_45940	0.0
PA14_45930	2.0
PA14_45920	1.0
PA14_45910	1.0
PA14_45890	1.0
PA14_45880	6.0
PA14_45870	6.0
PA14_45850	44.0
PA14_45840	0.0
PA14_45830	15.0
PA14_45810	0.0
PA14_45800	35.0
PA14_45790	25.0
PA14_45780	50.0
PA14_45770	25.0
PA14_45760	35.0
PA14_45740	25.0
PA14_45720	1.0
PA14_45710	0.0
PA14_45700	1.0
PA14_45680	22.0
PA14_45660	15.0
PA14_45640	15.0
PA14_45630	22.0
PA14_45620	22.0
PA14_45610	22.0
PA14_45590	22.0
PA14_45580	22.0
PA14_45560	22.0
PA14_45540	22.0
PA14_45520	22.0
PA14_45510	22.0
PA14_45500	22.0
PA14_45480	22.0
PA14_45470	1.0
PA14_45460	1.0
PA14_45450	1.0
PA14_45440	1.0
PA14_45430	1.0
PA14_45410	22.0
PA14_45400	22.0
PA14_45380	16.0
PA14_45370	3.0
PA14_45350	3.0
PA14_45340	13.0
PA14_45330	13.0
PA14_45310	13.0
PA14_45300	25.0
PA14_45290	13.0
PA14_45280	13.0
PA14_45260	2.0
PA14_45250	6.0
PA14_45240	1.0
PA14_45210	1.0
PA14_45190	1.0
PA14_45180	1.0
PA14_45170	1.0
PA14_45150	1.0
PA14_45130	1.0
PA14_45120	1.0
PA14_45110	0.0
PA14_45100	1.0
PA14_45090	1.0
PA14_45070	1.0
PA14_45060	1.0
PA14_45050	1.0
PA14_45030	1.0
PA14_45020	1.0
PA14_45010	1.0
PA14_45000	1.0
PA14_44990	1.0
PA14_44980	3.0
PA14_44970	0.0
PA14_44960	1.0
PA14_44950	1.0
PA14_44930	10.0
PA14_44920	54.0
PA14_44910	54.0
PA14_44900	54.0
PA14_44890	54.0
PA14_44880	0.0
PA14_44860	1.0
PA14_44850	0.0
PA14_44840	0.0
PA14_44830	0.0
PA14_44820	0.0
PA14_44800	1.0
PA14_44780	0.0
PA14_44770	1.0
PA14_44760	6.0
PA14_44740	42.0
PA14_44710	1.0
PA14_44700	1.0
PA14_44690	4.0
PA14_44680	0.0
PA14_44670	48.0
PA14_44660	5.0
PA14_44650	5.0
PA14_44640	38.0
PA14_44630	26.0
PA14_44620	5.0
PA14_44610	46.0
PA14_44590	1.0
PA14_44580	1.0
PA14_44570	1.0
PA14_44560	10.0
PA14_44540	37.0
PA14_44530	0.0
PA14_44520	0.0
PA14_44510	37.0
PA14_44500	46.0
PA14_44490	46.0
PA14_44480	24.0
PA14_44470	28.0
PA14_44460	2.0
PA14_44450	7.0
PA14_44440	13.0
PA14_44430	7.0
PA14_44420	56.0
PA14_44400	0.0
PA14_44390	28.0
PA14_44380	23.0
PA14_44370	5.0
PA14_44360	28.0
PA14_44350	28.0
PA14_44340	28.0
PA14_44320	1.0
PA14_44300	22.0
PA14_44290	47.0
PA14_44280	9.0
PA14_44270	26.0
PA14_44260	1.0
PA14_44240	1.0
PA14_44230	0.0
PA14_44210	1.0
PA14_44200	1.0
PA14_44190	1.0
PA14_44180	1.0
PA14_44170	0.0
PA14_44160	17.0
PA14_44150	56.0
PA14_44140	0.0
PA14_44130	42.0
PA14_44120	41.0
PA14_44110	38.0
PA14_44100	41.0
PA14_44090	1.0
PA14_44080	0.0
PA14_44070	26.0
PA14_44060	13.0
PA14_44050	13.0
PA14_44030	23.0
PA14_44020	23.0
PA14_44010	49.0
PA14_44000	49.0
PA14_43970	49.0
PA14_43950	23.0
PA14_43940	18.0
PA14_43920	57.0
PA14_43910	20.0
PA14_43900	0.0
PA14_43890	3.0
PA14_43880	1.0
PA14_43870	1.0
PA14_43850	10.0
PA14_43840	0.0
PA14_43830	6.0
PA14_43820	50.0
PA14_43810	1.0
PA14_43790	1.0
PA14_43780	1.0
PA14_43770	1.0
PA14_43740	14.0
PA14_43760	28.0
PA14_43730	40.0
PA14_43720	22.0
PA14_43710	22.0
PA14_43690	20.0
PA14_43680	20.0
PA14_43670	20.0
PA14_43660	9.0
PA14_43650	2.0
PA14_43640	0.0
PA14_43630	0.0
PA14_43620	55.0
PA14_43610	17.0
PA14_43600	0.0
PA14_43580	1.0
PA14_43570	1.0
PA14_43550	16.0
PA14_43540	16.0
PA14_43530	16.0
PA14_43520	16.0
PA14_43510	24.0
PA14_43490	3.0
PA14_43480	1.0
PA14_43460	1.0
PA14_43440	1.0
PA14_43430	1.0
PA14_43420	15.0
PA14_43400	15.0
PA14_43380	15.0
PA14_43370	15.0
PA14_43350	1.0
PA14_43340	1.0
PA14_43320	9.0
PA14_43310	2.0
PA14_43300	2.0
PA14_43290	24.0
PA14_43280	25.0
PA14_43270	25.0
PA14_43250	42.0
PA14_43240	2.0
PA14_43230	6.0
PA14_43220	1.0
PA14_43200	1.0
PA14_43190	1.0
PA14_43180	1.0
PA14_43170	44.0
PA14_43160	2.0
PA14_43150	2.0
PA14_43140	9.0
PA14_43130	13.0
PA14_43110	7.0
PA14_43100	29.0
PA14_43090	4.0
PA14_43080	1.0
PA14_43070	1.0
PA14_43050	54.0
PA14_43040	54.0
PA14_43030	54.0
PA14_43020	54.0
PA14_43000	54.0
PA14_42990	54.0
PA14_42980	54.0
PA14_42970	54.0
PA14_42960	54.0
PA14_42950	54.0
PA14_42940	54.0
PA14_42920	54.0
PA14_42910	54.0
PA14_42900	54.0
PA14_42890	54.0
PA14_42880	6.0
PA14_42870	0.0
PA14_42860	28.0
PA14_42850	0.0
PA14_42840	9.0
PA14_42830	1.0
PA14_42820	26.0
PA14_42790	3.0
PA14_42780	22.0
PA14_42770	44.0
PA14_42760	57.0
PA14_42750	9.0
PA14_42740	33.0
PA14_42730	0.0
PA14_42720	13.0
PA14_42710	17.0
PA14_42700	38.0
PA14_42690	31.0
PA14_42680	5.0
PA14_42670	20.0
PA14_42660	39.0
PA14_42640	39.0
PA14_42630	39.0
PA14_42620	39.0
PA14_42610	39.0
PA14_42600	39.0
PA14_42580	39.0
PA14_42570	39.0
PA14_42550	39.0
PA14_42540	39.0
PA14_42530	39.0
PA14_42520	39.0
PA14_42510	39.0
PA14_42500	39.0
PA14_42490	39.0
PA14_42480	39.0
PA14_42470	39.0
PA14_42460	39.0
PA14_42450	39.0
PA14_42440	39.0
PA14_42430	39.0
PA14_42410	39.0
PA14_42400	39.0
PA14_42390	39.0
PA14_42380	39.0
PA14_42360	39.0
PA14_42350	39.0
PA14_42340	39.0
PA14_42320	39.0
PA14_42310	39.0
PA14_42300	39.0
PA14_42290	39.0
PA14_42280	39.0
PA14_42270	39.0
PA14_42260	39.0
PA14_42250	39.0
PA14_42230	1.0
PA14_42220	3.0
PA14_42200	12.0
PA14_42180	6.0
PA14_42160	51.0
PA14_42150	51.0
PA14_42140	51.0
PA14_42130	51.0
PA14_42120	15.0
PA14_42100	1.0
PA14_42090	43.0
PA14_42080	43.0
PA14_42060	1.0
PA14_42050	1.0
PA14_42030	1.0
PA14_42020	4.0
PA14_42010	0.0
PA14_42000	1.0
PA14_41990	19.0
PA14_41980	14.0
PA14_41970	28.0
PA14_41960	16.0
PA14_41950	43.0
PA14_41930	12.0
PA14_41920	8.0
PA14_41910	55.0
PA14_41900	42.0
PA14_41880	12.0
PA14_41870	10.0
PA14_41860	6.0
PA14_41840	0.0
PA14_41830	57.0
PA14_41820	2.0
PA14_41810	15.0
PA14_41800	30.0
PA14_41790	0.0
PA14_41780	0.0
PA14_41760	1.0
PA14_41750	1.0
PA14_41740	41.0
PA14_41730	5.0
PA14_41710	23.0
PA14_41690	33.0
PA14_41680	0.0
PA14_41670	49.0
PA14_41650	8.0
PA14_41640	17.0
PA14_41630	10.0
PA14_41610	20.0
PA14_41590	20.0
PA14_41570	0.0
PA14_41560	1.0
PA14_41540	51.0
PA14_41530	51.0
PA14_41520	51.0
PA14_41510	51.0
PA14_41500	12.0
PA14_41490	51.0
PA14_41480	51.0
PA14_41470	23.0
PA14_41450	2.0
PA14_41440	28.0
PA14_41430	57.0
PA14_41420	27.0
PA14_41400	44.0
PA14_41390	49.0
PA14_41380	23.0
PA14_41360	44.0
PA14_41350	3.0
PA14_41300	24.0
PA14_41290	1.0
PA14_41280	1.0
PA14_41270	1.0
PA14_41260	1.0
PA14_41250	18.0
PA14_41240	0.0
PA14_41230	24.0
PA14_41220	10.0
PA14_41210	25.0
PA14_41190	23.0
PA14_41170	7.0
PA14_41160	13.0
PA14_41150	13.0
PA14_41140	7.0
PA14_41130	7.0
PA14_41110	33.0
PA14_41090	16.0
PA14_41080	37.0
PA14_41070	16.0
PA14_41060	16.0
PA14_41050	5.0
PA14_41030	17.0
PA14_41020	7.0
PA14_41010	7.0
PA14_41000	6.0
PA14_40980	5.0
PA14_40960	25.0
PA14_40950	25.0
PA14_40940	2.0
PA14_40930	1.0
PA14_40910	6.0
PA14_40900	1.0
PA14_40890	1.0
PA14_40880	1.0
PA14_40860	1.0
PA14_40850	33.0
PA14_40840	15.0
PA14_40830	32.0
PA14_40820	38.0
PA14_40800	1.0
PA14_40790	1.0
PA14_40780	0.0
PA14_40770	0.0
PA14_40750	17.0
PA14_40740	17.0
PA14_40730	2.0
PA14_40710	0.0
PA14_40700	2.0
PA14_40690	0.0
PA14_40670	0.0
PA14_40660	1.0
PA14_40650	27.0
PA14_40640	9.0
PA14_40630	21.0
PA14_40620	1.0
PA14_40610	1.0
PA14_40600	1.0
PA14_40570	6.0
PA14_40560	0.0
PA14_40550	2.0
PA14_40540	1.0
PA14_40520	4.0
PA14_40510	4.0
PA14_40490	1.0
PA14_40470	3.0
PA14_40450	6.0
PA14_40440	1.0
PA14_40430	12.0
PA14_40420	17.0
PA14_40410	1.0
PA14_40390	1.0
PA14_40380	1.0
PA14_40370	37.0
PA14_40350	1.0
PA14_40340	1.0
PA14_40330	1.0
PA14_40320	1.0
PA14_40310	4.0
PA14_40300	14.0
PA14_40290	32.0
PA14_40280	32.0
PA14_40270	1.0
PA14_40260	30.0
PA14_40250	30.0
PA14_40240	30.0
PA14_40230	30.0
PA14_40220	17.0
PA14_40210	6.0
PA14_40200	30.0
PA14_40180	24.0
PA14_40170	16.0
PA14_40160	1.0
PA14_40150	1.0
PA14_40130	1.0
PA14_40120	1.0
PA14_40110	30.0
PA14_40100	41.0
PA14_40080	1.0
PA14_40070	6.0
PA14_40060	1.0
PA14_40050	1.0
PA14_40040	1.0
PA14_40030	1.0
PA14_40020	1.0
PA14_40010	1.0
PA14_39990	1.0
PA14_39980	1.0
PA14_39970	0.0
PA14_39960	0.0
PA14_39910	0.0
PA14_39880	0.0
PA14_39870	1.0
PA14_39860	1.0
PA14_39850	1.0
PA14_39830	1.0
PA14_39820	1.0
PA14_39810	21.0
PA14_39800	21.0
PA14_39790	13.0
PA14_39780	30.0
PA14_39770	42.0
PA14_39750	1.0
PA14_39730	1.0
PA14_39720	1.0
PA14_39710	4.0
PA14_39700	4.0
PA14_39690	4.0
PA14_39670	1.0
PA14_39660	1.0
PA14_39650	52.0
PA14_39640	1.0
PA14_39630	1.0
PA14_39620	1.0
PA14_39610	3.0
PA14_39590	2.0
PA14_39580	2.0
PA14_39570	2.0
PA14_39560	12.0
PA14_39540	12.0
PA14_39530	14.0
PA14_39520	14.0
PA14_39500	0.0
PA14_39480	49.0
PA14_39470	29.0
PA14_39460	38.0
PA14_39440	1.0
PA14_39420	45.0
PA14_39410	1.0
PA14_39390	10.0
PA14_39360	24.0
PA14_39350	37.0
PA14_39330	44.0
PA14_39320	44.0
PA14_39300	44.0
PA14_39280	44.0
PA14_39270	42.0
PA14_39260	1.0
PA14_39250	1.0
PA14_39240	1.0
PA14_39230	1.0
PA14_39220	1.0
PA14_39210	1.0
PA14_39200	57.0
PA14_39190	31.0
PA14_39180	1.0
PA14_39160	1.0
PA14_39150	1.0
PA14_39140	4.0
PA14_39130	18.0
PA14_39110	2.0
PA14_39100	50.0
PA14_39090	15.0
PA14_39080	10.0
PA14_39070	0.0
PA14_39060	45.0
PA14_39050	1.0
PA14_39020	1.0
PA14_39010	1.0
PA14_39000	1.0
PA14_38990	1.0
PA14_38970	1.0
PA14_38950	1.0
PA14_38930	1.0
PA14_38920	1.0
PA14_38910	1.0
PA14_38900	1.0
PA14_38880	1.0
PA14_38860	1.0
PA14_38850	1.0
PA14_38840	1.0
PA14_38820	1.0
PA14_38800	1.0
PA14_38790	1.0
PA14_38780	42.0
PA14_38770	1.0
PA14_38750	17.0
PA14_38740	17.0
PA14_38730	1.0
PA14_38720	6.0
PA14_38710	17.0
PA14_38700	6.0
PA14_38690	1.0
PA14_38680	4.0
PA14_38660	7.0
PA14_38640	7.0
PA14_38630	7.0
PA14_38610	7.0
PA14_38590	32.0
PA14_38580	55.0
PA14_38570	1.0
PA14_38560	1.0
PA14_38550	7.0
PA14_38530	7.0
PA14_38510	7.0
PA14_38500	55.0
PA14_38490	7.0
PA14_38480	7.0
PA14_38470	7.0
PA14_38460	7.0
PA14_38440	7.0
PA14_38430	0.0
PA14_38420	6.0
PA14_38410	2.0
PA14_38380	2.0
PA14_38370	24.0
PA14_38360	1.0
PA14_38350	0.0
PA14_38340	50.0
PA14_38330	0.0
PA14_38320	50.0
PA14_38310	17.0
PA14_38300	11.0
PA14_38290	32.0
PA14_38270	32.0
PA14_38260	32.0
PA14_38250	17.0
PA14_38220	21.0
PA14_38210	21.0
PA14_38200	21.0
PA14_38190	11.0
PA14_38180	40.0
PA14_38170	1.0
PA14_38160	1.0
PA14_38140	0.0
PA14_38130	1.0
PA14_38110	8.0
PA14_38090	1.0
PA14_38080	44.0
PA14_38060	4.0
PA14_38050	1.0
PA14_38040	6.0
PA14_38020	6.0
PA14_38010	1.0
PA14_38000	4.0
PA14_37990	34.0
PA14_37980	34.0
PA14_37950	1.0
PA14_37940	1.0
PA14_37910	1.0
PA14_37900	0.0
PA14_37880	1.0
PA14_37870	1.0
PA14_37850	1.0
PA14_37840	1.0
PA14_37830	34.0
PA14_37820	1.0
PA14_37810	1.0
PA14_37790	1.0
PA14_37780	12.0
PA14_37770	12.0
PA14_37760	12.0
PA14_37730	34.0
PA14_37710	24.0
PA14_37690	30.0
PA14_37680	1.0
PA14_37670	0.0
PA14_37660	1.0
PA14_37650	1.0
PA14_37640	1.0
PA14_37630	1.0
PA14_37610	1.0
PA14_37590	1.0
PA14_37580	0.0
PA14_37570	34.0
PA14_37560	34.0
PA14_37550	34.0
PA14_37530	34.0
PA14_37520	34.0
PA14_37510	34.0
PA14_37490	34.0
PA14_37470	1.0
PA14_37460	1.0
PA14_37440	1.0
PA14_37430	34.0
PA14_37420	1.0
PA14_37410	34.0
PA14_37400	1.0
PA14_37380	1.0
PA14_37370	1.0
PA14_37360	1.0
PA14_37350	14.0
PA14_37340	14.0
PA14_37320	1.0
PA14_37310	1.0
PA14_37290	1.0
PA14_37270	1.0
PA14_37260	1.0
PA14_37250	1.0
PA14_37220	1.0
PA14_37210	1.0
PA14_37200	2.0
PA14_37190	17.0
PA14_37170	17.0
PA14_37150	43.0
PA14_37140	1.0
PA14_37130	4.0
PA14_37120	4.0
PA14_37100	1.0
PA14_37090	1.0
PA14_37080	28.0
PA14_37070	28.0
PA14_37060	1.0
PA14_37040	1.0
PA14_37030	1.0
PA14_37010	1.0
PA14_37000	1.0
PA14_36990	1.0
PA14_36980	14.0
PA14_36960	1.0
PA14_36940	11.0
PA14_36930	14.0
PA14_36920	14.0
PA14_36910	1.0
PA14_36900	14.0
PA14_36890	14.0
PA14_36880	14.0
PA14_36870	14.0
PA14_36860	14.0
PA14_36850	14.0
PA14_36840	14.0
PA14_36830	14.0
PA14_36820	0.0
PA14_36810	14.0
PA14_36790	14.0
PA14_36780	14.0
PA14_36770	14.0
PA14_36760	14.0
PA14_36740	14.0
PA14_36730	14.0
PA14_36710	14.0
PA14_36700	14.0
PA14_36690	14.0
PA14_36680	14.0
PA14_36670	14.0
PA14_36660	14.0
PA14_36650	14.0
PA14_36630	14.0
PA14_36620	14.0
PA14_36590	14.0
PA14_36580	14.0
PA14_36570	14.0
PA14_36560	14.0
PA14_36550	14.0
PA14_36540	1.0
PA14_36530	14.0
PA14_36520	14.0
PA14_36500	14.0
PA14_36490	14.0
PA14_36480	36.0
PA14_36470	15.0
PA14_36460	14.0
PA14_36450	14.0
PA14_36420	30.0
PA14_36410	14.0
PA14_36400	1.0
PA14_36390	14.0
PA14_36370	14.0
PA14_36360	39.0
PA14_36350	39.0
PA14_36330	32.0
PA14_36320	32.0
PA14_36310	32.0
PA14_36300	0.0
PA14_36290	41.0
PA14_36280	1.0
PA14_36270	1.0
PA14_36260	1.0
PA14_36250	1.0
PA14_36230	1.0
PA14_36220	1.0
PA14_36200	0.0
PA14_36190	1.0
PA14_36180	1.0
PA14_36170	1.0
PA14_36150	1.0
PA14_36130	1.0
PA14_36120	1.0
PA14_36110	1.0
PA14_36100	1.0
PA14_36090	1.0
PA14_36080	1.0
PA14_36070	1.0
PA14_36060	1.0
PA14_36050	1.0
PA14_36030	0.0
PA14_36020	0.0
PA14_36010	0.0
PA14_36000	1.0
PA14_35990	1.0
PA14_35980	1.0
PA14_35970	1.0
PA14_35950	1.0
PA14_35940	1.0
PA14_35930	1.0
PA14_35920	4.0
PA14_35900	1.0
PA14_35890	1.0
PA14_35880	15.0
PA14_35860	15.0
PA14_35850	12.0
PA14_35840	35.0
PA14_35830	10.0
PA14_35820	15.0
PA14_35810	15.0
PA14_35800	0.0
PA14_35790	29.0
PA14_35780	29.0
PA14_35770	29.0
PA14_35760	29.0
PA14_35750	12.0
PA14_35740	10.0
PA14_35730	1.0
PA14_35720	10.0
PA14_35710	0.0
PA14_35700	29.0
PA14_35690	1.0
PA14_35680	1.0
PA14_35670	1.0
PA14_35650	1.0
PA14_35640	1.0
PA14_35630	1.0
PA14_35620	1.0
PA14_35600	1.0
PA14_35590	1.0
PA14_35570	1.0
PA14_35550	6.0
PA14_35540	10.0
PA14_35530	32.0
PA14_35520	32.0
PA14_35500	32.0
PA14_35490	32.0
PA14_35470	1.0
PA14_35460	3.0
PA14_35440	1.0
PA14_35430	1.0
PA14_35420	1.0
PA14_35400	1.0
PA14_35390	1.0
PA14_35380	1.0
PA14_35370	53.0
PA14_35360	53.0
PA14_35340	53.0
PA14_35330	53.0
PA14_35320	53.0
PA14_35300	53.0
PA14_35290	53.0
PA14_35270	53.0
PA14_35250	6.0
PA14_35240	1.0
PA14_35230	1.0
PA14_35210	9.0
PA14_35200	1.0
PA14_35190	1.0
PA14_35170	17.0
PA14_35160	44.0
PA14_35150	0.0
PA14_35140	1.0
PA14_35130	1.0
PA14_35110	1.0
PA14_35100	1.0
PA14_35080	1.0
PA14_35070	2.0
PA14_35060	19.0
PA14_35050	19.0
PA14_35040	19.0
PA14_35030	19.0
PA14_35020	19.0
PA14_35010	19.0
PA14_35000	19.0
PA14_34990	1.0
PA14_34970	30.0
PA14_34960	0.0
PA14_34940	1.0
PA14_34930	1.0
PA14_34920	1.0
PA14_34900	32.0
PA14_34880	32.0
PA14_34870	32.0
PA14_34850	32.0
PA14_34840	32.0
PA14_34830	32.0
PA14_34820	32.0
PA14_34810	32.0
PA14_34800	0.0
PA14_34790	34.0
PA14_34780	34.0
PA14_34770	34.0
PA14_34750	34.0
PA14_34740	34.0
PA14_34730	34.0
PA14_34720	4.0
PA14_34710	1.0
PA14_34700	1.0
PA14_34690	1.0
PA14_34680	1.0
PA14_34670	38.0
PA14_34660	53.0
PA14_34640	53.0
PA14_34630	53.0
PA14_34610	53.0
PA14_34600	53.0
PA14_34580	1.0
PA14_34550	1.0
PA14_34540	34.0
PA14_34520	0.0
PA14_34510	0.0
PA14_34500	0.0
PA14_34490	0.0
PA14_34460	0.0
PA14_34450	1.0
PA14_34440	1.0
PA14_34420	1.0
PA14_34410	1.0
PA14_34390	1.0
PA14_34370	1.0
PA14_34360	1.0
PA14_34350	1.0
PA14_34340	6.0
PA14_34330	12.0
PA14_34320	1.0
PA14_34300	1.0
PA14_34290	1.0
PA14_34280	52.0
PA14_34270	1.0
PA14_34260	52.0
PA14_34250	1.0
PA14_34230	1.0
PA14_34210	52.0
PA14_34200	1.0
PA14_34190	52.0
PA14_34180	52.0
PA14_34170	1.0
PA14_34150	34.0
PA14_34140	1.0
PA14_34130	1.0
PA14_34110	41.0
PA14_34100	41.0
PA14_34080	30.0
PA14_34070	42.0
PA14_34050	42.0
PA14_34030	42.0
PA14_34020	42.0
PA14_34010	42.0
PA14_34000	1.0
PA14_33990	1.0
PA14_33980	1.0
PA14_33970	1.0
PA14_33960	1.0
PA14_33940	6.0
PA14_33930	17.0
PA14_33920	1.0
PA14_33910	36.0
PA14_33900	0.0
PA14_33890	0.0
PA14_33880	4.0
PA14_33870	32.0
PA14_33860	38.0
PA14_33840	21.0
PA14_33830	21.0
PA14_33820	36.0
PA14_33810	36.0
PA14_33800	36.0
PA14_33780	44.0
PA14_33770	36.0
PA14_33760	36.0
PA14_33750	36.0
PA14_33740	36.0
PA14_33730	36.0
PA14_33720	36.0
PA14_33710	36.0
PA14_33700	36.0
PA14_33690	36.0
PA14_33680	36.0
PA14_33650	36.0
PA14_33630	36.0
PA14_33610	36.0
PA14_33600	21.0
PA14_33590	21.0
PA14_33580	21.0
PA14_33570	21.0
PA14_33560	21.0
PA14_33550	21.0
PA14_33540	21.0
PA14_33530	21.0
PA14_33520	36.0
PA14_33510	36.0
PA14_33500	36.0
PA14_33480	12.0
PA14_33460	32.0
PA14_33450	14.0
PA14_33440	24.0
PA14_33430	1.0
PA14_33420	1.0
PA14_33410	1.0
PA14_33380	1.0
PA14_33370	1.0
PA14_33360	36.0
PA14_33350	54.0
PA14_33340	7.0
PA14_33330	7.0
PA14_33320	7.0
PA14_33310	7.0
PA14_33300	7.0
PA14_33290	12.0
PA14_33280	36.0
PA14_33270	36.0
PA14_33260	36.0
PA14_33250	4.0
PA14_33240	40.0
PA14_33230	1.0
PA14_33220	1.0
PA14_33200	1.0
PA14_33190	1.0
PA14_33170	0.0
PA14_33160	14.0
PA14_33150	41.0
PA14_33130	24.0
PA14_33120	37.0
PA14_33110	1.0
PA14_33080	1.0
PA14_33070	1.0
PA14_33060	1.0
PA14_33050	1.0
PA14_33040	7.0
PA14_33030	7.0
PA14_33010	7.0
PA14_33000	7.0
PA14_32970	1.0
PA14_32950	32.0
PA14_32940	6.0
PA14_32930	36.0
PA14_32890	5.0
PA14_32880	1.0
PA14_32860	37.0
PA14_32850	6.0
PA14_32840	1.0
PA14_32830	11.0
PA14_32820	0.0
PA14_32810	11.0
PA14_32790	3.0
PA14_32780	27.0
PA14_32770	2.0
PA14_32750	1.0
PA14_32740	1.0
PA14_32720	21.0
PA14_32710	21.0
PA14_32700	1.0
PA14_32690	1.0
PA14_32670	1.0
PA14_32660	1.0
PA14_32650	1.0
PA14_32640	1.0
PA14_32630	42.0
PA14_32610	6.0
PA14_32600	1.0
PA14_32590	1.0
PA14_32580	1.0
PA14_32570	6.0
PA14_32540	0.0
PA14_32530	0.0
PA14_32520	44.0
PA14_32500	2.0
PA14_32490	15.0
PA14_32480	15.0
PA14_32470	1.0
PA14_32460	1.0
PA14_32450	1.0
PA14_32440	41.0
PA14_32420	45.0
PA14_32410	2.0
PA14_32400	45.0
PA14_32390	45.0
PA14_32380	45.0
PA14_32370	1.0
PA14_32360	1.0
PA14_32350	1.0
PA14_32340	1.0
PA14_32330	38.0
PA14_32310	28.0
PA14_32290	17.0
PA14_32300	1.0
PA14_32280	12.0
PA14_32270	0.0
PA14_32250	4.0
PA14_32240	1.0
PA14_32230	1.0
PA14_32220	1.0
PA14_32200	1.0
PA14_32190	1.0
PA14_32160	1.0
PA14_32150	11.0
PA14_32140	1.0
PA14_32130	1.0
PA14_32110	1.0
PA14_32100	1.0
PA14_32080	1.0
PA14_32060	1.0
PA14_31990	1.0
PA14_31970	1.0
PA14_31960	4.0
PA14_31950	4.0
PA14_31930	4.0
PA14_31920	1.0
PA14_31900	1.0
PA14_31890	1.0
PA14_31870	24.0
PA14_31850	55.0
PA14_31840	55.0
PA14_31820	36.0
PA14_31810	32.0
PA14_31800	33.0
PA14_31780	1.0
PA14_31770	1.0
PA14_31760	20.0
PA14_31750	20.0
PA14_31740	1.0
PA14_31730	1.0
PA14_31720	20.0
PA14_31700	1.0
PA14_31690	9.0
PA14_31680	3.0
PA14_31660	42.0
PA14_31650	26.0
PA14_31640	1.0
PA14_31630	1.0
PA14_31620	1.0
PA14_31610	16.0
PA14_31580	1.0
PA14_31560	16.0
PA14_31540	7.0
PA14_31530	7.0
PA14_31510	7.0
PA14_31500	7.0
PA14_31480	44.0
PA14_31470	16.0
PA14_31460	9.0
PA14_31450	17.0
PA14_31440	24.0
PA14_31430	1.0
PA14_31420	4.0
PA14_31400	22.0
PA14_31390	41.0
PA14_31380	17.0
PA14_31370	12.0
PA14_31360	12.0
PA14_31350	12.0
PA14_31340	11.0
PA14_31330	1.0
PA14_31310	4.0
PA14_31300	0.0
PA14_31290	40.0
PA14_31280	44.0
PA14_31270	42.0
PA14_31260	1.0
PA14_31250	1.0
PA14_31240	0.0
PA14_31230	1.0
PA14_31220	41.0
PA14_31200	1.0
PA14_31190	1.0
PA14_31180	11.0
PA14_31170	6.0
PA14_31160	6.0
PA14_31150	0.0
PA14_31130	1.0
PA14_31110	1.0
PA14_31100	1.0
PA14_31090	1.0
PA14_31080	1.0
PA14_31070	1.0
PA14_31060	4.0
PA14_31050	4.0
PA14_31040	4.0
PA14_31030	4.0
PA14_31010	4.0
PA14_31000	4.0
PA14_30990	4.0
PA14_30980	4.0
PA14_30970	4.0
PA14_30960	1.0
PA14_30950	1.0
PA14_30940	1.0
PA14_30930	1.0
PA14_30910	1.0
PA14_30900	1.0
PA14_30890	1.0
PA14_30880	1.0
PA14_30870	1.0
PA14_30860	1.0
PA14_30850	1.0
PA14_30840	12.0
PA14_30830	12.0
PA14_30820	12.0
PA14_30810	16.0
PA14_30800	1.0
PA14_30790	1.0
PA14_30770	2.0
PA14_30760	1.0
PA14_30750	3.0
PA14_30740	1.0
PA14_30730	27.0
PA14_30710	0.0
PA14_30700	6.0
PA14_30690	29.0
PA14_30670	33.0
PA14_30660	25.0
PA14_30650	0.0
PA14_30630	32.0
PA14_30620	12.0
PA14_30600	1.0
PA14_30590	1.0
PA14_30580	12.0
PA14_30570	12.0
PA14_30560	34.0
PA14_30550	34.0
PA14_30540	1.0
PA14_30520	1.0
PA14_30500	34.0
PA14_30490	1.0
PA14_30470	1.0
PA14_30460	34.0
PA14_30450	1.0
PA14_30440	1.0
PA14_30430	1.0
PA14_30410	17.0
PA14_30400	38.0
PA14_30390	0.0
PA14_30380	0.0
PA14_30370	0.0
PA14_30360	35.0
PA14_30350	1.0
PA14_30340	3.0
PA14_30330	23.0
PA14_30320	48.0
PA14_30310	5.0
PA14_30290	25.0
PA14_30280	26.0
PA14_30270	2.0
PA14_30260	15.0
PA14_30240	45.0
PA14_30230	30.0
PA14_30210	15.0
PA14_30200	0.0
PA14_30190	7.0
PA14_30180	16.0
PA14_30160	2.0
PA14_30150	8.0
PA14_30140	46.0
PA14_30130	1.0
PA14_30110	8.0
PA14_30100	8.0
PA14_30090	16.0
PA14_30080	2.0
PA14_30070	30.0
PA14_30050	43.0
PA14_30040	40.0
PA14_30030	1.0
PA14_30020	0.0
PA14_30010	5.0
PA14_29990	13.0
PA14_29980	13.0
PA14_29970	13.0
PA14_29940	23.0
PA14_29930	13.0
PA14_29920	13.0
PA14_29900	13.0
PA14_29890	13.0
PA14_29880	13.0
PA14_29860	13.0
PA14_29850	13.0
PA14_29830	1.0
PA14_29820	22.0
PA14_29800	22.0
PA14_29770	31.0
PA14_29760	22.0
PA14_29750	0.0
PA14_29740	1.0
PA14_29730	1.0
PA14_29720	1.0
PA14_29710	1.0
PA14_29690	1.0
PA14_29680	4.0
PA14_29660	4.0
PA14_29650	4.0
PA14_29640	4.0
PA14_29620	37.0
PA14_29600	33.0
PA14_29590	0.0
PA14_29570	1.0
PA14_29560	1.0
PA14_29550	1.0
PA14_29540	1.0
PA14_29530	1.0
PA14_29520	1.0
PA14_29510	1.0
PA14_29500	1.0
PA14_29490	11.0
PA14_29480	11.0
PA14_29470	16.0
PA14_29460	1.0
PA14_29440	1.0
PA14_29420	37.0
PA14_29410	1.0
PA14_29400	27.0
PA14_29390	27.0
PA14_29360	21.0
PA14_29350	1.0
PA14_29340	1.0
PA14_29330	30.0
PA14_29320	1.0
PA14_29300	1.0
PA14_29290	1.0
PA14_29280	14.0
PA14_29270	1.0
PA14_29260	11.0
PA14_29250	1.0
PA14_29240	1.0
PA14_29230	32.0
PA14_29220	1.0
PA14_29210	1.0
PA14_29200	2.0
PA14_29190	27.0
PA14_29180	1.0
PA14_29160	35.0
PA14_29150	56.0
PA14_29130	49.0
PA14_29120	14.0
PA14_29110	7.0
PA14_29100	55.0
PA14_29090	1.0
PA14_29070	1.0
PA14_29060	6.0
PA14_29050	1.0
PA14_29040	1.0
PA14_29030	1.0
PA14_29020	12.0
PA14_29010	6.0
PA14_29000	1.0
PA14_28990	1.0
PA14_28980	1.0
PA14_28970	21.0
PA14_28960	42.0
PA14_28950	0.0
PA14_28940	1.0
PA14_28930	1.0
PA14_28920	27.0
PA14_28910	2.0
PA14_28880	1.0
PA14_28870	25.0
PA14_28850	49.0
PA14_28840	49.0
PA14_28830	49.0
PA14_28820	49.0
PA14_28810	49.0
PA14_28800	10.0
PA14_28790	10.0
PA14_28780	10.0
PA14_28770	10.0
PA14_28760	0.0
PA14_28750	0.0
PA14_28730	37.0
PA14_28720	0.0
PA14_28710	37.0
PA14_28690	18.0
PA14_28680	45.0
PA14_28670	45.0
PA14_28660	33.0
PA14_28650	33.0
PA14_28630	20.0
PA14_28620	4.0
PA14_28610	15.0
PA14_28600	14.0
PA14_28590	1.0
PA14_28580	48.0
PA14_28570	15.0
PA14_28560	15.0
PA14_28540	40.0
PA14_28530	47.0
PA14_28520	44.0
PA14_28510	1.0
PA14_28500	28.0
PA14_28490	47.0
PA14_28470	38.0
PA14_28460	0.0
PA14_28450	10.0
PA14_28440	4.0
PA14_28430	0.0
PA14_28420	1.0
PA14_28410	15.0
PA14_28400	8.0
PA14_28390	1.0
PA14_28380	2.0
PA14_28370	2.0
PA14_28360	2.0
PA14_28350	41.0
PA14_28340	13.0
PA14_28330	10.0
PA14_28320	1.0
PA14_28310	1.0
PA14_28300	1.0
PA14_28290	6.0
PA14_28280	9.0
PA14_28260	12.0
PA14_28250	44.0
PA14_28240	48.0
PA14_28230	15.0
PA14_28220	14.0
PA14_28210	27.0
PA14_28200	3.0
PA14_28180	0.0
PA14_28170	24.0
PA14_28150	1.0
PA14_28140	12.0
PA14_28130	4.0
PA14_28120	24.0
PA14_28110	1.0
PA14_28100	1.0
PA14_28090	1.0
PA14_28080	1.0
PA14_28070	4.0
PA14_28060	17.0
PA14_28050	22.0
PA14_28040	1.0
PA14_28030	15.0
PA14_28020	1.0
PA14_28010	27.0
PA14_28000	27.0
PA14_27990	11.0
PA14_27980	3.0
PA14_27960	35.0
PA14_27950	0.0
PA14_27940	25.0
PA14_27930	17.0
PA14_27920	45.0
PA14_27910	1.0
PA14_27900	2.0
PA14_27890	40.0
PA14_27880	40.0
PA14_27870	0.0
PA14_27850	1.0
PA14_27840	1.0
PA14_27830	4.0
PA14_27810	10.0
PA14_27800	1.0
PA14_27780	0.0
PA14_27770	0.0
PA14_27740	16.0
PA14_27730	47.0
PA14_27720	6.0
PA14_27710	0.0
PA14_27700	1.0
PA14_27690	0.0
PA14_27680	0.0
PA14_27660	0.0
PA14_27650	0.0
PA14_27640	0.0
PA14_27630	0.0
PA14_27590	0.0
PA14_27580	56.0
PA14_27570	55.0
PA14_27560	23.0
PA14_27550	6.0
PA14_27530	43.0
PA14_27520	43.0
PA14_27510	0.0
PA14_27500	31.0
PA14_27490	9.0
PA14_27480	10.0
PA14_27470	46.0
PA14_27460	55.0
PA14_27450	1.0
PA14_27440	1.0
PA14_27430	1.0
PA14_27420	1.0
PA14_27410	1.0
PA14_27400	1.0
PA14_27390	1.0
PA14_27370	8.0
PA14_27360	6.0
PA14_27350	1.0
PA14_27330	1.0
PA14_27310	1.0
PA14_27290	1.0
PA14_27280	2.0
PA14_27270	1.0
PA14_27250	1.0
PA14_27230	0.0
PA14_27220	45.0
PA14_27210	18.0
PA14_27200	1.0
PA14_27180	26.0
PA14_27170	50.0
PA14_27160	2.0
PA14_27150	16.0
PA14_27140	2.0
PA14_27130	2.0
PA14_27120	2.0
PA14_27110	1.0
PA14_27100	0.0
PA14_27090	1.0
PA14_27070	29.0
PA14_27050	1.0
PA14_27020	2.0
PA14_27000	22.0
PA14_26990	0.0
PA14_26980	22.0
PA14_26970	22.0
PA14_26960	6.0
PA14_26940	6.0
PA14_26930	1.0
PA14_26920	1.0
PA14_26910	1.0
PA14_26890	9.0
PA14_26880	1.0
PA14_26870	1.0
PA14_26860	1.0
PA14_26850	1.0
PA14_26830	40.0
PA14_26810	40.0
PA14_26780	44.0
PA14_26770	2.0
PA14_26760	0.0
PA14_26750	1.0
PA14_26730	1.0
PA14_26720	1.0
PA14_26700	1.0
PA14_26690	1.0
PA14_26670	1.0
PA14_26650	1.0
PA14_26640	1.0
PA14_26620	0.0
PA14_26610	1.0
PA14_26600	47.0
PA14_26590	42.0
PA14_26580	1.0
PA14_26570	0.0
PA14_26560	57.0
PA14_26550	37.0
PA14_26540	3.0
PA14_26530	1.0
PA14_26510	1.0
PA14_26500	1.0
PA14_26480	1.0
PA14_26470	1.0
PA14_26460	1.0
PA14_26450	1.0
PA14_26420	1.0
PA14_26400	1.0
PA14_26390	1.0
PA14_26360	17.0
PA14_26350	32.0
PA14_26340	16.0
PA14_26330	37.0
PA14_26310	1.0
PA14_26300	17.0
PA14_26280	22.0
PA14_26270	1.0
PA14_26260	1.0
PA14_26240	1.0
PA14_26230	1.0
PA14_26220	1.0
PA14_26210	1.0
PA14_26200	1.0
PA14_26190	44.0
PA14_26160	39.0
PA14_26150	1.0
PA14_26140	37.0
PA14_26130	37.0
PA14_26110	1.0
PA14_26090	37.0
PA14_26080	11.0
PA14_26070	1.0
PA14_26060	17.0
PA14_26050	17.0
PA14_26020	30.0
PA14_26010	1.0
PA14_26000	6.0
PA14_25990	6.0
PA14_25980	1.0
PA14_25970	1.0
PA14_25960	16.0
PA14_25940	4.0
PA14_25930	1.0
PA14_25920	1.0
PA14_25910	1.0
PA14_25900	20.0
PA14_25880	7.0
PA14_25860	7.0
PA14_25840	43.0
PA14_25830	2.0
PA14_25820	2.0
PA14_25810	9.0
PA14_25800	0.0
PA14_25790	6.0
PA14_25780	8.0
PA14_25770	5.0
PA14_25760	8.0
PA14_25740	46.0
PA14_25730	31.0
PA14_25710	5.0
PA14_25690	20.0
PA14_25670	20.0
PA14_25660	20.0
PA14_25650	20.0
PA14_25640	8.0
PA14_25630	5.0
PA14_25620	18.0
PA14_25610	15.0
PA14_25600	8.0
PA14_25590	48.0
PA14_25580	0.0
PA14_25560	33.0
PA14_25550	8.0
PA14_25540	5.0
PA14_25530	55.0
PA14_25520	0.0
PA14_25510	3.0
PA14_25500	5.0
PA14_25490	8.0
PA14_25480	1.0
PA14_25470	37.0
PA14_25450	5.0
PA14_25440	3.0
PA14_25420	2.0
PA14_25430	3.0
PA14_25410	48.0
PA14_25400	48.0
PA14_25390	23.0
PA14_25370	48.0
PA14_25360	8.0
PA14_25350	23.0
PA14_25340	23.0
PA14_25330	23.0
PA14_25320	23.0
PA14_25280	8.0
PA14_25270	8.0
PA14_25250	8.0
PA14_25230	13.0
PA14_25220	2.0
PA14_25210	48.0
PA14_25180	0.0
PA14_25160	1.0
PA14_25150	1.0
PA14_25140	4.0
PA14_25130	10.0
PA14_25110	10.0
PA14_25100	43.0
PA14_25090	43.0
PA14_25080	43.0
PA14_25060	1.0
PA14_25050	1.0
PA14_25040	17.0
PA14_25030	28.0
PA14_25020	8.0
PA14_25000	48.0
PA14_24990	56.0
PA14_24980	32.0
PA14_24970	47.0
PA14_24960	1.0
PA14_24950	1.0
PA14_24940	1.0
PA14_24920	2.0
PA14_24910	55.0
PA14_24900	13.0
PA14_24890	1.0
PA14_24880	14.0
PA14_24860	10.0
PA14_24850	3.0
PA14_24840	37.0
PA14_24830	1.0
PA14_24820	1.0
PA14_24810	1.0
PA14_24790	0.0
PA14_24780	1.0
PA14_24770	14.0
PA14_24760	47.0
PA14_24740	47.0
PA14_24730	35.0
PA14_24720	1.0
PA14_24710	11.0
PA14_24700	0.0
PA14_24690	3.0
PA14_24650	17.0
PA14_24640	57.0
PA14_24620	2.0
PA14_24630	50.0
PA14_24610	56.0
PA14_24600	56.0
PA14_24590	48.0
PA14_24580	1.0
PA14_24570	1.0
PA14_24560	1.0
PA14_24550	1.0
PA14_24530	1.0
PA14_24510	1.0
PA14_24500	1.0
PA14_24490	1.0
PA14_24480	1.0
PA14_24440	24.0
PA14_24430	26.0
PA14_24420	1.0
PA14_24410	1.0
PA14_24400	1.0
PA14_24390	1.0
PA14_24380	1.0
PA14_24370	1.0
PA14_24360	1.0
PA14_24350	1.0
PA14_24340	3.0
PA14_24330	0.0
PA14_24310	43.0
PA14_24300	27.0
PA14_24290	27.0
PA14_24270	7.0
PA14_24260	0.0
PA14_24240	3.0
PA14_24230	25.0
PA14_24220	5.0
PA14_24210	44.0
PA14_24190	1.0
PA14_24180	37.0
PA14_24170	43.0
PA14_24150	37.0
PA14_24140	34.0
PA14_24100	55.0
PA14_24080	55.0
PA14_24070	35.0
PA14_24060	35.0
PA14_24050	55.0
PA14_24040	35.0
PA14_24020	55.0
PA14_24010	35.0
PA14_23990	35.0
PA14_23980	4.0
PA14_23970	35.0
PA14_23950	57.0
PA14_23930	57.0
PA14_23920	23.0
PA14_23900	57.0
PA14_23890	20.0
PA14_23880	20.0
PA14_23860	20.0
PA14_23850	2.0
PA14_23840	8.0
PA14_23830	7.0
PA14_23810	33.0
PA14_23800	0.0
PA14_23790	0.0
PA14_23770	0.0
PA14_23760	0.0
PA14_23750	0.0
PA14_23730	17.0
PA14_23720	24.0
PA14_23700	1.0
PA14_23690	1.0
PA14_23680	10.0
PA14_23670	1.0
PA14_23650	1.0
PA14_23640	9.0
PA14_23630	3.0
PA14_23620	3.0
PA14_23610	10.0
PA14_23590	10.0
PA14_23560	23.0
PA14_23540	1.0
PA14_23530	1.0
PA14_23520	1.0
PA14_23510	56.0
PA14_23500	20.0
PA14_23480	0.0
PA14_23470	49.0
PA14_23460	29.0
PA14_23450	29.0
PA14_23440	29.0
PA14_23430	29.0
PA14_23420	29.0
PA14_23410	29.0
PA14_23400	29.0
PA14_23390	29.0
PA14_23380	29.0
PA14_23370	29.0
PA14_23360	29.0
PA14_23350	0.0
PA14_23340	0.0
PA14_23330	18.0
PA14_23320	46.0
PA14_23310	8.0
PA14_23290	8.0
PA14_23280	23.0
PA14_23270	23.0
PA14_23260	23.0
PA14_23250	8.0
PA14_23240	2.0
PA14_23220	13.0
PA14_23210	13.0
PA14_23200	13.0
PA14_23190	1.0
PA14_23170	1.0
PA14_23160	1.0
PA14_23130	24.0
PA14_23120	2.0
PA14_23110	9.0
PA14_23100	38.0
PA14_23090	53.0
PA14_23080	53.0
PA14_23070	53.0
PA14_23060	2.0
PA14_23050	0.0
PA14_23030	53.0
PA14_23010	53.0
PA14_23000	53.0
PA14_22990	53.0
PA14_22980	53.0
PA14_22960	53.0
PA14_22940	53.0
PA14_22930	53.0
PA14_22910	53.0
PA14_22890	53.0
PA14_22880	50.0
PA14_22870	2.0
PA14_22860	2.0
PA14_22840	35.0
PA14_22830	56.0
PA14_22820	6.0
PA14_22800	3.0
PA14_22780	2.0
PA14_22770	16.0
PA14_22760	3.0
PA14_22740	0.0
PA14_22730	1.0
PA14_22720	50.0
PA14_22710	38.0
PA14_22700	9.0
PA14_22690	3.0
PA14_22680	3.0
PA14_22670	25.0
PA14_22660	25.0
PA14_22650	55.0
PA14_22640	38.0
PA14_22630	17.0
PA14_22620	3.0
PA14_22600	40.0
PA14_22590	40.0
PA14_22580	2.0
PA14_22570	0.0
PA14_22560	2.0
PA14_22550	24.0
PA14_22540	11.0
PA14_22530	1.0
PA14_22520	1.0
PA14_22510	1.0
PA14_22500	1.0
PA14_22490	1.0
PA14_22480	29.0
PA14_22470	29.0
PA14_22460	29.0
PA14_22450	29.0
PA14_22440	29.0
PA14_22420	45.0
PA14_22410	1.0
PA14_22400	14.0
PA14_22380	16.0
PA14_22370	16.0
PA14_22350	0.0
PA14_22340	0.0
PA14_22330	1.0
PA14_22320	0.0
PA14_22310	1.0
PA14_22290	0.0
PA14_22280	1.0
PA14_22270	10.0
PA14_22260	15.0
PA14_22250	15.0
PA14_22240	15.0
PA14_22230	15.0
PA14_22220	15.0
PA14_22210	15.0
PA14_22190	1.0
PA14_22180	0.0
PA14_22160	1.0
PA14_22140	10.0
PA14_22130	1.0
PA14_22120	10.0
PA14_22110	1.0
PA14_22100	1.0
PA14_22090	10.0
PA14_22080	10.0
PA14_22060	1.0
PA14_22050	57.0
PA14_22040	33.0
PA14_22020	44.0
PA14_22010	5.0
PA14_22000	26.0
PA14_21990	13.0
PA14_21980	6.0
PA14_21970	1.0
PA14_21960	42.0
PA14_21940	1.0
PA14_21930	1.0
PA14_21920	1.0
PA14_21910	1.0
PA14_21900	38.0
PA14_21890	32.0
PA14_21880	0.0
PA14_21870	1.0
PA14_21860	17.0
PA14_21850	15.0
PA14_21840	17.0
PA14_21830	24.0
PA14_21820	8.0
PA14_21790	26.0
PA14_21780	2.0
PA14_21770	9.0
PA14_21760	45.0
PA14_21750	20.0
PA14_21730	1.0
PA14_21720	2.0
PA14_21710	26.0
PA14_21700	2.0
PA14_21690	24.0
PA14_21670	14.0
PA14_21680	14.0
PA14_21660	14.0
PA14_21650	3.0
PA14_21640	1.0
PA14_21630	28.0
PA14_21620	1.0
PA14_21610	40.0
PA14_21600	0.0
PA14_21590	0.0
PA14_21580	0.0
PA14_21570	0.0
PA14_21560	20.0
PA14_21550	20.0
PA14_21540	20.0
PA14_21530	0.0
PA14_21520	38.0
PA14_21510	42.0
PA14_21490	37.0
PA14_21480	54.0
PA14_21470	11.0
PA14_21460	1.0
PA14_21450	1.0
PA14_21440	26.0
PA14_21410	40.0
PA14_21400	1.0
PA14_21380	1.0
PA14_21370	43.0
PA14_21340	24.0
PA14_21320	3.0
PA14_21310	56.0
PA14_21300	1.0
PA14_21290	1.0
PA14_21280	1.0
PA14_21260	29.0
PA14_21250	16.0
PA14_21240	37.0
PA14_21230	8.0
PA14_21220	28.0
PA14_21210	38.0
PA14_21190	30.0
PA14_21180	1.0
PA14_21160	46.0
PA14_21150	1.0
PA14_21140	1.0
PA14_21130	1.0
PA14_21120	0.0
PA14_21110	40.0
PA14_21090	1.0
PA14_21080	1.0
PA14_21070	3.0
PA14_21060	1.0
PA14_21050	1.0
PA14_21040	1.0
PA14_21030	12.0
PA14_21020	0.0
PA14_21010	0.0
PA14_21000	0.0
PA14_20980	0.0
PA14_20970	0.0
PA14_20960	0.0
PA14_20950	0.0
PA14_20940	0.0
PA14_20920	0.0
PA14_20900	0.0
PA14_20890	28.0
PA14_20880	6.0
PA14_20870	1.0
PA14_20860	30.0
PA14_20850	3.0
PA14_20840	35.0
PA14_20820	6.0
PA14_20810	57.0
PA14_20800	0.0
PA14_20780	12.0
PA14_20770	12.0
PA14_20760	22.0
PA14_20750	22.0
PA14_20740	50.0
PA14_20730	15.0
PA14_20720	15.0
PA14_20700	4.0
PA14_20690	42.0
PA14_20680	6.0
PA14_20670	56.0
PA14_20650	1.0
PA14_20640	1.0
PA14_20630	1.0
PA14_20620	1.0
PA14_20610	4.0
PA14_20600	4.0
PA14_20590	32.0
PA14_20580	32.0
PA14_20570	32.0
PA14_20560	32.0
PA14_20550	1.0
PA14_20530	29.0
PA14_20520	29.0
PA14_20510	29.0
PA14_20491	40.0
PA14_20480	14.0
PA14_20470	14.0
PA14_20460	14.0
PA14_20450	52.0
PA14_20440	52.0
PA14_20430	52.0
PA14_20420	52.0
PA14_20400	52.0
PA14_20390	52.0
PA14_20380	52.0
PA14_20370	52.0
PA14_20360	40.0
PA14_20350	40.0
PA14_20330	40.0
PA14_20320	40.0
PA14_20300	40.0
PA14_20290	12.0
PA14_20280	2.0
PA14_20270	1.0
PA14_20260	1.0
PA14_20250	1.0
PA14_20240	1.0
PA14_20230	4.0
PA14_20200	4.0
PA14_20190	4.0
PA14_20180	4.0
PA14_20170	4.0
PA14_20150	4.0
PA14_20140	0.0
PA14_20130	6.0
PA14_20120	17.0
PA14_20110	1.0
PA14_20100	1.0
PA14_20080	20.0
PA14_20070	20.0
PA14_20060	51.0
PA14_20050	1.0
PA14_20040	1.0
PA14_20030	1.0
PA14_20020	21.0
PA14_20010	1.0
PA14_20000	1.0
PA14_19990	15.0
PA14_19970	21.0
PA14_19960	4.0
PA14_19950	19.0
PA14_19940	17.0
PA14_19930	17.0
PA14_19920	17.0
PA14_19910	17.0
PA14_19900	17.0
PA14_19870	12.0
PA14_19860	17.0
PA14_19850	1.0
PA14_19830	1.0
PA14_19810	1.0
PA14_19800	1.0
PA14_19770	1.0
PA14_19750	6.0
PA14_19740	41.0
PA14_19730	1.0
PA14_19720	1.0
PA14_19710	1.0
PA14_19700	4.0
PA14_19690	16.0
PA14_19680	45.0
PA14_19670	1.0
PA14_19660	26.0
PA14_19650	1.0
PA14_19640	2.0
PA14_19630	3.0
PA14_19620	26.0
PA14_19610	33.0
PA14_19600	26.0
PA14_19590	34.0
PA14_19580	34.0
PA14_19570	34.0
PA14_19560	34.0
PA14_19540	34.0
PA14_19530	34.0
PA14_19520	1.0
PA14_19510	1.0
PA14_19500	34.0
PA14_19490	34.0
PA14_19480	17.0
PA14_19470	31.0
PA14_19450	1.0
PA14_19430	1.0
PA14_19410	35.0
PA14_19400	1.0
PA14_19390	2.0
PA14_19380	28.0
PA14_19370	47.0
PA14_19360	47.0
PA14_19350	47.0
PA14_19340	1.0
PA14_19330	1.0
PA14_19320	1.0
PA14_19310	42.0
PA14_19290	2.0
PA14_19270	1.0
PA14_19230	16.0
PA14_19210	2.0
PA14_19190	26.0
PA14_19170	33.0
PA14_19160	50.0
PA14_19150	9.0
PA14_19140	0.0
PA14_19130	44.0
PA14_19120	12.0
PA14_19110	51.0
PA14_19100	51.0
PA14_19090	5.0
PA14_19050	26.0
PA14_19030	0.0
PA14_19020	27.0
PA14_19010	27.0
PA14_18970	54.0
PA14_18960	1.0
PA14_18950	3.0
PA14_18930	9.0
PA14_18920	1.0
PA14_18910	9.0
PA14_18900	1.0
PA14_18890	3.0
PA14_18880	33.0
PA14_18870	3.0
PA14_18860	0.0
PA14_18850	0.0
PA14_18830	0.0
PA14_18820	0.0
PA14_18810	0.0
PA14_18800	0.0
PA14_18790	0.0
PA14_18780	0.0
PA14_18760	0.0
PA14_18750	0.0
PA14_18740	0.0
PA14_18720	22.0
PA14_18710	26.0
PA14_18700	46.0
PA14_18690	32.0
PA14_18680	21.0
PA14_18670	0.0
PA14_18660	2.0
PA14_18650	0.0
PA14_18640	1.0
PA14_18630	55.0
PA14_18620	6.0
PA14_18610	37.0
PA14_18600	3.0
PA14_18590	1.0
PA14_18580	1.0
PA14_18550	1.0
PA14_18520	1.0
PA14_18510	1.0
PA14_18500	1.0
PA14_18480	1.0
PA14_18470	1.0
PA14_18450	1.0
PA14_18430	1.0
PA14_18410	1.0
PA14_18380	1.0
PA14_18370	43.0
PA14_18360	43.0
PA14_18350	43.0
PA14_18340	43.0
PA14_18330	43.0
PA14_18320	43.0
PA14_18310	43.0
PA14_18300	43.0
PA14_18260	1.0
PA14_18250	1.0
PA14_18230	2.0
PA14_18210	1.0
PA14_18200	1.0
PA14_18180	1.0
PA14_18160	37.0
PA14_18150	7.0
PA14_18140	7.0
PA14_18120	7.0
PA14_18110	1.0
PA14_18100	28.0
PA14_18090	2.0
PA14_18080	0.0
PA14_18070	0.0
PA14_18060	1.0
PA14_18050	38.0
PA14_18040	0.0
PA14_18020	15.0
PA14_18010	8.0
PA14_17990	8.0
PA14_17980	15.0
PA14_17960	15.0
PA14_17940	15.0
PA14_17930	15.0
PA14_17920	15.0
PA14_17910	1.0
PA14_17900	2.0
PA14_17890	1.0
PA14_17880	1.0
PA14_17860	1.0
PA14_17850	1.0
PA14_17820	1.0
PA14_17810	1.0
PA14_17790	1.0
PA14_17780	1.0
PA14_17760	1.0
PA14_17740	1.0
PA14_17730	1.0
PA14_17720	29.0
PA14_17710	29.0
PA14_17700	29.0
PA14_17690	24.0
PA14_17670	3.0
PA14_17660	2.0
PA14_17650	1.0
PA14_17640	9.0
PA14_17630	9.0
PA14_17620	3.0
PA14_17610	3.0
PA14_17600	26.0
PA14_17590	5.0
PA14_17580	28.0
PA14_17570	28.0
PA14_17550	56.0
PA14_17540	19.0
PA14_17530	19.0
PA14_17520	9.0
PA14_17510	1.0
PA14_17500	3.0
PA14_17490	0.0
PA14_17480	0.0
PA14_17470	17.0
PA14_17460	26.0
PA14_17450	8.0
PA14_17440	3.0
PA14_17420	2.0
PA14_17410	0.0
PA14_17400	0.0
PA14_17380	1.0
PA14_17370	3.0
PA14_17350	0.0
PA14_17340	26.0
PA14_17330	37.0
PA14_17320	23.0
PA14_17310	23.0
PA14_17290	23.0
PA14_17280	20.0
PA14_17270	20.0
PA14_17260	5.0
PA14_17250	5.0
PA14_17230	5.0
PA14_17220	5.0
PA14_17210	20.0
PA14_17190	20.0
PA14_17180	23.0
PA14_17170	23.0
PA14_17150	5.0
PA14_17140	57.0
PA14_17130	5.0
PA14_17120	5.0
PA14_17110	5.0
PA14_17100	24.0
PA14_17080	23.0
PA14_17070	18.0
PA14_17060	45.0
PA14_17050	13.0
PA14_17040	2.0
PA14_17030	2.0
PA14_17010	1.0
PA14_17000	11.0
PA14_16990	4.0
PA14_16980	2.0
PA14_16970	3.0
PA14_16960	2.0
PA14_16950	23.0
PA14_16930	6.0
PA14_16920	38.0
PA14_16910	41.0
PA14_16890	1.0
PA14_16880	1.0
PA14_16870	1.0
PA14_16860	3.0
PA14_16840	56.0
PA14_16830	26.0
PA14_16820	50.0
PA14_16800	37.0
PA14_16790	42.0
PA14_16780	2.0
PA14_16770	1.0
PA14_16750	1.0
PA14_16740	1.0
PA14_16730	9.0
PA14_16720	44.0
PA14_16710	3.0
PA14_16700	8.0
PA14_16690	56.0
PA14_16680	12.0
PA14_16670	17.0
PA14_16660	50.0
PA14_16640	47.0
PA14_16630	47.0
PA14_16620	3.0
PA14_16610	0.0
PA14_16600	48.0
PA14_16590	25.0
PA14_16580	0.0
PA14_16560	35.0
PA14_16550	9.0
PA14_16530	33.0
PA14_16510	8.0
PA14_16500	25.0
PA14_16480	55.0
PA14_16470	25.0
PA14_16460	48.0
PA14_16450	25.0
PA14_16440	25.0
PA14_16430	10.0
PA14_16410	16.0
PA14_16390	16.0
PA14_16380	16.0
PA14_16370	16.0
PA14_16360	1.0
PA14_16350	1.0
PA14_16340	1.0
PA14_16330	27.0
PA14_16320	1.0
PA14_16310	1.0
PA14_16300	1.0
PA14_16290	1.0
PA14_16280	6.0
PA14_16270	33.0
PA14_16260	12.0
PA14_16250	32.0
PA14_16220	1.0
PA14_16210	3.0
PA14_16200	27.0
PA14_16190	27.0
PA14_16180	27.0
PA14_16160	5.0
PA14_16150	37.0
PA14_16140	37.0
PA14_16130	42.0
PA14_16110	24.0
PA14_16100	17.0
PA14_16090	5.0
PA14_16070	5.0
PA14_16050	16.0
PA14_16040	2.0
PA14_16030	1.0
PA14_16020	12.0
PA14_16010	31.0
PA14_16000	5.0
PA14_15990	18.0
PA14_15980	18.0
PA14_15970	18.0
PA14_15960	33.0
PA14_15940	5.0
PA14_15930	3.0
PA14_15920	1.0
PA14_15910	1.0
PA14_15890	13.0
PA14_15880	25.0
PA14_15870	7.0
PA14_15860	50.0
PA14_15850	0.0
PA14_15840	25.0
PA14_15830	1.0
PA14_15820	1.0
PA14_15810	1.0
PA14_15790	1.0
PA14_15780	1.0
PA14_15770	37.0
PA14_15750	3.0
PA14_15740	31.0
PA14_15720	5.0
PA14_15710	6.0
PA14_15700	9.0
PA14_15680	21.0
PA14_15670	21.0
PA14_15660	0.0
PA14_15650	1.0
PA14_15630	1.0
PA14_15620	1.0
PA14_15610	49.0
PA14_15600	49.0
PA14_15590	49.0
PA14_15580	49.0
PA14_15570	37.0
PA14_15560	0.0
PA14_15540	1.0
PA14_15530	24.0
PA14_15520	1.0
PA14_15510	24.0
PA14_15500	24.0
PA14_15490	1.0
PA14_15480	0.0
PA14_15470	20.0
PA14_15460	20.0
PA14_15450	1.0
PA14_15430	1.0
PA14_15400	37.0
PA14_15370	6.0
PA14_15380	1.0
PA14_15360	37.0
PA14_15350	37.0
PA14_15340	8.0
PA14_15310	8.0
PA14_15290	1.0
PA14_15280	1.0
PA14_15270	1.0
PA14_15260	1.0
PA14_15250	1.0
PA14_15240	1.0
PA14_15230	9.0
PA14_15210	1.0
PA14_15200	1.0
PA14_15190	1.0
PA14_15180	1.0
PA14_15160	1.0
PA14_15150	1.0
PA14_15140	17.0
PA14_15130	30.0
PA14_15120	30.0
PA14_15110	48.0
PA14_15100	16.0
PA14_15090	38.0
PA14_15080	7.0
PA14_15070	7.0
PA14_15050	0.0
PA14_15030	0.0
PA14_15020	3.0
PA14_15000	1.0
PA14_14990	14.0
PA14_14960	12.0
PA14_14940	0.0
PA14_14930	23.0
PA14_14910	5.0
PA14_14900	23.0
PA14_14890	23.0
PA14_14880	23.0
PA14_14860	5.0
PA14_14850	5.0
PA14_14830	5.0
PA14_14820	45.0
PA14_14810	21.0
PA14_14800	21.0
PA14_14780	21.0
PA14_14770	21.0
PA14_14750	21.0
PA14_14740	21.0
PA14_14730	21.0
PA14_14710	21.0
PA14_14700	57.0
PA14_14690	3.0
PA14_14680	8.0
PA14_14660	24.0
PA14_14650	23.0
PA14_14630	18.0
PA14_14610	18.0
PA14_14600	8.0
PA14_14590	57.0
PA14_14560	0.0
PA14_14550	19.0
PA14_14540	19.0
PA14_14530	41.0
PA14_14520	3.0
PA14_14510	5.0
PA14_14500	31.0
PA14_14490	1.0
PA14_14480	1.0
PA14_14470	13.0
PA14_14460	0.0
PA14_14450	26.0
PA14_14440	8.0
PA14_14430	50.0
PA14_14420	1.0
PA14_14400	1.0
PA14_14390	7.0
PA14_14380	13.0
PA14_14370	13.0
PA14_14360	28.0
PA14_14340	1.0
PA14_14330	39.0
PA14_14320	39.0
PA14_14310	3.0
PA14_14300	3.0
PA14_14290	1.0
PA14_14280	17.0
PA14_14270	17.0
PA14_14250	1.0
PA14_14230	44.0
PA14_14220	26.0
PA14_14210	27.0
PA14_14200	1.0
PA14_14170	6.0
PA14_14160	1.0
PA14_14150	48.0
PA14_14140	1.0
PA14_14130	1.0
PA14_14110	0.0
PA14_14100	35.0
PA14_14080	46.0
PA14_14060	1.0
PA14_14040	8.0
PA14_14020	16.0
PA14_14010	16.0
PA14_14000	16.0
PA14_13990	16.0
PA14_13970	4.0
PA14_13960	29.0
PA14_13950	29.0
PA14_13940	36.0
PA14_13920	36.0
PA14_13890	1.0
PA14_13880	0.0
PA14_13870	10.0
PA14_13860	1.0
PA14_13850	4.0
PA14_13840	4.0
PA14_13830	4.0
PA14_13810	4.0
PA14_13800	4.0
PA14_13780	4.0
PA14_13770	4.0
PA14_13750	4.0
PA14_13740	2.0
PA14_13730	28.0
PA14_13720	44.0
PA14_13710	44.0
PA14_13690	1.0
PA14_13680	1.0
PA14_13670	1.0
PA14_13660	1.0
PA14_13650	1.0
PA14_13630	1.0
PA14_13620	1.0
PA14_13610	47.0
PA14_13600	47.0
PA14_13590	47.0
PA14_13580	47.0
PA14_13560	1.0
PA14_13530	1.0
PA14_13520	1.0
PA14_13510	4.0
PA14_13500	4.0
PA14_13490	4.0
PA14_13470	4.0
PA14_13460	0.0
PA14_13450	0.0
PA14_13430	0.0
PA14_13420	24.0
PA14_13410	5.0
PA14_13390	0.0
PA14_13380	0.0
PA14_13370	0.0
PA14_13360	0.0
PA14_13350	0.0
PA14_13340	40.0
PA14_13330	40.0
PA14_13320	4.0
PA14_13300	4.0
PA14_13290	4.0
PA14_13280	4.0
PA14_13260	4.0
PA14_13250	37.0
PA14_13240	4.0
PA14_13230	4.0
PA14_13220	1.0
PA14_13210	12.0
PA14_13200	1.0
PA14_13190	0.0
PA14_13170	0.0
PA14_13150	32.0
PA14_13140	12.0
PA14_13130	12.0
PA14_13110	30.0
PA14_13090	43.0
PA14_13070	1.0
PA14_13060	1.0
PA14_13050	35.0
PA14_13040	35.0
PA14_13030	35.0
PA14_13010	34.0
PA14_13000	34.0
PA14_12990	2.0
PA14_12980	7.0
PA14_12970	34.0
PA14_12960	34.0
PA14_12940	34.0
PA14_12920	34.0
PA14_12910	34.0
PA14_12900	0.0
PA14_12890	2.0
PA14_12870	26.0
PA14_12860	1.0
PA14_12850	1.0
PA14_12840	12.0
PA14_12820	1.0
PA14_12810	1.0
PA14_12780	3.0
PA14_12770	1.0
PA14_12760	9.0
PA14_12750	0.0
PA14_12740	10.0
PA14_12730	1.0
PA14_12710	34.0
PA14_12700	1.0
PA14_12690	1.0
PA14_12680	17.0
PA14_12670	2.0
PA14_12650	1.0
PA14_12640	1.0
PA14_12630	1.0
PA14_12620	0.0
PA14_12610	1.0
PA14_12590	1.0
PA14_12570	0.0
PA14_12560	3.0
PA14_12550	9.0
PA14_12540	2.0
PA14_12530	16.0
PA14_12490	46.0
PA14_12470	6.0
PA14_12450	6.0
PA14_12440	6.0
PA14_12410	3.0
PA14_12400	26.0
PA14_12390	13.0
PA14_12370	0.0
PA14_12360	57.0
PA14_12350	8.0
PA14_12330	26.0
PA14_12310	5.0
PA14_12300	5.0
PA14_12280	9.0
PA14_12270	15.0
PA14_12260	12.0
PA14_12230	23.0
PA14_12210	13.0
PA14_12200	13.0
PA14_12180	45.0
PA14_12160	2.0
PA14_12170	1.0
PA14_12150	1.0
PA14_12140	6.0
PA14_12130	20.0
PA14_12120	5.0
PA14_12110	23.0
PA14_12100	49.0
PA14_12090	33.0
PA14_12080	10.0
PA14_12070	33.0
PA14_12060	3.0
PA14_12050	9.0
PA14_12030	31.0
PA14_12020	5.0
PA14_12010	8.0
PA14_11990	1.0
PA14_11980	1.0
PA14_11970	2.0
PA14_11960	2.0
PA14_11940	38.0
PA14_11930	46.0
PA14_11920	3.0
PA14_11910	0.0
PA14_11900	15.0
PA14_11890	30.0
PA14_11880	38.0
PA14_11860	38.0
PA14_11830	1.0
PA14_11810	7.0
PA14_11790	1.0
PA14_11770	1.0
PA14_11760	1.0
PA14_11750	0.0
PA14_11740	15.0
PA14_11730	1.0
PA14_11720	3.0
PA14_11700	2.0
PA14_11690	18.0
PA14_11680	0.0
PA14_11670	0.0
PA14_11660	47.0
PA14_11650	1.0
PA14_11630	1.0
PA14_11620	1.0
PA14_11610	1.0
PA14_11600	1.0
PA14_11590	1.0
PA14_11580	1.0
PA14_11570	26.0
PA14_11560	2.0
PA14_11550	8.0
PA14_11530	9.0
PA14_11520	57.0
PA14_11510	8.0
PA14_11490	1.0
PA14_11480	2.0
PA14_11470	3.0
PA14_11460	9.0
PA14_11450	8.0
PA14_11430	26.0
PA14_11420	5.0
PA14_11410	8.0
PA14_11400	46.0
PA14_11380	26.0
PA14_11370	1.0
PA14_11350	9.0
PA14_11340	10.0
PA14_11330	1.0
PA14_11320	52.0
PA14_11310	52.0
PA14_11290	52.0
PA14_11280	52.0
PA14_11270	28.0
PA14_11260	13.0
PA14_11250	3.0
PA14_11240	1.0
PA14_11230	1.0
PA14_11210	1.0
PA14_11190	1.0
PA14_11180	1.0
PA14_11170	17.0
PA14_11160	1.0
PA14_11150	1.0
PA14_11140	32.0
PA14_11130	32.0
PA14_11120	32.0
PA14_11110	1.0
PA14_11100	1.0
PA14_11090	1.0
PA14_11080	1.0
PA14_11070	11.0
PA14_11060	1.0
PA14_11050	1.0
PA14_11030	1.0
PA14_11020	1.0
PA14_11010	4.0
PA14_11000	1.0
PA14_10990	1.0
PA14_10980	1.0
PA14_10970	1.0
PA14_10960	1.0
PA14_10950	1.0
PA14_10940	1.0
PA14_10920	1.0
PA14_10910	1.0
PA14_10900	1.0
PA14_10890	1.0
PA14_10870	1.0
PA14_10850	1.0
PA14_10840	1.0
PA14_10830	1.0
PA14_10820	12.0
PA14_10800	10.0
PA14_10790	0.0
PA14_10780	0.0
PA14_10770	30.0
PA14_10750	1.0
PA14_10740	2.0
PA14_10730	0.0
PA14_10710	50.0
PA14_10700	35.0
PA14_10680	57.0
PA14_10670	1.0
PA14_10660	1.0
PA14_10650	1.0
PA14_10640	1.0
PA14_10630	1.0
PA14_10620	1.0
PA14_10610	1.0
PA14_10600	1.0
PA14_10590	1.0
PA14_10570	38.0
PA14_10560	7.0
PA14_10550	7.0
PA14_10540	7.0
PA14_10530	7.0
PA14_10500	7.0
PA14_10490	7.0
PA14_10480	0.0
PA14_10470	1.0
PA14_10440	1.0
PA14_10420	1.0
PA14_10410	11.0
PA14_10400	11.0
PA14_10380	0.0
PA14_10370	0.0
PA14_10360	36.0
PA14_10350	36.0
PA14_10340	36.0
PA14_10330	1.0
PA14_10320	1.0
PA14_10300	1.0
PA14_10290	0.0
PA14_10280	1.0
PA14_10270	1.0
PA14_10260	1.0
PA14_10250	1.0
PA14_10240	1.0
PA14_10230	1.0
PA14_10220	1.0
PA14_10210	1.0
PA14_10200	11.0
PA14_10190	1.0
PA14_10180	1.0
PA14_10170	1.0
PA14_10160	1.0
PA14_10140	1.0
PA14_10130	1.0
PA14_10120	1.0
PA14_10110	1.0
PA14_10090	1.0
PA14_10080	1.0
PA14_10070	1.0
PA14_10050	1.0
PA14_10040	6.0
PA14_10020	1.0
PA14_10010	1.0
PA14_09990	1.0
PA14_09980	1.0
PA14_09970	1.0
PA14_09960	1.0
PA14_09950	1.0
PA14_09940	14.0
PA14_09930	14.0
PA14_09920	1.0
PA14_09910	1.0
PA14_09900	36.0
PA14_09890	28.0
PA14_09880	1.0
PA14_09870	1.0
PA14_09850	1.0
PA14_09820	56.0
PA14_09810	1.0
PA14_09790	1.0
PA14_09780	1.0
PA14_09770	1.0
PA14_09760	29.0
PA14_09750	1.0
PA14_09740	1.0
PA14_09730	1.0
PA14_09710	1.0
PA14_09700	55.0
PA14_09690	7.0
PA14_09680	1.0
PA14_09660	7.0
PA14_09630	7.0
PA14_09610	7.0
PA14_09600	55.0
PA14_09580	1.0
PA14_09570	1.0
PA14_09550	24.0
PA14_09540	32.0
PA14_09530	30.0
PA14_09520	30.0
PA14_09500	30.0
PA14_09490	0.0
PA14_09480	0.0
PA14_09470	0.0
PA14_09460	0.0
PA14_09450	0.0
PA14_09440	0.0
PA14_09420	0.0
PA14_09410	0.0
PA14_09400	0.0
PA14_09380	21.0
PA14_09370	21.0
PA14_09350	21.0
PA14_09340	21.0
PA14_09320	21.0
PA14_09300	21.0
PA14_09290	21.0
PA14_09280	21.0
PA14_09270	21.0
PA14_09260	21.0
PA14_09240	21.0
PA14_09230	44.0
PA14_09220	21.0
PA14_09210	21.0
PA14_09200	13.0
PA14_09180	5.0
PA14_09160	4.0
PA14_09150	47.0
PA14_09130	5.0
PA14_09100	18.0
PA14_09090	18.0
PA14_09080	23.0
PA14_09070	33.0
PA14_09050	5.0
PA14_09040	18.0
PA14_09030	18.0
PA14_09020	18.0
PA14_09010	18.0
PA14_09000	18.0
PA14_08990	18.0
PA14_08980	18.0
PA14_08970	18.0
PA14_08960	5.0
PA14_08950	18.0
PA14_08940	18.0
PA14_08930	18.0
PA14_08920	18.0
PA14_08910	18.0
PA14_08900	18.0
PA14_08890	18.0
PA14_08880	18.0
PA14_08870	18.0
PA14_08860	18.0
PA14_08850	18.0
PA14_08840	18.0
PA14_08830	18.0
PA14_08820	18.0
PA14_08810	18.0
PA14_08790	18.0
PA14_08780	18.0
PA14_08760	18.0
PA14_08750	18.0
PA14_08740	18.0
PA14_08730	18.0
PA14_08720	18.0
PA14_08710	18.0
PA14_08680	5.0
PA14_08640	10.0
PA14_08630	31.0
PA14_08620	31.0
PA14_55640	1.0
PA14_55650	1.0
PA14_55660	1.0
PA14_55670	25.0
PA14_55690	25.0
PA14_55710	46.0
PA14_55720	1.0
PA14_55730	1.0
PA14_55740	16.0
PA14_55760	33.0
PA14_55750	16.0
PA14_55770	5.0
PA14_55780	30.0
PA14_55790	30.0
PA14_55800	11.0
PA14_55810	30.0
PA14_55820	30.0
PA14_55840	30.0
PA14_55850	30.0
PA14_55860	35.0
PA14_55880	30.0
PA14_55890	30.0
PA14_55900	30.0
PA14_55920	30.0
PA14_55930	30.0
PA14_55940	0.0
PA14_55960	0.0
PA14_55980	24.0
PA14_56000	22.0
PA14_56010	22.0
PA14_56030	12.0
PA14_56040	12.0
PA14_56050	35.0
PA14_56060	18.0
PA14_56070	33.0
PA14_56080	26.0
PA14_56090	27.0
PA14_56100	2.0
PA14_56110	3.0
PA14_56130	3.0
PA14_56140	27.0
PA14_56160	3.0
PA14_56170	4.0
PA14_56180	4.0
PA14_56190	16.0
PA14_56200	22.0
PA14_56210	1.0
PA14_56220	28.0
PA14_56240	7.0
PA14_56250	16.0
PA14_56260	6.0
PA14_56280	1.0
PA14_56300	8.0
PA14_56340	0.0
PA14_56360	0.0
PA14_56370	0.0
PA14_56380	1.0
PA14_56390	1.0
PA14_56410	1.0
PA14_56420	9.0
PA14_56430	1.0
PA14_56450	1.0
PA14_56470	1.0
PA14_56480	1.0
PA14_56510	47.0
PA14_56520	14.0
PA14_56530	2.0
PA14_56540	28.0
PA14_56550	6.0
PA14_56560	40.0
PA14_56570	38.0
PA14_56590	28.0
PA14_56600	2.0
PA14_56620	45.0
PA14_56640	45.0
PA14_56660	19.0
PA14_56670	0.0
PA14_56680	0.0
PA14_56690	44.0
PA14_56700	8.0
PA14_56720	1.0
PA14_56730	42.0
PA14_56740	1.0
PA14_56750	1.0
PA14_56770	1.0
PA14_56780	0.0
PA14_56790	6.0
PA14_56800	6.0
PA14_56810	35.0
PA14_56830	7.0
PA14_56840	1.0
PA14_56850	9.0
PA14_56870	9.0
PA14_56880	9.0
PA14_56890	1.0
PA14_56900	1.0
PA14_56910	12.0
PA14_56920	4.0
PA14_56930	4.0
PA14_56940	1.0
PA14_56950	1.0
PA14_56960	1.0
PA14_56970	15.0
PA14_56980	44.0
PA14_56990	12.0
PA14_57010	10.0
PA14_57020	10.0
PA14_57030	10.0
PA14_57040	1.0
PA14_57050	0.0
PA14_57060	0.0
PA14_57080	24.0
PA14_57070	3.0
PA14_57100	3.0
PA14_57110	0.0
PA14_57130	0.0
PA14_57140	3.0
PA14_57160	1.0
PA14_57170	1.0
PA14_57180	48.0
PA14_57190	46.0
PA14_57200	48.0
PA14_57210	23.0
PA14_57220	31.0
PA14_57240	3.0
PA14_57250	2.0
PA14_57260	25.0
PA14_57290	49.0
PA14_57300	25.0
PA14_57320	25.0
PA14_57330	25.0
PA14_57340	25.0
PA14_57360	25.0
PA14_57370	5.0
PA14_57380	25.0
PA14_57390	25.0
PA14_57410	25.0
PA14_57440	25.0
PA14_57450	25.0
PA14_57460	25.0
PA14_57470	1.0
PA14_57480	3.0
PA14_57490	23.0
PA14_57500	13.0
PA14_57510	5.0
PA14_57520	8.0
PA14_57530	13.0
PA14_57540	23.0
PA14_57560	23.0
PA14_57570	23.0
PA14_57580	45.0
PA14_57590	18.0
PA14_57600	16.0
PA14_57630	1.0
PA14_57640	1.0
PA14_57650	18.0
PA14_57670	44.0
PA14_57680	13.0
PA14_57690	0.0
PA14_57710	0.0
PA14_57720	0.0
PA14_57730	38.0
PA14_57740	38.0
PA14_57760	3.0
PA14_57770	5.0
PA14_57780	5.0
PA14_57800	5.0
PA14_57810	23.0
PA14_57820	45.0
PA14_57830	0.0
PA14_57840	49.0
PA14_57850	5.0
PA14_57870	0.0
PA14_57880	0.0
PA14_57890	5.0
PA14_57900	33.0
PA14_57910	33.0
PA14_57920	5.0
PA14_57930	5.0
PA14_57940	0.0
PA14_57950	15.0
PA14_57960	0.0
PA14_57970	0.0
PA14_57980	0.0
PA14_57990	21.0
PA14_58000	21.0
PA14_58010	21.0
PA14_58030	21.0
PA14_58040	21.0
PA14_58050	10.0
PA14_58060	38.0
PA14_58070	10.0
PA14_58080	10.0
PA14_58090	1.0
PA14_58100	24.0
PA14_58110	48.0
PA14_58120	3.0
PA14_58130	8.0
PA14_58150	8.0
PA14_58170	33.0
PA14_58180	23.0
PA14_58190	23.0
PA14_58210	9.0
PA14_58220	2.0
PA14_58230	27.0
PA14_58240	1.0
PA14_58250	27.0
PA14_58260	33.0
PA14_58270	27.0
PA14_58290	57.0
PA14_58300	7.0
PA14_58320	33.0
PA14_58330	0.0
PA14_58350	7.0
PA14_58360	1.0
PA14_58380	16.0
PA14_58390	0.0
PA14_58410	0.0
PA14_58420	0.0
PA14_58440	0.0
PA14_58450	0.0
PA14_58470	0.0
PA14_58490	0.0
PA14_58500	17.0
PA14_58510	1.0
PA14_58530	1.0
PA14_58540	6.0
PA14_58550	3.0
PA14_58560	1.0
PA14_58570	1.0
PA14_58580	21.0
PA14_58600	21.0
PA14_58610	1.0
PA14_58620	1.0
PA14_58630	0.0
PA14_58650	22.0
PA14_58660	6.0
PA14_58670	37.0
PA14_58690	37.0
PA14_58700	1.0
PA14_58720	29.0
PA14_58730	0.0
PA14_58740	48.0
PA14_58750	0.0
PA14_58760	29.0
PA14_58770	2.0
PA14_58780	2.0
PA14_58790	0.0
PA14_58800	0.0
PA14_58810	48.0
PA14_58820	41.0
PA14_58830	15.0
PA14_58840	44.0
PA14_58850	12.0
PA14_58860	4.0
PA14_58870	25.0
PA14_58880	2.0
PA14_58890	1.0
PA14_58900	1.0
PA14_58910	11.0
PA14_58920	11.0
PA14_58930	11.0
PA14_58940	11.0
PA14_58950	11.0
PA14_58960	1.0
PA14_58970	11.0
PA14_58980	11.0
PA14_58990	1.0
PA14_59000	1.0
PA14_59010	11.0
PA14_59020	11.0
PA14_59030	11.0
PA14_59050	1.0
PA14_59060	11.0
PA14_59070	11.0
PA14_59090	11.0
PA14_59100	11.0
PA14_59110	1.0
PA14_59120	1.0
PA14_59130	11.0
PA14_59140	11.0
PA14_59150	11.0
PA14_59160	0.0
PA14_59170	0.0
PA14_59180	17.0
PA14_59190	40.0
PA14_59200	11.0
PA14_59210	11.0
PA14_59220	0.0
PA14_59230	36.0
PA14_59240	11.0
PA14_59250	11.0
PA14_59270	11.0
PA14_59280	1.0
PA14_59290	11.0
PA14_59310	1.0
PA14_59320	11.0
PA14_59340	20.0
PA14_59350	50.0
PA14_59360	38.0
PA14_59380	11.0
PA14_59370	2.0
PA14_59390	29.0
PA14_59400	11.0
PA14_59410	19.0
PA14_59430	11.0
PA14_59440	11.0
PA14_59470	11.0
PA14_59480	11.0
PA14_59490	11.0
PA14_59500	11.0
PA14_59510	11.0
PA14_59520	11.0
PA14_59530	11.0
PA14_59540	11.0
PA14_59550	29.0
PA14_59560	0.0
PA14_59570	6.0
PA14_59580	20.0
PA14_59590	40.0
PA14_59600	0.0
PA14_59610	10.0
PA14_59620	40.0
PA14_59630	40.0
PA14_59640	1.0
PA14_59650	11.0
PA14_59660	1.0
PA14_59670	1.0
PA14_59680	1.0
PA14_59690	11.0
PA14_59700	1.0
PA14_59710	1.0
PA14_59720	1.0
PA14_59750	1.0
PA14_59760	6.0
PA14_59770	28.0
PA14_59780	28.0
PA14_59790	28.0
PA14_59800	10.0
PA14_59820	11.0
PA14_59830	11.0
PA14_59840	29.0
PA14_59850	1.0
PA14_59860	1.0
PA14_59870	11.0
PA14_59880	11.0
PA14_59890	11.0
PA14_59900	11.0
PA14_59910	11.0
PA14_59920	11.0
PA14_59930	11.0
PA14_59940	11.0
PA14_59950	11.0
PA14_59960	6.0
PA14_59970	0.0
PA14_59980	1.0
PA14_59990	1.0
PA14_60000	1.0
PA14_60010	1.0
PA14_60020	0.0
PA14_60030	29.0
PA14_60040	2.0
PA14_60050	2.0
PA14_60060	1.0
PA14_60070	10.0
PA14_60080	10.0
PA14_60090	22.0
PA14_60100	29.0
PA14_60110	29.0
PA14_60120	29.0
PA14_60130	33.0
PA14_60140	0.0
PA14_60190	10.0
PA14_60200	46.0
PA14_60210	57.0
PA14_60230	31.0
PA14_60240	1.0
PA14_60250	1.0
PA14_60260	25.0
PA14_60270	48.0
PA14_60280	0.0
PA14_60290	0.0
PA14_60300	29.0
PA14_60310	29.0
PA14_60320	29.0
PA14_60330	26.0
PA14_60350	23.0
PA14_60360	23.0
PA14_60370	23.0
PA14_60380	33.0
PA14_60390	3.0
PA14_60400	45.0
PA14_60410	0.0
PA14_60420	46.0
PA14_60450	45.0
PA14_60460	18.0
PA14_60470	3.0
PA14_60480	21.0
PA14_60490	28.0
PA14_60500	0.0
PA14_60520	12.0
PA14_60530	31.0
PA14_60540	6.0
PA14_60550	13.0
PA14_60560	28.0
PA14_60570	7.0
PA14_60580	13.0
PA14_60590	3.0
PA14_60600	1.0
PA14_60630	1.0
PA14_60650	1.0
PA14_60660	1.0
PA14_60670	1.0
PA14_60690	1.0
PA14_60700	7.0
PA14_60710	0.0
PA14_60730	1.0
PA14_60750	32.0
PA14_60760	1.0
PA14_60770	1.0
PA14_60780	1.0
PA14_60790	12.0
PA14_60800	24.0
PA14_60810	16.0
PA14_60820	0.0
PA14_60830	0.0
PA14_60850	0.0
PA14_60860	37.0
PA14_60870	1.0
PA14_60890	8.0
PA14_60900	6.0
PA14_60920	0.0
PA14_60930	35.0
PA14_60950	35.0
PA14_60960	12.0
PA14_60970	12.0
PA14_60990	6.0
PA14_61000	28.0
PA14_61010	29.0
PA14_61020	1.0
PA14_61040	0.0
PA14_61050	47.0
PA14_61060	21.0
PA14_61080	22.0
PA14_61090	1.0
PA14_61110	38.0
PA14_61120	6.0
PA14_61130	5.0
PA14_61140	19.0
PA14_61150	19.0
PA14_61170	1.0
PA14_61180	45.0
PA14_61190	29.0
PA14_61200	29.0
PA14_61210	1.0
PA14_61220	2.0
PA14_61250	3.0
PA14_61260	1.0
PA14_61270	1.0
PA14_61280	46.0
PA14_61290	8.0
PA14_61300	22.0
PA14_61320	38.0
PA14_61330	45.0
PA14_61340	41.0
PA14_61350	10.0
PA14_61360	31.0
PA14_61370	16.0
PA14_61380	0.0
PA14_61390	0.0
PA14_61400	23.0
PA14_61410	30.0
PA14_61430	3.0
PA14_61440	2.0
PA14_61450	9.0
PA14_61460	31.0
PA14_61470	33.0
PA14_61480	9.0
PA14_61500	30.0
PA14_61510	1.0
PA14_61520	1.0
PA14_61530	1.0
PA14_61540	1.0
PA14_61550	1.0
PA14_61560	1.0
PA14_61580	0.0
PA14_61590	0.0
PA14_61600	12.0
PA14_61610	1.0
PA14_61620	0.0
PA14_61640	0.0
PA14_61650	0.0
PA14_61660	8.0
PA14_61670	3.0
PA14_61680	8.0
PA14_61700	8.0
PA14_61710	31.0
PA14_61720	13.0
PA14_61740	13.0
PA14_61750	36.0
PA14_61770	18.0
PA14_61780	18.0
PA14_61790	5.0
PA14_61820	5.0
PA14_61840	10.0
PA14_61850	1.0
PA14_61860	0.0
PA14_61870	32.0
PA14_61880	3.0
PA14_61890	1.0
PA14_61910	1.0
PA14_61920	1.0
PA14_61940	1.0
PA14_61950	39.0
PA14_61960	31.0
PA14_61980	8.0
PA14_61990	8.0
PA14_62000	7.0
PA14_62010	1.0
PA14_62020	25.0
PA14_62030	1.0
PA14_62040	25.0
PA14_62100	0.0
PA14_62110	0.0
PA14_62120	0.0
PA14_62130	53.0
PA14_62150	53.0
PA14_62160	53.0
PA14_62170	37.0
PA14_62180	0.0
PA14_62190	46.0
PA14_62200	3.0
PA14_62230	56.0
PA14_62240	12.0
PA14_62250	15.0
PA14_62260	15.0
PA14_62270	21.0
PA14_62280	21.0
PA14_62290	21.0
PA14_62300	21.0
PA14_62330	21.0
PA14_62350	21.0
PA14_62360	50.0
PA14_62370	2.0
PA14_62380	24.0
PA14_62390	4.0
PA14_62400	4.0
PA14_62410	1.0
PA14_62420	24.0
PA14_62430	2.0
PA14_62440	3.0
PA14_62450	8.0
PA14_62470	46.0
PA14_62480	6.0
PA14_62490	5.0
PA14_62510	9.0
PA14_62520	3.0
PA14_62530	9.0
PA14_62540	44.0
PA14_62560	8.0
PA14_62570	46.0
PA14_62580	8.0
PA14_62590	13.0
PA14_62600	31.0
PA14_62620	13.0
PA14_62630	17.0
PA14_62640	6.0
PA14_62650	24.0
PA14_62660	35.0
PA14_62670	0.0
PA14_62680	0.0
PA14_62690	14.0
PA14_62710	18.0
PA14_62720	45.0
PA14_62730	33.0
PA14_62740	18.0
PA14_62760	18.0
PA14_62770	18.0
PA14_62780	33.0
PA14_62810	36.0
PA14_62830	31.0
PA14_62840	5.0
PA14_62850	5.0
PA14_62860	37.0
PA14_62870	0.0
PA14_62880	45.0
PA14_62890	5.0
PA14_62900	23.0
PA14_62910	23.0
PA14_62920	33.0
PA14_62930	23.0
PA14_62940	10.0
PA14_62960	10.0
PA14_62970	10.0
PA14_62990	10.0
PA14_63010	19.0
PA14_63020	0.0
PA14_63030	8.0
PA14_63040	6.0
PA14_63050	3.0
PA14_63060	5.0
PA14_63070	2.0
PA14_63080	0.0
PA14_63090	0.0
PA14_63100	0.0
PA14_63110	43.0
PA14_63120	43.0
PA14_63130	43.0
PA14_63150	43.0
PA14_63160	43.0
PA14_63170	12.0
PA14_63190	1.0
PA14_63200	1.0
PA14_63210	12.0
PA14_63220	43.0
PA14_63230	1.0
PA14_63240	1.0
PA14_63250	41.0
PA14_63270	41.0
PA14_63280	55.0
PA14_63290	1.0
PA14_63300	9.0
PA14_63310	1.0
PA14_63320	6.0
PA14_63330	36.0
PA14_63340	26.0
PA14_63350	0.0
PA14_63360	1.0
PA14_63370	1.0
PA14_63380	2.0
PA14_63390	1.0
PA14_63410	9.0
PA14_63420	0.0
PA14_63430	2.0
PA14_63440	11.0
PA14_63450	11.0
PA14_63470	1.0
PA14_63480	1.0
PA14_63500	1.0
PA14_63520	1.0
PA14_63530	1.0
PA14_63540	46.0
PA14_63550	46.0
PA14_63570	0.0
PA14_63580	0.0
PA14_63620	1.0
PA14_63640	1.0
PA14_63650	9.0
PA14_63660	1.0
PA14_63680	1.0
PA14_63700	1.0
PA14_63710	1.0
PA14_63720	1.0
PA14_63730	50.0
PA14_63740	50.0
PA14_63750	50.0
PA14_63770	50.0
PA14_63780	50.0
PA14_63800	50.0
PA14_63820	50.0
PA14_63830	1.0
PA14_63840	1.0
PA14_63850	10.0
PA14_63860	1.0
PA14_63880	1.0
PA14_63890	24.0
PA14_63900	36.0
PA14_63910	52.0
PA14_63920	52.0
PA14_63940	52.0
PA14_63960	52.0
PA14_63970	52.0
PA14_63990	9.0
PA14_64000	31.0
PA14_64010	10.0
PA14_64030	24.0
PA14_64050	4.0
PA14_64060	1.0
PA14_64080	9.0
PA14_64090	18.0
PA14_64100	20.0
PA14_64110	20.0
PA14_64120	9.0
PA14_64140	26.0
PA14_64170	31.0
PA14_64180	8.0
PA14_64190	31.0
PA14_64200	8.0
PA14_64220	8.0
PA14_64230	3.0
PA14_64240	1.0
PA14_64260	51.0
PA14_64270	51.0
PA14_64280	1.0
PA14_64290	1.0
PA14_64300	51.0
PA14_64310	51.0
PA14_64320	51.0
PA14_64350	13.0
PA14_64360	1.0
PA14_64370	1.0
PA14_64390	1.0
PA14_64400	1.0
PA14_64410	4.0
PA14_64420	1.0
PA14_64430	46.0
PA14_64440	2.0
PA14_64450	9.0
PA14_64460	30.0
PA14_64470	41.0
PA14_64480	47.0
PA14_64490	14.0
PA14_64500	0.0
PA14_64510	47.0
PA14_64520	14.0
PA14_64530	45.0
PA14_64540	1.0
PA14_64550	1.0
PA14_64560	1.0
PA14_64570	1.0
PA14_64580	1.0
PA14_64590	9.0
PA14_64610	1.0
PA14_64620	1.0
PA14_64640	1.0
PA14_64650	1.0
PA14_64660	1.0
PA14_64670	51.0
PA14_64680	1.0
PA14_64690	21.0
PA14_64700	21.0
PA14_64710	1.0
PA14_64720	1.0
PA14_64740	1.0
PA14_64750	1.0
PA14_64770	1.0
PA14_64780	1.0
PA14_64790	1.0
PA14_64800	1.0
PA14_64810	1.0
PA14_64820	2.0
PA14_64840	26.0
PA14_64850	1.0
PA14_64860	51.0
PA14_64870	51.0
PA14_64880	1.0
PA14_64890	51.0
PA14_64900	51.0
PA14_64910	1.0
PA14_64920	30.0
PA14_64930	17.0
PA14_64940	0.0
PA14_64950	19.0
PA14_64960	19.0
PA14_64980	19.0
PA14_64990	2.0
PA14_65000	28.0
PA14_65010	9.0
PA14_65030	1.0
PA14_65040	30.0
PA14_65050	1.0
PA14_65060	1.0
PA14_65080	31.0
PA14_65090	30.0
PA14_65110	17.0
PA14_65130	8.0
PA14_65150	18.0
PA14_65160	18.0
PA14_65170	18.0
PA14_65180	18.0
PA14_65190	13.0
PA14_65200	13.0
PA14_65230	5.0
PA14_65250	8.0
PA14_65260	0.0
PA14_65270	0.0
PA14_65280	0.0
PA14_65300	10.0
PA14_65310	0.0
PA14_65320	0.0
PA14_65350	25.0
PA14_65370	3.0
PA14_65380	0.0
PA14_65390	1.0
PA14_65400	2.0
PA14_65410	4.0
PA14_65420	57.0
PA14_65430	22.0
PA14_65450	22.0
PA14_65470	6.0
PA14_65480	3.0
PA14_65500	3.0
PA14_65520	35.0
PA14_65540	5.0
PA14_65560	8.0
PA14_65570	3.0
PA14_65580	3.0
PA14_65590	0.0
PA14_65630	8.0
PA14_65640	8.0
PA14_65660	23.0
PA14_65670	3.0
PA14_65690	9.0
PA14_65700	10.0
PA14_65710	10.0
PA14_65720	0.0
PA14_65740	0.0
PA14_65750	26.0
PA14_65760	1.0
PA14_65770	1.0
PA14_65810	1.0
PA14_65820	1.0
PA14_65840	1.0
PA14_65850	1.0
PA14_65860	1.0
PA14_65870	1.0
PA14_65880	6.0
PA14_65900	1.0
PA14_65920	1.0
PA14_65940	1.0
PA14_65950	1.0
PA14_65960	1.0
PA14_65970	1.0
PA14_65990	1.0
PA14_66000	1.0
PA14_66010	9.0
PA14_66020	38.0
PA14_66040	1.0
PA14_66050	1.0
PA14_66060	8.0
PA14_66080	8.0
PA14_66090	57.0
PA14_66100	5.0
PA14_66110	25.0
PA14_66120	5.0
PA14_66140	5.0
PA14_66150	8.0
PA14_66160	5.0
PA14_66170	23.0
PA14_66190	3.0
PA14_66200	5.0
PA14_66210	8.0
PA14_66220	23.0
PA14_66230	10.0
PA14_66240	10.0
PA14_66250	5.0
PA14_66260	33.0
PA14_66270	3.0
PA14_66290	53.0
PA14_66310	53.0
PA14_66320	22.0
PA14_66330	56.0
PA14_66340	38.0
PA14_66350	1.0
PA14_66380	9.0
PA14_66400	3.0
PA14_66410	1.0
PA14_66420	0.0
PA14_66440	33.0
PA14_66450	43.0
PA14_66460	28.0
PA14_66480	0.0
PA14_66490	1.0
PA14_66510	0.0
PA14_66520	1.0
PA14_66530	1.0
PA14_66540	1.0
PA14_66550	8.0
PA14_66560	0.0
PA14_66570	0.0
PA14_66580	10.0
PA14_66600	5.0
PA14_66610	22.0
PA14_66620	22.0
PA14_66630	22.0
PA14_66640	22.0
PA14_66650	22.0
PA14_66660	22.0
PA14_66670	0.0
PA14_66680	18.0
PA14_66690	1.0
PA14_66700	0.0
PA14_66710	45.0
PA14_66720	1.0
PA14_66750	8.0
PA14_66760	46.0
PA14_66770	10.0
PA14_66790	10.0
PA14_66800	10.0
PA14_66820	12.0
PA14_66830	12.0
PA14_66840	30.0
PA14_66850	30.0
PA14_66880	30.0
PA14_66890	5.0
PA14_66900	13.0
PA14_66910	3.0
PA14_66920	3.0
PA14_66940	5.0
PA14_66950	33.0
PA14_66960	33.0
PA14_66970	33.0
PA14_66980	25.0
PA14_66990	9.0
PA14_67010	22.0
PA14_67020	1.0
PA14_67030	9.0
PA14_67040	3.0
PA14_67050	0.0
PA14_67090	49.0
PA14_67100	55.0
PA14_67110	55.0
PA14_67120	1.0
PA14_67130	1.0
PA14_67140	1.0
PA14_67150	1.0
PA14_67170	2.0
PA14_67180	54.0
PA14_67190	11.0
PA14_67200	54.0
PA14_67210	54.0
PA14_67220	1.0
PA14_67230	1.0
PA14_67240	1.0
PA14_67250	1.0
PA14_67260	1.0
PA14_67270	41.0
PA14_67280	41.0
PA14_67300	1.0
PA14_67310	1.0
PA14_67320	1.0
PA14_67340	1.0
PA14_67350	1.0
PA14_67370	41.0
PA14_67380	1.0
PA14_67400	34.0
PA14_67410	42.0
PA14_67420	1.0
PA14_67440	1.0
PA14_67450	24.0
PA14_67460	24.0
PA14_67470	46.0
PA14_67490	8.0
PA14_67500	0.0
PA14_67510	35.0
PA14_67520	27.0
PA14_67530	1.0
PA14_67540	1.0
PA14_67550	1.0
PA14_67560	18.0
PA14_67580	31.0
PA14_67600	51.0
PA14_67620	1.0
PA14_67630	20.0
PA14_67640	26.0
PA14_67650	1.0
PA14_67670	51.0
PA14_67680	5.0
PA14_67710	1.0
PA14_67700	9.0
PA14_67720	18.0
PA14_67740	31.0
PA14_67750	31.0
PA14_67770	5.0
PA14_67780	1.0
PA14_67790	3.0
PA14_67810	13.0
PA14_67820	9.0
PA14_67830	27.0
PA14_67840	22.0
PA14_67850	31.0
PA14_67860	31.0
PA14_67880	8.0
PA14_67890	5.0
PA14_67900	5.0
PA14_67920	26.0
PA14_67930	0.0
PA14_67940	1.0
PA14_67960	2.0
PA14_67970	1.0
PA14_67990	48.0
PA14_68000	5.0
PA14_68040	36.0
PA14_68050	1.0
PA14_68060	7.0
PA14_68070	7.0
PA14_68080	13.0
PA14_68090	13.0
PA14_68100	9.0
PA14_68110	1.0
PA14_68120	1.0
PA14_68130	1.0
PA14_68140	1.0
PA14_68170	12.0
PA14_68190	12.0
PA14_68200	12.0
PA14_68210	12.0
PA14_68230	1.0
PA14_68250	1.0
PA14_68260	7.0
PA14_68280	7.0
PA14_68290	7.0
PA14_68300	28.0
PA14_68330	28.0
PA14_68340	28.0
PA14_68350	28.0
PA14_68360	20.0
PA14_68370	6.0
PA14_68380	2.0
PA14_68390	38.0
PA14_68400	47.0
PA14_68420	6.0
PA14_68430	15.0
PA14_68440	15.0
PA14_68450	19.0
PA14_68460	1.0
PA14_68470	0.0
PA14_68480	2.0
PA14_68490	1.0
PA14_68500	1.0
PA14_68510	1.0
PA14_68530	1.0
PA14_68550	1.0
PA14_68560	1.0
PA14_68570	0.0
PA14_68580	18.0
PA14_68610	8.0
PA14_68620	5.0
PA14_68630	1.0
PA14_68640	1.0
PA14_68660	1.0
PA14_68670	2.0
PA14_68680	3.0
PA14_68700	16.0
PA14_68710	31.0
PA14_68720	9.0
PA14_68730	10.0
PA14_68740	36.0
PA14_68750	56.0
PA14_68770	17.0
PA14_68780	1.0
PA14_68800	28.0
PA14_68810	15.0
PA14_68820	35.0
PA14_68830	6.0
PA14_68840	0.0
PA14_68850	30.0
PA14_68860	49.0
PA14_68870	3.0
PA14_68890	1.0
PA14_68900	7.0
PA14_68920	1.0
PA14_68930	42.0
PA14_68940	32.0
PA14_68970	25.0
PA14_68980	25.0
PA14_69000	13.0
PA14_69010	26.0
PA14_69020	33.0
PA14_69030	0.0
PA14_69040	2.0
PA14_69050	38.0
PA14_69060	13.0
PA14_69070	28.0
PA14_69090	28.0
PA14_69100	0.0
PA14_69110	1.0
PA14_69130	8.0
PA14_69140	13.0
PA14_69150	13.0
PA14_69170	1.0
PA14_69190	0.0
PA14_69200	45.0
PA14_69220	13.0
PA14_69230	7.0
PA14_69240	7.0
PA14_69250	3.0
PA14_69260	41.0
PA14_69270	2.0
PA14_69280	6.0
PA14_69300	1.0
PA14_69310	57.0
PA14_69320	5.0
PA14_69330	5.0
PA14_69340	3.0
PA14_69350	0.0
PA14_69370	56.0
PA14_69380	1.0
PA14_69390	0.0
PA14_69400	3.0
PA14_69420	5.0
PA14_69430	55.0
PA14_69440	0.0
PA14_69450	2.0
PA14_69470	24.0
PA14_69480	24.0
PA14_69500	26.0
PA14_69510	0.0
PA14_69520	0.0
PA14_69540	1.0
PA14_69550	1.0
PA14_69560	11.0
PA14_69570	26.0
PA14_69580	0.0
PA14_69590	13.0
PA14_69600	48.0
PA14_69610	22.0
PA14_69620	2.0
PA14_69630	45.0
PA14_69640	0.0
PA14_69660	48.0
PA14_69670	8.0
PA14_69690	5.0
PA14_69700	13.0
PA14_69710	1.0
PA14_69720	1.0
PA14_69740	1.0
PA14_69750	41.0
PA14_69760	1.0
PA14_69770	24.0
PA14_69780	31.0
PA14_69810	51.0
PA14_69820	2.0
PA14_69840	1.0
PA14_69850	47.0
PA14_69870	1.0
PA14_69880	1.0
PA14_69890	1.0
PA14_69900	1.0
PA14_69910	31.0
PA14_69940	31.0
PA14_69950	41.0
PA14_69970	0.0
PA14_69980	0.0
PA14_69990	13.0
PA14_70010	13.0
PA14_70040	7.0
PA14_70050	56.0
PA14_70060	0.0
PA14_70070	1.0
PA14_70080	0.0
PA14_70100	1.0
PA14_70110	1.0
PA14_70120	1.0
PA14_70140	0.0
PA14_70160	0.0
PA14_70170	0.0
PA14_70180	31.0
PA14_70190	45.0
PA14_70200	56.0
PA14_70220	50.0
PA14_70230	38.0
PA14_70240	31.0
PA14_70260	26.0
PA14_70270	49.0
PA14_70280	49.0
PA14_70290	1.0
PA14_70300	1.0
PA14_70310	1.0
PA14_70330	1.0
PA14_70340	1.0
PA14_70350	42.0
PA14_70360	38.0
PA14_70370	26.0
PA14_70390	31.0
PA14_70400	0.0
PA14_70420	8.0
PA14_70430	9.0
PA14_70440	8.0
PA14_70450	5.0
PA14_70470	5.0
PA14_70480	28.0
PA14_70490	8.0
PA14_70510	1.0
PA14_70530	1.0
PA14_70550	46.0
PA14_70560	13.0
PA14_70570	13.0
PA14_70580	42.0
PA14_70590	0.0
PA14_70600	0.0
PA14_70620	19.0
PA14_70630	24.0
PA14_70640	0.0
PA14_70650	1.0
PA14_70670	1.0
PA14_70680	1.0
PA14_70690	7.0
PA14_70710	44.0
PA14_70720	2.0
PA14_70730	17.0
PA14_70740	0.0
PA14_70750	1.0
PA14_70760	1.0
PA14_70770	5.0
PA14_70780	48.0
PA14_70790	0.0
PA14_70800	40.0
PA14_70810	40.0
PA14_70830	40.0
PA14_70850	40.0
PA14_70860	40.0
PA14_70920	3.0
PA14_70930	0.0
PA14_70940	0.0
PA14_70950	0.0
PA14_70970	0.0
PA14_70980	1.0
PA14_71000	35.0
PA14_71020	35.0
PA14_71030	24.0
PA14_71060	1.0
PA14_71070	51.0
PA14_71080	1.0
PA14_71090	9.0
PA14_71100	1.0
PA14_71110	1.0
PA14_71120	1.0
PA14_71140	1.0
PA14_71150	1.0
PA14_71160	1.0
PA14_71170	1.0
PA14_71180	1.0
PA14_71190	1.0
PA14_71200	1.0
PA14_71210	1.0
PA14_71220	1.0
PA14_71230	1.0
PA14_71240	1.0
PA14_71250	1.0
PA14_71260	1.0
PA14_71280	1.0
PA14_71300	1.0
PA14_71310	1.0
PA14_71320	2.0
PA14_71330	31.0
PA14_71340	1.0
PA14_71350	1.0
PA14_71360	3.0
PA14_71370	6.0
PA14_71380	17.0
PA14_71390	17.0
PA14_71400	1.0
PA14_71410	1.0
PA14_71420	1.0
PA14_71430	9.0
PA14_71440	7.0
PA14_71450	13.0
PA14_71460	1.0
PA14_71470	1.0
PA14_71490	1.0
PA14_71500	1.0
PA14_71510	1.0
PA14_71530	1.0
PA14_71560	1.0
PA14_71570	24.0
PA14_71580	41.0
PA14_71590	47.0
PA14_71600	31.0
PA14_71620	5.0
PA14_71630	28.0
PA14_71640	38.0
PA14_71650	0.0
PA14_71670	1.0
PA14_71680	1.0
PA14_71690	1.0
PA14_71700	1.0
PA14_71710	9.0
PA14_71720	33.0
PA14_71740	33.0
PA14_71750	40.0
PA14_71760	40.0
PA14_71780	57.0
PA14_71800	30.0
PA14_71820	28.0
PA14_71830	50.0
PA14_71840	27.0
PA14_71850	1.0
PA14_71870	8.0
PA14_71880	6.0
PA14_71890	16.0
PA14_71900	37.0
PA14_71910	25.0
PA14_71920	25.0
PA14_71930	25.0
PA14_71940	25.0
PA14_71960	25.0
PA14_71970	24.0
PA14_71990	35.0
PA14_72000	0.0
PA14_72010	3.0
PA14_72020	48.0
PA14_72030	1.0
PA14_72040	1.0
PA14_72050	1.0
PA14_72060	0.0
PA14_72070	20.0
PA14_72080	57.0
PA14_72090	2.0
PA14_72110	9.0
PA14_72130	6.0
PA14_72140	1.0
PA14_72150	2.0
PA14_72170	1.0
PA14_72180	1.0
PA14_72200	1.0
PA14_72210	1.0
PA14_72220	1.0
PA14_72230	47.0
PA14_72250	38.0
PA14_72260	28.0
PA14_72280	1.0
PA14_72300	1.0
PA14_72320	3.0
PA14_72340	31.0
PA14_72350	4.0
PA14_72360	14.0
PA14_72370	14.0
PA14_72380	24.0
PA14_72390	24.0
PA14_72400	2.0
PA14_72410	2.0
PA14_72420	25.0
PA14_72430	16.0
PA14_72450	10.0
PA14_72460	8.0
PA14_72470	16.0
PA14_72480	19.0
PA14_72490	13.0
PA14_72500	15.0
PA14_72510	28.0
PA14_72520	10.0
PA14_72540	10.0
PA14_72550	0.0
PA14_72560	6.0
PA14_72580	44.0
PA14_72590	57.0
PA14_72600	2.0
PA14_72620	31.0
PA14_72630	33.0
PA14_72640	8.0
PA14_72650	1.0
PA14_72660	1.0
PA14_72690	1.0
PA14_72700	1.0
PA14_72710	1.0
PA14_72720	9.0
PA14_72740	1.0
PA14_72750	1.0
PA14_72760	2.0
PA14_72770	16.0
PA14_72780	3.0
PA14_72790	20.0
PA14_72800	20.0
PA14_72810	20.0
PA14_72820	6.0
PA14_72830	0.0
PA14_72840	47.0
PA14_72850	1.0
PA14_72870	1.0
PA14_72880	1.0
PA14_72890	38.0
PA14_72900	0.0
PA14_72920	5.0
PA14_72930	19.0
PA14_72940	9.0
PA14_72960	1.0
PA14_72970	21.0
PA14_72980	1.0
PA14_72990	2.0
PA14_73000	52.0
PA14_73010	52.0
PA14_73020	52.0
PA14_73030	52.0
PA14_73040	52.0
PA14_73050	52.0
PA14_73060	52.0
PA14_73070	52.0
PA14_73090	41.0
PA14_73100	1.0
PA14_73110	1.0
PA14_73120	17.0
PA14_73140	10.0
PA14_73150	6.0
PA14_73160	1.0
PA14_73170	0.0
PA14_73190	0.0
PA14_73200	50.0
PA14_73220	13.0
PA14_73230	18.0
PA14_73240	18.0
PA14_73250	18.0
PA14_73260	18.0
PA14_73280	5.0
PA14_73290	18.0
PA14_73300	5.0
PA14_73310	5.0
PA14_73320	5.0
PA14_73330	5.0
PA14_73350	5.0
PA14_73360	8.0
PA14_73370	31.0
PA14_73390	1.0
PA14_73400	5.0
PA14_73410	5.0
PA14_73420	8.0
PA14_00010	0.0
PA14_00020	23.0
PA14_00030	0.0
PA14_00050	23.0
PA14_00060	20.0
PA14_00070	57.0
PA14_00080	41.0
PA14_00090	8.0
PA14_00100	5.0
PA14_00110	1.0
PA14_00120	57.0
PA14_00130	4.0
PA14_00140	9.0
PA14_00150	1.0
PA14_00160	0.0
PA14_00170	23.0
PA14_00180	8.0
PA14_00190	9.0
PA14_00200	2.0
PA14_00210	8.0
PA14_00230	1.0
PA14_00240	2.0
PA14_00250	56.0
PA14_00280	26.0
PA14_00290	46.0
PA14_00300	35.0
PA14_00310	35.0
PA14_00320	35.0
PA14_00340	1.0
PA14_00360	1.0
PA14_00380	1.0
PA14_00400	1.0
PA14_00410	0.0
PA14_00420	2.0
PA14_00430	1.0
PA14_00440	43.0
PA14_00450	43.0
PA14_00460	1.0
PA14_00470	14.0
PA14_00480	0.0
PA14_00490	1.0
PA14_00510	1.0
PA14_00520	11.0
PA14_00530	1.0
PA14_00550	1.0
PA14_00560	39.0
PA14_00570	27.0
PA14_00580	27.0
PA14_00590	9.0
PA14_00600	1.0
PA14_00620	1.0
PA14_00630	0.0
PA14_00640	0.0
PA14_00650	12.0
PA14_00660	1.0
PA14_00670	26.0
PA14_00680	1.0
PA14_00690	1.0
PA14_00700	1.0
PA14_00710	14.0
PA14_00720	47.0
PA14_00730	38.0
PA14_00740	24.0
PA14_00750	1.0
PA14_00760	1.0
PA14_00770	1.0
PA14_00780	9.0
PA14_00790	19.0
PA14_00800	25.0
PA14_00810	19.0
PA14_00820	27.0
PA14_00830	27.0
PA14_00850	1.0
PA14_00860	1.0
PA14_00890	1.0
PA14_00900	1.0
PA14_00910	27.0
PA14_00940	27.0
PA14_00960	27.0
PA14_00970	27.0
PA14_00980	27.0
PA14_00990	27.0
PA14_01010	27.0
PA14_01020	27.0
PA14_01030	27.0
PA14_01040	27.0
PA14_01060	27.0
PA14_01070	27.0
PA14_01080	27.0
PA14_01100	27.0
PA14_01110	27.0
PA14_01120	27.0
PA14_01130	27.0
PA14_01140	27.0
PA14_01150	27.0
PA14_01160	27.0
PA14_01170	1.0
PA14_01180	1.0
PA14_01190	1.0
PA14_01200	1.0
PA14_01220	27.0
PA14_01230	1.0
PA14_01240	20.0
PA14_01250	20.0
PA14_01270	20.0
PA14_01290	12.0
PA14_01300	17.0
PA14_01310	17.0
PA14_01320	17.0
PA14_01330	17.0
PA14_01340	17.0
PA14_01350	17.0
PA14_01360	17.0
PA14_01380	17.0
PA14_01390	2.0
PA14_01400	2.0
PA14_01410	9.0
PA14_01430	1.0
PA14_01440	1.0
PA14_01460	1.0
PA14_01470	1.0
PA14_01480	1.0
PA14_01490	12.0
PA14_01500	17.0
PA14_01510	1.0
PA14_01520	1.0
PA14_01540	27.0
PA14_01550	1.0
PA14_01560	33.0
PA14_01580	7.0
PA14_01600	7.0
PA14_01610	7.0
PA14_01620	7.0
PA14_01640	1.0
PA14_01660	1.0
PA14_01670	51.0
PA14_01680	51.0
PA14_01690	1.0
PA14_01710	0.0
PA14_01720	0.0
PA14_01730	28.0
PA14_01750	1.0
PA14_01760	55.0
PA14_01770	51.0
PA14_01780	51.0
PA14_01790	1.0
PA14_01800	1.0
PA14_01810	1.0
PA14_01830	1.0
PA14_01840	1.0
PA14_01860	1.0
PA14_01870	1.0
PA14_01890	1.0
PA14_01900	1.0
PA14_01910	1.0
PA14_01930	1.0
PA14_01940	41.0
PA14_01960	41.0
PA14_01970	25.0
PA14_01980	1.0
PA14_01990	1.0
PA14_02010	0.0
PA14_02020	0.0
PA14_02030	1.0
PA14_02050	1.0
PA14_02060	3.0
PA14_02070	1.0
PA14_02090	51.0
PA14_02100	1.0
PA14_02110	1.0
PA14_02130	3.0
PA14_02140	33.0
PA14_02150	1.0
PA14_02180	1.0
PA14_02190	35.0
PA14_02200	35.0
PA14_02220	35.0
PA14_02230	35.0
PA14_02250	44.0
PA14_02260	12.0
PA14_02270	22.0
PA14_02290	1.0
PA14_02300	1.0
PA14_02310	34.0
PA14_02330	1.0
PA14_02340	1.0
PA14_02360	1.0
PA14_02370	1.0
PA14_02380	1.0
PA14_02390	34.0
PA14_02410	1.0
PA14_02420	34.0
PA14_02450	41.0
PA14_02460	43.0
PA14_02470	43.0
PA14_02490	1.0
PA14_02500	34.0
PA14_02510	34.0
PA14_02520	0.0
PA14_02530	34.0
PA14_02550	1.0
PA14_02560	1.0
PA14_02570	1.0
PA14_02580	1.0
PA14_02590	1.0
PA14_02610	1.0
PA14_02620	1.0
PA14_02630	1.0
PA14_02640	1.0
PA14_02650	1.0
PA14_02660	1.0
PA14_02680	1.0
PA14_02690	1.0
PA14_02700	1.0
PA14_02720	1.0
PA14_02730	4.0
PA14_02740	1.0
PA14_02750	1.0
PA14_02760	1.0
PA14_02770	1.0
PA14_02790	1.0
PA14_02810	1.0
PA14_02830	1.0
PA14_02840	1.0
PA14_02850	1.0
PA14_02870	1.0
PA14_02890	1.0
PA14_02900	1.0
PA14_02910	1.0
PA14_02930	1.0
PA14_02960	1.0
PA14_02970	1.0
PA14_02980	1.0
PA14_02990	1.0
PA14_03000	1.0
PA14_03010	0.0
PA14_03020	1.0
PA14_03030	1.0
PA14_03040	1.0
PA14_03050	1.0
PA14_03070	1.0
PA14_03080	0.0
PA14_03090	0.0
PA14_03100	1.0
PA14_03110	1.0
PA14_03120	9.0
PA14_03130	1.0
PA14_03150	6.0
PA14_03160	12.0
PA14_03170	1.0
PA14_03180	54.0
PA14_03190	54.0
PA14_03200	54.0
PA14_03210	54.0
PA14_03220	54.0
PA14_03240	54.0
PA14_03250	20.0
PA14_03270	20.0
PA14_03290	11.0
PA14_03300	11.0
PA14_03310	6.0
PA14_03320	49.0
PA14_03330	49.0
PA14_03340	49.0
PA14_03350	49.0
PA14_03360	49.0
PA14_03370	49.0
PA14_03380	20.0
PA14_03390	10.0
PA14_03400	10.0
PA14_03420	16.0
PA14_03430	0.0
PA14_03450	0.0
PA14_03470	1.0
PA14_03480	1.0
PA14_03490	32.0
PA14_03510	32.0
PA14_03520	32.0
PA14_03530	17.0
PA14_03550	1.0
PA14_03560	1.0
PA14_03580	1.0
PA14_03590	4.0
PA14_03610	0.0
PA14_03620	1.0
PA14_03630	1.0
PA14_03650	0.0
PA14_03670	0.0
PA14_03680	0.0
PA14_03700	34.0
PA14_03710	34.0
PA14_03720	9.0
PA14_03730	4.0
PA14_03760	1.0
PA14_03770	1.0
PA14_03780	6.0
PA14_03790	6.0
PA14_03800	0.0
PA14_03810	45.0
PA14_03830	45.0
PA14_03840	1.0
PA14_03860	0.0
PA14_03870	0.0
PA14_03880	0.0
PA14_03900	0.0
PA14_03920	7.0
PA14_03930	7.0
PA14_03940	7.0
PA14_03950	7.0
PA14_03960	7.0
PA14_03980	1.0
PA14_04000	6.0
PA14_04010	0.0
PA14_04030	1.0
PA14_04020	9.0
PA14_04040	46.0
PA14_04050	9.0
PA14_04060	1.0
PA14_04070	38.0
PA14_04080	25.0
PA14_04090	55.0
PA14_04100	0.0
PA14_04110	8.0
PA14_04140	8.0
PA14_04150	0.0
PA14_04160	9.0
PA14_04180	1.0
PA14_04190	1.0
PA14_04210	1.0
PA14_04220	1.0
PA14_04230	1.0
PA14_04240	1.0
PA14_04250	1.0
PA14_04270	1.0
PA14_04290	1.0
PA14_04300	47.0
PA14_04310	8.0
PA14_04320	26.0
PA14_04330	24.0
PA14_04340	24.0
PA14_04350	1.0
PA14_04370	1.0
PA14_04380	13.0
PA14_04390	5.0
PA14_04410	7.0
PA14_04420	0.0
PA14_04430	6.0
PA14_04440	3.0
PA14_04460	5.0
PA14_04480	3.0
PA14_04490	2.0
PA14_04510	41.0
PA14_04520	41.0
PA14_04530	1.0
PA14_04550	40.0
PA14_04560	1.0
PA14_04570	1.0
PA14_04580	1.0
PA14_04590	2.0
PA14_04610	31.0
PA14_04630	53.0
PA14_04640	9.0
PA14_04650	47.0
PA14_04660	31.0
PA14_04670	26.0
PA14_04680	20.0
PA14_04690	6.0
PA14_04700	2.0
PA14_04710	8.0
PA14_04730	1.0
PA14_04750	31.0
PA14_04760	31.0
PA14_04780	1.0
PA14_04790	42.0
PA14_04810	41.0
PA14_04820	6.0
PA14_04830	50.0
PA14_04840	1.0
PA14_04850	1.0
PA14_04860	46.0
PA14_04870	13.0
PA14_04890	13.0
PA14_04900	33.0
PA14_04910	8.0
PA14_04920	3.0
PA14_04930	0.0
PA14_04940	46.0
PA14_04950	9.0
PA14_04960	2.0
PA14_04970	3.0
PA14_04980	8.0
PA14_05000	5.0
PA14_05010	1.0
PA14_05020	1.0
PA14_05030	3.0
PA14_05040	1.0
PA14_05050	17.0
PA14_05060	0.0
PA14_05070	3.0
PA14_05080	3.0
PA14_05110	1.0
PA14_05120	3.0
PA14_05130	23.0
PA14_05150	46.0
PA14_05160	33.0
PA14_05180	0.0
PA14_05190	35.0
PA14_05200	42.0
PA14_05210	0.0
PA14_05220	36.0
PA14_05230	36.0
PA14_05250	46.0
PA14_05260	13.0
PA14_05270	13.0
PA14_05280	2.0
PA14_05290	26.0
PA14_05300	1.0
PA14_05310	38.0
PA14_05320	0.0
PA14_05330	5.0
PA14_05340	2.0
PA14_05360	8.0
PA14_05380	5.0
PA14_05390	13.0
PA14_05400	3.0
PA14_05410	46.0
PA14_05420	1.0
PA14_05430	1.0
PA14_05440	1.0
PA14_05450	20.0
PA14_05460	20.0
PA14_05480	13.0
PA14_05500	33.0
PA14_05510	36.0
PA14_05520	1.0
PA14_05530	49.0
PA14_05540	49.0
PA14_05550	49.0
PA14_05560	18.0
PA14_05580	4.0
PA14_05590	0.0
PA14_05600	0.0
PA14_05620	0.0
PA14_05630	3.0
PA14_05640	1.0
PA14_05650	1.0
PA14_05660	12.0
PA14_05690	6.0
PA14_05700	9.0
PA14_05740	1.0
PA14_05750	1.0
PA14_05770	1.0
PA14_05790	1.0
PA14_05810	1.0
PA14_05820	0.0
PA14_05840	0.0
PA14_05850	1.0
PA14_05860	48.0
PA14_05870	1.0
PA14_05880	12.0
PA14_05890	41.0
PA14_05910	1.0
PA14_05920	20.0
PA14_05950	2.0
PA14_05960	45.0
PA14_05970	0.0
PA14_05990	1.0
PA14_06000	35.0
PA14_06010	47.0
PA14_06040	0.0
PA14_06030	13.0
PA14_06060	1.0
PA14_06070	1.0
PA14_06080	16.0
PA14_06090	16.0
PA14_06120	16.0
PA14_06130	38.0
PA14_06150	24.0
PA14_06160	1.0
PA14_06170	44.0
PA14_06180	21.0
PA14_06190	1.0
PA14_06200	1.0
PA14_06210	1.0
PA14_06230	1.0
PA14_06240	1.0
PA14_06250	1.0
PA14_06260	1.0
PA14_06270	17.0
PA14_06280	2.0
PA14_06290	43.0
PA14_06300	42.0
PA14_06310	12.0
PA14_06320	3.0
PA14_06330	1.0
PA14_06340	1.0
PA14_06350	1.0
PA14_06360	1.0
PA14_06390	47.0
PA14_06400	1.0
PA14_06420	1.0
PA14_06430	1.0
PA14_06450	1.0
PA14_06460	1.0
PA14_06480	1.0
PA14_06500	0.0
PA14_06510	20.0
PA14_06530	20.0
PA14_06540	1.0
PA14_06570	1.0
PA14_06580	4.0
PA14_06600	43.0
PA14_06620	1.0
PA14_06640	43.0
PA14_06650	4.0
PA14_06660	4.0
PA14_06670	4.0
PA14_06680	4.0
PA14_06690	4.0
PA14_06700	4.0
PA14_06710	4.0
PA14_06720	4.0
PA14_06730	4.0
PA14_06740	4.0
PA14_06750	4.0
PA14_06770	4.0
PA14_06790	4.0
PA14_06800	4.0
PA14_06810	4.0
PA14_06830	4.0
PA14_06840	4.0
PA14_06860	4.0
PA14_06870	4.0
PA14_06880	1.0
PA14_06890	19.0
PA14_06900	19.0
PA14_06920	1.0
PA14_06930	1.0
PA14_06940	0.0
PA14_06950	1.0
PA14_06960	0.0
PA14_06970	0.0
PA14_06980	24.0
PA14_06990	24.0
PA14_07000	1.0
PA14_07010	1.0
PA14_07020	0.0
PA14_07030	2.0
PA14_07040	26.0
PA14_07050	1.0
PA14_07060	1.0
PA14_07070	1.0
PA14_07090	0.0
PA14_07110	0.0
PA14_07130	49.0
PA14_07140	46.0
PA14_07150	1.0
PA14_07170	5.0
PA14_07190	5.0
PA14_07200	0.0
PA14_07210	0.0
PA14_07230	10.0
PA14_07240	46.0
PA14_07260	38.0
PA14_07250	38.0
PA14_07280	2.0
PA14_07290	3.0
PA14_07300	9.0
PA14_07310	2.0
PA14_07330	27.0
PA14_07340	1.0
PA14_07360	6.0
PA14_07370	0.0
PA14_07380	6.0
PA14_07400	1.0
PA14_07410	1.0
PA14_07420	1.0
PA14_07430	7.0
PA14_07440	11.0
PA14_07450	31.0
PA14_07460	0.0
PA14_07480	2.0
PA14_07500	1.0
PA14_07520	10.0
PA14_07530	5.0
PA14_07550	8.0
PA14_07560	45.0
PA14_07570	3.0
PA14_07580	2.0
PA14_07590	3.0
PA14_07600	3.0
PA14_07620	15.0
PA14_07630	15.0
PA14_07650	30.0
PA14_07660	30.0
PA14_07680	15.0
PA14_07690	2.0
PA14_07700	2.0
PA14_07710	2.0
PA14_07730	3.0
PA14_07740	46.0
PA14_07760	23.0
PA14_07770	5.0
PA14_07780	6.0
PA14_07790	6.0
PA14_07800	6.0
PA14_07810	1.0
PA14_07820	1.0
PA14_07840	41.0
PA14_07850	1.0
PA14_07860	1.0
PA14_07870	1.0
PA14_07890	1.0
PA14_07900	1.0
PA14_07910	8.0
PA14_07930	5.0
PA14_07940	26.0
PA14_07950	19.0
PA14_07960	19.0
PA14_07970	19.0
PA14_07980	19.0
PA14_07990	19.0
PA14_08000	19.0
PA14_08010	19.0
PA14_08020	19.0
PA14_08030	19.0
PA14_08040	19.0
PA14_08050	19.0
PA14_08060	19.0
PA14_08070	19.0
PA14_08090	19.0
PA14_08100	19.0
PA14_08110	19.0
PA14_08120	19.0
PA14_08130	19.0
PA14_08140	19.0
PA14_08150	19.0
PA14_08160	19.0
PA14_08180	19.0
PA14_08190	19.0
PA14_08200	19.0
PA14_08210	37.0
PA14_08220	19.0
PA14_08230	19.0
PA14_08240	19.0
PA14_08250	19.0
PA14_08260	19.0
PA14_08270	19.0
PA14_08280	19.0
PA14_08300	19.0
PA14_08310	19.0
PA14_08320	19.0
PA14_08330	37.0
PA14_08340	0.0
PA14_08350	0.0
PA14_08360	0.0
PA14_08370	13.0
PA14_08380	0.0
PA14_08390	18.0
PA14_08400	4.0
PA14_08420	30.0
PA14_08430	19.0
PA14_08440	2.0
PA14_08450	27.0
PA14_08460	0.0
PA14_08470	0.0
PA14_08480	3.0
PA14_08490	5.0
PA14_08500	33.0
PA14_08510	0.0
PA14_08520	3.0
PA14_08540	0.0
PA14_08560	20.0
PA14_09115	18.0
PA14_60445	46.0
PA14_44311	43.0
PA14_38395	2.0
PA14_27675	0.0
PA14_22075	0.0
PA14_15475	0.0
PA14_15445	20.0
PA14_15435	20.0
PA14_03855	2.0
PA14_05775	11.0
PA14_00925	27.0
PA14_02435	1.0
PA14_07355	1.0
PA14_41563	2.0
PA14_52465	1.0
PA14_69925	1.0
PA14_25305	5.0
PA14_25195	48.0
PA14_64335	1.0
PA14_08695	5.0
PA14_37965	34.0
PA14_18275	1.0
PA14_57275	49.0
PA14_63605	0.0
PA14_67065	10.0
PA14_69795	51.0
PA14_48115	32.0
PA14_57425	25.0
PA14_24445	7.0
PA14_65605	23.0
PA14_18985	4.0
PA14_24665	3.0
PA14_24675	3.0
PA14_29575	0.0
PA14_26165	1.0
PA14_32905	36.0
PA14_03166	0.0
PA14_03163	0.0
PA14_03285	20.0
PA14_03265	20.0
PA14_00875	1.0
PA14_26485	1.0
PA14_58515	1.0
PA14_51205	38.0
PA14_68955	55.0
PA14_27755	45.0
PA14_14975	24.0
PA14_32985	0.0
PA14_41575	20.0
PA14_39945	0.0
PA14_39925	0.0
PA14_37915	1.0
PA14_37745	12.0
PA14_36375	14.0
PA14_19065	2.0
PA14_18565	1.0
PA14_11845	2.0
PA14_09195	3.0
PA14_58375	0.0
PA14_65795	1.0
PA14_66875	24.0
PA14_36605	14.0
PA14_21175	0.0
PA14_19205	2.0
PA14_17675	3.0
PA14_67975	5.0
PA14_36345	39.0
PA14_43405	15.0
PA14_38825	1.0
PA14_24245	33.0
PA14_28895	1.0
PA14_55117	45.0
PA14_59845	0.0
