PAO1 id	Name	PA14 homolog id	label	Transcriptional similarity across strains	P-value	pathways present	Related acc genes
PA2069		PA14_37745		0.4114348666009329	1.2220934753690705e-217	[]
PA3747		PA14_15940		0.4438674808666789	4.176108442645669e-257	[]
PA0813		PA14_53750		0.3404550774884849	2.9105107051346957e-145	[]
PA4918	pcnA	PA14_64950		0.2452683439580529	4.082075176212497e-74	['KEGG-Pathway-pae00760: Nicotinate and nicotinamide metabolism']
PA1281	cobV	PA14_47650		0.37331935595011895	1.587566810387509e-176	['KEGG-Pathway-pae00860: Porphyrin and chlorophyll metabolism', 'KEGG-Module-M00122: Cobalamin biosynthesis, cobinamide => cobalamin']
PA0625		PA14_08120	most stable	0.5443978784305052	0.0	[]
PA4846	aroQ1	PA14_64090		0.3983977054612893	5.817115261814857e-203	['KEGG-Pathway-pae00400: Phenylalanine, tyrosine and tryptophan biosynthesis']
PA3531	bfrB	PA14_18670		0.4093778850506434	2.797223736443501e-215	[]
PA1221		PA14_48530		0.26545232739097313	5.9069804733585815e-87	[]
PA4774		PA14_63120		0.4327468481189184	4.3946515103407045e-243	['KEGG-Pathway-pae00480: Glutathione metabolism', 'KEGG-Pathway-pae00270: Cysteine and methionine metabolism', 'KEGG-Pathway-pae00330: Arginine and proline metabolism', 'KEGG-Pathway-pae00410: beta-Alanine metabolism', 'KEGG-Module-M00034: Methionine salvage pathway']
PA4908		PA14_64850		0.32880970409496	4.676492695059166e-135	['KEGG-Pathway-pae00330: Arginine and proline metabolism']
PA2090		PA14_37470		0.4512374838237897	1.0846385555598267e-266	[]
PA3633	ygbP	PA14_17340		0.31140322095895	1.2913233775940224e-120	['KEGG-Pathway-pae00900: Terpenoid backbone biosynthesis']
PA0725		PA14_48920		0.20246203880546365	1.3574796637095293e-50	[]
PA3786		PA14_15110		0.3647858441001838	4.757005016445098e-168	[]
PA0721		PA14_48960	least stable	0.09298532593563348	9.503315571375693e-12	[]	No accessory genes
PA4610		PA14_61000		0.4504275743631482	1.259697387989265e-265	[]
PA2364	lip3	PA14_34080		0.4374185947144693	6.547314460681228e-249	[]
PA3383		PA14_20320	most stable	0.5470590995976639	0.0	['KEGG-Module-M00223: Phosphonate transport system']
PA2424	pvdL	PA14_33280	most stable	0.5648541608860475	0.0	[]
PA2178		PA14_36410		0.43026249846113546	5.062699623591315e-240	[]
PA4542	clpB	PA14_60190	most stable	0.5044554672906784	0.0	[]
PA1897		PA14_39990		0.3830697273167659	1.5736785925825068e-186	[]
PA1319	cyoC	PA14_47180		0.3689768449095606	3.519087555700655e-172	['KEGG-Pathway-pae00190: Oxidative phosphorylation']
PA3061	pelD	PA14_24510		0.31970181315366103	2.2187629842648102e-127	[]
PA1660	hsiG2	PA14_43000		0.4218373265759208	7.895717791850901e-230	['KEGG-Module-M00334: Type VI secretion system']
PA1911	femR	PA14_39810		0.4994339244287634	0.0	[]
PA2303	ambD	PA14_34830		0.37749289448365625	9.135092541120515e-181	[]
PA4127	hpcG	PA14_10590		0.22387056638840924	9.685802447968971e-62	['KEGG-Pathway-pae00350: Tyrosine metabolism']
PA4431		PA14_57570		0.3621974134571284	1.5773196577936125e-165	['KEGG-Pathway-pae00190: Oxidative phosphorylation']
PA5025	metY	PA14_66440	most stable	0.5205136154996254	0.0	['KEGG-Pathway-pae00270: Cysteine and methionine metabolism']
PA4317		PA14_56090	most stable	0.5035881358811725	0.0	[]
PA5135		PA14_67820		0.423057359267748	2.749810774767044e-231	[]
PA5402		PA14_71320		0.3158318238813073	3.371640957186633e-124	[]
PA3377		PA14_20390		0.4662662604499691	5.513677811970915e-287	['KEGG-Pathway-pae00440: Phosphonate and phosphinate metabolism']
PA2064	pcoB	PA14_37810	least stable	0.17257028553422488	4.957137573134506e-37	[]	No accessory genes
PA0224		PA14_02740		0.2561230511627633	7.063314294069678e-81	[]
PA2343	mtlY	PA14_34350		0.2277799201970763	6.582792407640145e-64	['KEGG-Pathway-pae00040: Pentose and glucuronate interconversions']
PA3479	rhlA	PA14_19100		0.485063085176363	7.6946850633e-314	[]
PA4366	sodB	PA14_56780		0.4210775514974446	6.3441323783075196e-229	[]
PA0211	mdcD	PA14_02580		0.3182113958812714	3.776313938488801e-126	[]
PA2500		PA14_32330		0.3576777133538502	3.494544072853306e-161	[]
PA2566		PA14_31350		0.3566299752447124	3.472781769529922e-160	['KEGG-Pathway-pae00920: Sulfur metabolism']
PA1877		PA14_40230		0.4007277291166884	1.5471461988944376e-205	[]
PA3583	glpR	PA14_17940		0.2971252714533047	1.7758162374328045e-109	[]
PA3675		PA14_16830		0.2874737505256861	2.6733701129309193e-102	[]
PA0723	coaB	PA14_48940		0.2163408527587873	1.1104619482937933e-57	[]
PA1508		PA14_44930		0.285472441945068	7.593808083380218e-101	[]
PA3877	narK1	PA14_13750		0.2643990375995933	2.9510928644466497e-86	['KEGG-Pathway-pae00910: Nitrogen metabolism']
PA2673		PA14_29530		0.2801629990405192	4.772549711329889e-97	['KEGG-Pathway-pae03070: Bacterial secretion system', 'KEGG-Module-M00331: Type II general secretion pathway']
PA5110	fbp	PA14_67490		0.4245026039675995	5.061025614578307e-233	['KEGG-Pathway-pae00051: Fructose and mannose metabolism', 'KEGG-Pathway-pae00030: Pentose phosphate pathway', 'KEGG-Pathway-pae00680: Methane metabolism', 'KEGG-Pathway-pae00010: Glycolysis / Gluconeogenesis']
PA0295		PA14_03855		0.4558723632068032	7.671990734609583e-273	['KEGG-Module-M00193: Putative spermidine/putrescine transport system']
PA3521	opmE	PA14_18790		0.28763030330786743	2.0552438208229124e-102	[]
PA1977		PA14_38950		0.3836507812492628	3.889291644334685e-187	[]
PA1670	stp1	PA14_42890		0.3724270733128293	1.256436060068564e-175	['KEGG-Pathway-pae03070: Bacterial secretion system']
PA2591	vqsR	PA14_30580		0.4716950889978864	1.4355652875755505e-294	[]
PA0107		PA14_01310		0.4300920399717916	8.194046214646938e-240	['KEGG-Pathway-pae00190: Oxidative phosphorylation']
PA2370	hsiH3	PA14_34000		0.4731366831001376	1.3178807545200016e-296	['KEGG-Module-M00334: Type VI secretion system']
PA2593	qteE	PA14_30560	least stable	0.15942799827363016	8.690514414622084e-32	[]	No accessory genes
PA2411		PA14_33520		0.4757631631534216	2.4161050692952227e-300	[]
PA0271		PA14_03520		0.2340033374686397	1.9143821392445647e-67	[]
PA4084	cupB3	PA14_11080		0.3778674228108779	3.7770930601451363e-181	[]
PA2939		PA14_26020		0.387659984178081	2.3310704211775637e-191	[]
PA0947		PA14_52010		0.4734774444410828	4.3341973918471966e-297	[]
PA0200		PA14_02520		0.4073424521187404	5.825643629382419e-213	[]
PA0137		PA14_01680		0.4795805230729473	7.825070172517112e-306	[]
PA3391	nosR	PA14_20230		0.3990403116706536	1.1390818628871128e-203	[]
PA0136		PA14_01670		0.4293119884164449	7.3947156325458175e-239	[]
PA1980	eraR	PA14_38900		0.2573334720085748	1.1869752688539903e-81	[]
PA1898	qscR	PA14_39980		0.2964575826676254	5.688429596095035e-109	[]
PA2133		PA14_36990		0.2538550553367245	1.946195418754796e-79	[]
PA0692	pdtB	PA14_55380		0.4022082236552593	3.48733519346882e-207	[]
PA2947	cobE	PA14_25930		0.3929676407238216	4.855831239262291e-197	['KEGG-Pathway-pae00860: Porphyrin and chlorophyll metabolism']
PA0776		PA14_54240		0.3845399519142429	4.5554651957925807e-188	[]
PA4205	mexG	PA14_09540		0.2878917743146072	1.3242595349186004e-102	[]
PA3581	glpF	PA14_17980		0.2473651146145248	2.1399683551587365e-75	[]
PA2171		PA14_36520	most stable	0.5262863769433755	0.0	[]
PA4305	rcpC	PA14_55930	most stable	0.5194395654643239	0.0	[]
PA5384	hocS	PA14_71110		0.3414079795897185	4.065582718185354e-146	[]
PA2508	catC	PA14_32230		0.2975363101346664	8.659127126343648e-110	['KEGG-Pathway-pae00362: Benzoate degradation', 'KEGG-Pathway-pae01220: Degradation of aromatic compounds', 'KEGG-Module-M00568: Catechol ortho-cleavage, catechol => 3-oxoadipate']
PA3520		PA14_18800		0.3384510251149537	1.7864686086116827e-143	[]
PA0640		PA14_08280		0.4320403772458176	3.281849030789532e-242	[]
PA4577		PA14_60560		0.4828182444002223	1.52214303566774e-310	[]
PA2066		PA14_37780		0.3101338275510638	1.3390587829318978e-119	[]
PA1999	dchA	PA14_38660		0.3170262740261771	3.555196322128696e-125	['KEGG-Pathway-pae00072: Synthesis and degradation of ketone bodies', 'KEGG-Pathway-pae00280: Valine, leucine and isoleucine degradation', 'KEGG-Pathway-pae00650: Butanoate metabolism']
PA0848	ahpB	PA14_53300		0.3335615400487121	3.622121259011731e-139	[]
PA0106	coxA	PA14_01300		0.4187964440556188	3.2022513073737804e-226	['KEGG-Pathway-pae00190: Oxidative phosphorylation']
PA0698		PA14_55290		0.4164228925261405	1.9766298407197965e-223	[]
PA0123		PA14_01500		0.3077993607868864	9.58853491023517e-118	[]
PA3445		PA14_19540	most stable	0.5261196066748297	0.0	['KEGG-Pathway-pae00920: Sulfur metabolism', 'KEGG-Module-M00436: Sulfonate transport system']
PA2097		PA14_37380		0.30251174288490257	1.3211655345595685e-113	[]
PA4850	prmA	PA14_64140		0.4459345050187186	9.041090655147309e-260	[]
PA1344		PA14_46890		0.35686731398248256	2.0658444701544835e-160	[]
PA3976	thiE	PA14_12400		0.4695730351606992	1.3740586986477108e-291	['KEGG-Pathway-pae00730: Thiamine metabolism']
PA2399	pvdD	PA14_33650		0.4125149717697065	6.941108272410787e-219	[]
PA1321	cyoE	PA14_47150		0.31971376674437285	2.1687516408606685e-127	['KEGG-Pathway-pae00190: Oxidative phosphorylation', 'KEGG-Pathway-pae00860: Porphyrin and chlorophyll metabolism']
PA0110		PA14_01340		0.326969762250693	1.746130381967839e-133	[]
PA3935	tauD	PA14_12970		0.4326247751094422	6.22235381677717e-243	['KEGG-Pathway-pae00920: Sulfur metabolism', 'KEGG-Pathway-pae00430: Taurine and hypotaurine metabolism']
PA2036		PA14_38190		0.2475329794698037	1.687969612174864e-75	[]
PA1923		PA14_39640		0.4338257223273276	2.020331730869573e-244	['KEGG-Pathway-pae00860: Porphyrin and chlorophyll metabolism']
PA2001	atoB	PA14_38630		0.3690174691524433	3.2069023853041344e-172	['KEGG-Pathway-pae00072: Synthesis and degradation of ketone bodies', 'KEGG-Pathway-pae00071: Fatty acid degradation', 'KEGG-Pathway-pae00380: Tryptophan metabolism', 'KEGG-Pathway-pae00900: Terpenoid backbone biosynthesis', 'KEGG-Pathway-pae00362: Benzoate degradation', 'KEGG-Pathway-pae00280: Valine, leucine and isoleucine degradation', 'KEGG-Pathway-pae00620: Pyruvate metabolism', 'KEGG-Pathway-pae00630: Glyoxylate and dicarboxylate metabolism', 'KEGG-Pathway-pae00310: Lysine degradation', 'KEGG-Pathway-pae00640: Propanoate metabolism', 'KEGG-Pathway-pae01212: Fatty acid metabolism', 'KEGG-Pathway-pae00650: Butanoate metabolism']
PA0996	pqsA	PA14_51430		0.22246935441288346	5.6632761755069596e-61	[]
PA4081	cupB6	PA14_11110		0.2804132161614301	3.174084603260475e-97	[]
PA1728		PA14_42200		0.4979421978033539	0.0	[]
PA1183	dctA	PA14_49130	least stable	0.19441937848778176	1.0193800902992963e-46	[]	No accessory genes
PA1869		PA14_40310		0.4330182714670249	2.0271844130305658e-243	[]
PA3822		PA14_14610		0.3756151871713399	7.517322930697467e-179	['KEGG-Pathway-pae03070: Bacterial secretion system', 'KEGG-Pathway-pae03060: Protein export', 'KEGG-Module-M00335: Sec (secretion) system']
PA1504		PA14_44980		0.4534010643985554	1.5001033474868608e-269	[]
PA4474		PA14_58070	most stable	0.51158875122717	0.0	[]
PA0035	trpA	PA14_00440		0.3144445549051758	4.5383404811336493e-123	['KEGG-Pathway-pae00260: Glycine, serine and threonine metabolism', 'KEGG-Pathway-pae00400: Phenylalanine, tyrosine and tryptophan biosynthesis', 'KEGG-Module-M00023: Tryptophan biosynthesis, chorismate => tryptophan']
PA5226		PA14_69020	most stable	0.5124815131492197	0.0	[]
PA3861	rhl	PA14_14040		0.4090335180306254	6.920559385409901e-215	['KEGG-Pathway-pae03018: RNA degradation']
PA5225		PA14_69010		0.4198552260701924	1.792322098372437e-227	[]
PA0045		PA14_00570		0.4505051523738649	9.962786900258579e-266	[]
PA3859		PA14_14080		0.35847586979490337	6.041337224174106e-162	[]
PA2345		PA14_34330		0.4268677350356096	7.02166199403937e-236	['KEGG-Pathway-pae00920: Sulfur metabolism']
PA1348		PA14_46840		0.3980347044992419	1.4589538144174505e-202	[]
PA4140		PA14_10370		0.25685562830215536	2.4027944277740316e-81	[]
PA0998	pqsC	PA14_51410		0.28000134563165385	6.209962991959926e-97	[]
PA2013	liuC	PA14_38470		0.3827163111881888	3.677371460617687e-186	['KEGG-Pathway-pae00280: Valine, leucine and isoleucine degradation', 'KEGG-Module-M00036: Leucine degradation, leucine => acetoacetate + acetyl-CoA']
PA3325		PA14_21040	least stable	0.16945257776825426	9.515920776963473e-36	[]	['PA0823']
PA2474		PA14_32640		0.4225851114691254	1.010211913197988e-230	[]
PA1546	hemN	PA14_44470		0.4831858312173528	4.409454511514e-311	['KEGG-Pathway-pae00860: Porphyrin and chlorophyll metabolism']
PA2092		PA14_37440		0.36464866725828704	6.478907297881231e-168	[]
PA0686	hxcR	PA14_55440		0.2573090781275407	1.23053124485764e-81	['KEGG-Pathway-pae03070: Bacterial secretion system', 'KEGG-Module-M00331: Type II general secretion pathway']
PA2584	pgsA	PA14_30670		0.4038947066501869	4.529465997170307e-209	['KEGG-Pathway-pae00564: Glycerophospholipid metabolism']
PA1242	sprP	PA14_48170		0.4441632401884221	1.740391044643062e-257	[]
PA2759		PA14_28410		0.4121997167866457	1.6050346215725222e-218	[]
PA0997	pqsB	PA14_51420		0.24975533266273256	7.174153141140542e-77	[]
PA4233		PA14_09195		0.4336545579502033	3.2956664147225645e-244	[]
PA0007		PA14_00080		0.3989321868738175	1.4990581064515367e-203	[]
PA3396	nosL	PA14_20150		0.38339015555056105	7.282947628261831e-187	[]
PA3532		PA14_18660		0.40814838076959997	7.066763887676687e-214	[]
PA4134		PA14_10490		0.3763090917245993	1.4781714023175365e-179	[]
PA5170	arcD	PA14_68300	most stable	0.5331930239971976	0.0	[]
PA4207	mexI	PA14_09520		0.2703839304965388	2.8702099453764287e-90	['KEGG-Module-M00644: Multidrug resistance, efflux pump MexHI-OprD']
PA1855		PA14_40520		0.3100660147001375	1.51677820654095e-119	[]
PA3518		PA14_18820		0.3004754939482208	4.92088260312119e-112	[]
PA0355	pfpI	PA14_04650	most stable	0.5103997480002641	0.0	[]
PA2342	mtlD	PA14_34360		0.2242740747223622	5.811669520409562e-62	['KEGG-Pathway-pae00051: Fructose and mannose metabolism']
PA2212		PA14_36100		0.22041377832368944	7.389340720987827e-60	['KEGG-Pathway-pae00750: Vitamin B6 metabolism', 'KEGG-Module-M00124: Pyridoxal biosynthesis, erythrose-4P => pyridoxal-5P']
PA3415		PA14_19920		0.3853121911604109	7.035885903407316e-189	['KEGG-Pathway-pae00020: Citrate cycle (TCA cycle)', 'KEGG-Pathway-pae00620: Pyruvate metabolism', 'KEGG-Pathway-pae00010: Glycolysis / Gluconeogenesis', 'KEGG-Module-M00307: Pyruvate oxidation, pyruvate => acetyl-CoA']
PA4217	phzS	PA14_09400		0.3283443991515928	1.1709444586798267e-134	[]
PA4861		PA14_64300		0.4777186071073327	3.7998336552522504e-303	['KEGG-Module-M00323: Urea transport system']
PA1041		PA14_50880		0.4513621595275046	7.431691935502936e-267	[]
PA3875	narG	PA14_13780		0.2752192366150095	1.382967871466207e-93	['KEGG-Pathway-pae00910: Nitrogen metabolism', 'KEGG-Module-M00529: Denitrification, nitrate => nitrogen', 'KEGG-Module-M00530: Dissimilatory nitrate reduction, nitrate => ammonia']
PA2302	ambE	PA14_34840		0.36606089432594396	2.673603921387408e-169	[]
PA0852	cbpD	PA14_53250		0.4194466095611416	5.459466699262747e-227	[]
PA2398	fpvA	PA14_33680		0.2833567567954178	2.5350264207249596e-99	[]
PA4141		PA14_10360		0.2862840450835257	1.9610564192710758e-101	[]
PA4571		PA14_60490		0.4355281659836944	1.5309338748613372e-246	[]
PA5208		PA14_68800		0.4354553674764596	1.8874658296767926e-246	[]
PA4672		PA14_61790		0.4074044860277827	4.953565522619742e-213	[]
PA3447		PA14_19520		0.4265646873082189	1.6364116322642885e-235	['KEGG-Pathway-pae00920: Sulfur metabolism', 'KEGG-Module-M00436: Sulfonate transport system']
PA4296	pprB	PA14_55810		0.4730372114583379	1.822870653021083e-296	[]
PA3329		PA14_21000		0.4168472745900347	6.290026443233961e-224	[]
PA2168		PA14_36540		0.39141741701014976	2.272294688863035e-195	[]
PA1974		PA14_39000		0.3689132285313512	4.0700187117967143e-172	[]
PA1049	pdxH	PA14_50800		0.36009107728655104	1.705496326935116e-163	['KEGG-Pathway-pae00750: Vitamin B6 metabolism', 'KEGG-Module-M00124: Pyridoxal biosynthesis, erythrose-4P => pyridoxal-5P']
PA2362	dotU3	PA14_34110		0.4477134298219319	4.448621295903355e-262	['KEGG-Pathway-pae03070: Bacterial secretion system', 'KEGG-Module-M00334: Type VI secretion system']
PA2361	icmF3	PA14_34130	most stable	0.5215394899410969	0.0	['KEGG-Pathway-pae03070: Bacterial secretion system', 'KEGG-Module-M00334: Type VI secretion system']
PA2141		PA14_36880		0.4853976056519461	2.471034774e-314	[]
PA5027		PA14_66460	most stable	0.5354088472193337	0.0	[]
PA1709	popD	PA14_42440	most stable	0.5488169676907811	0.0	[]
PA0122	rahU	PA14_01490		0.4262103583121111	4.395897783580779e-235	[]
PA4208	opmD	PA14_09500		0.2666217029081517	9.817946149501678e-88	['KEGG-Module-M00644: Multidrug resistance, efflux pump MexHI-OprD']
PA3569	mmsB	PA14_18140		0.3167551701754513	5.929283651946094e-125	['KEGG-Pathway-pae00280: Valine, leucine and isoleucine degradation']
PA1871	lasA	PA14_40290		0.3981071796692217	1.2143734936043636e-202	[]
PA4131		PA14_10540		0.32192140035747	3.1612446615091754e-129	[]
PA0329		PA14_04300		0.4138780342381189	1.8316946443722234e-220	[]
PA1981		PA14_38880		0.334196961440528	1.0084895515174012e-139	[]
PA2366	hsiC3	PA14_34050	most stable	0.5464517934548541	0.0	['KEGG-Module-M00334: Type VI secretion system']
PA0442		PA14_05775		0.28577051038807016	4.6211511821531934e-101	[]
PA2151		PA14_36740	most stable	0.5632407199394689	0.0	['KEGG-Pathway-pae00500: Starch and sucrose metabolism']
PA1888		PA14_40100		0.27341773516639745	2.4244773613680355e-92	[]
PA0523	norC	PA14_06810		0.4422729310228638	4.60980725318852e-255	['KEGG-Pathway-pae00910: Nitrogen metabolism', 'KEGG-Module-M00529: Denitrification, nitrate => nitrogen']
PA4584		PA14_60660		0.2552921694899231	2.389483419008133e-80	[]
PA1951	fapF	PA14_39270		0.3704471816041603	1.2092252849298759e-173	[]
PA2513	antB	PA14_32150		0.25376766656040217	2.2099784679900542e-79	['KEGG-Pathway-pae00627: Aminobenzoate degradation']
PA2048		PA14_38020		0.2782783835152762	1.0161973312451241e-95	[]
PA2157		PA14_36670		0.4103700460096056	2.0448528420521923e-216	[]
PA4785		PA14_63250		0.28570737056455753	5.134119147408027e-101	['KEGG-Pathway-pae00072: Synthesis and degradation of ketone bodies', 'KEGG-Pathway-pae00071: Fatty acid degradation', 'KEGG-Pathway-pae00380: Tryptophan metabolism', 'KEGG-Pathway-pae00900: Terpenoid backbone biosynthesis', 'KEGG-Pathway-pae00362: Benzoate degradation', 'KEGG-Pathway-pae00280: Valine, leucine and isoleucine degradation', 'KEGG-Pathway-pae00620: Pyruvate metabolism', 'KEGG-Pathway-pae00630: Glyoxylate and dicarboxylate metabolism', 'KEGG-Pathway-pae00310: Lysine degradation', 'KEGG-Pathway-pae00640: Propanoate metabolism', 'KEGG-Pathway-pae01212: Fatty acid metabolism', 'KEGG-Pathway-pae00650: Butanoate metabolism']
PA1215		PA14_48600		0.3070469225074218	3.7673320030254766e-117	[]
PA0406	tonB3	PA14_05300		0.43260814768085865	6.524114233299239e-243	[]
PA4563	rpsT	PA14_60400	most stable	0.5297925210475595	0.0	['KEGG-Pathway-pae03010: Ribosome', 'KEGG-Module-M00178: Ribosome, bacteria']
PA3440		PA14_19610	most stable	0.5427516442394793	0.0	[]
PA3876	narK2	PA14_13770		0.2780549300063692	1.4580435153724241e-95	['KEGG-Pathway-pae00910: Nitrogen metabolism']
PA1669	icmF2	PA14_42900		0.4096711627313011	1.292151394405317e-215	['KEGG-Pathway-pae03070: Bacterial secretion system', 'KEGG-Module-M00334: Type VI secretion system']
PA5100	hutU	PA14_67350		0.2942372549778005	2.6704328008210316e-107	['KEGG-Pathway-pae00340: Histidine metabolism', 'KEGG-Module-M00045: Histidine degradation, histidine => N-formiminoglutamate => glutamate']
PA3032	snr1	PA14_24860		0.3336263623789704	3.1796217139023664e-139	[]
PA0282	cysT	PA14_03680	most stable	0.5042484944163225	0.0	['KEGG-Pathway-pae00920: Sulfur metabolism', 'KEGG-Module-M00185: Sulfate transport system', 'KEGG-Module-M00616: Sulfate-sulfur assimilation']
PA4590	pra	PA14_60750		0.3427640710589586	2.4399400680567919e-147	[]
PA1000	pqsE	PA14_51380		0.2919487064017397	1.3613025204544078e-105	[]
PA4481	mreB	PA14_58150	most stable	0.5077158581031774	0.0	[]
PA1952	fapE	PA14_39260		0.3492708581393668	2.7526899632923063e-153	[]
PA1908		PA14_39850		0.318265320965736	3.409205430884633e-126	[]
PA4680		PA14_61910		0.3151615758089664	1.1860167604356179e-123	[]
PA2917		PA14_26330	least stable	0.1938579931175376	1.8731731629098542e-46	[]	No accessory genes
PA0212	mdcE	PA14_02590		0.3109795808315634	2.822206145168095e-120	[]
PA1267	lhpB	PA14_47850		0.2532796843274948	4.4899391473617616e-79	[]
PA5316	rpmB	PA14_70190		0.492407739164017	0.0	['KEGG-Pathway-pae03010: Ribosome', 'KEGG-Module-M00178: Ribosome, bacteria']
PA3551	algA	PA14_18380		0.2680162547946711	1.1414608733839784e-88	['KEGG-Pathway-pae00051: Fructose and mannose metabolism', 'KEGG-Pathway-pae00520: Amino sugar and nucleotide sugar metabolism']
PA0050		PA14_00630		0.3948491576533011	4.436397113664477e-199	[]
PA0727		PA14_48890		0.2174585981128113	2.8346865383092366e-58	[]
PA4824		PA14_63780		0.28639710095135906	1.6234195660931546e-101	[]
PA1876		PA14_40240		0.44037945581070986	1.1896355888194792e-252	[]
PA1695	pscP	PA14_42600	most stable	0.5340429533003338	0.0	['KEGG-Pathway-pae03070: Bacterial secretion system', 'KEGG-Module-M00332: Type III secretion system']
PA3327		PA14_21020		0.4199647732486204	1.329279223764208e-227	[]
PA2781		PA14_28120		0.28629109154180776	1.9381021839082182e-101	[]
PA3523	mexP	PA14_18760		0.253691984114652	2.4670481156288126e-79	[]
PA4925		PA14_65040	most stable	0.5236416559420322	0.0	[]
PA2363	hsiJ3	PA14_34100		0.4437211624683191	6.437070109934496e-257	['KEGG-Module-M00334: Type VI secretion system']
PA2357	msuE	PA14_34180		0.29154513488637346	2.7127155874976286e-105	['KEGG-Pathway-pae00920: Sulfur metabolism', 'KEGG-Pathway-pae00740: Riboflavin metabolism']
PA4825	mgtA	PA14_63800		0.3034713900041836	2.377541802406729e-114	[]
PA0210	mdcC	PA14_02570		0.28148075539836825	5.543972273752908e-98	[]
PA0111		PA14_01350		0.3043154649467564	5.2319306984561925e-115	[]
PA0619		PA14_08040	most stable	0.5468160274843232	0.0	[]
PA1942		PA14_39420		0.3326998540524477	2.041181152647224e-138	[]
PA4129		PA14_10560		0.27608783601505543	3.4492486314827815e-94	[]
PA0027		PA14_00310		0.3607867957658621	3.645431571064095e-164	[]
PA0637		PA14_08250		0.4755108054752758	5.540792243499423e-300	[]
PA4373		PA14_56870		0.3519786031138954	8.369548155585739e-156	[]
PA0452		PA14_05890		0.32332293920366656	2.1182581860183236e-130	[]
PA3920		PA14_13170		0.2942389015593063	2.6628551066744353e-107	[]
PA4155		PA14_10210		0.26628172479694445	1.6558024004830973e-87	[]
PA3524	gloA1	PA14_18750		0.3835962479693248	4.4350209856592956e-187	['KEGG-Pathway-pae00620: Pyruvate metabolism']
PA3527	pyrC	PA14_18710	most stable	0.5496829834011814	0.0	['KEGG-Pathway-pae00240: Pyrimidine metabolism']
PA0613		PA14_07980		0.4175919859515603	8.400281095839379e-225	[]
PA3931		PA14_13010		0.4405533946299133	7.153294089110017e-253	['KEGG-Module-M00238: D-Methionine transport system']
PA2862	lipA	PA14_27100		0.3971559067127763	1.3450190977167706e-201	['KEGG-Pathway-pae00561: Glycerolipid metabolism']
PA0514	nirL	PA14_06700	most stable	0.5111055814969945	0.0	[]
PA2929		PA14_26160	least stable	0.15420610129567908	7.99537409952456e-30	[]	No accessory genes
PA3906		PA14_13370		0.4390325160167862	6.049329120026819e-251	[]
PA2120		PA14_37150		0.3216700775218449	5.125013858210688e-129	[]
PA4893	ureG	PA14_64670		0.4243351109282644	8.049241343003989e-233	[]
PA3392	nosZ	PA14_20200		0.4971457423324472	0.0	['KEGG-Pathway-pae00910: Nitrogen metabolism', 'KEGG-Module-M00529: Denitrification, nitrate => nitrogen']
PA0526		PA14_06860		0.3385136553737801	1.571509837876288e-143	[]
PA2472		PA14_32660		0.3968010666150003	3.291694644666141e-201	[]
PA2189		PA14_36350		0.29133181648263223	3.903809170208967e-105	[]
PA3908		PA14_13350		0.4570882958789969	1.8011840036949034e-274	[]
PA4130		PA14_10550		0.3176275925128317	1.1411013374438332e-125	['KEGG-Pathway-pae00920: Sulfur metabolism', 'KEGG-Module-M00616: Sulfate-sulfur assimilation', 'KEGG-Module-M00176: Assimilatory sulfate reduction, sulfate => H2S']
PA2531		PA14_31820		0.2922621105880189	7.962901012284548e-106	['KEGG-Pathway-pae00360: Phenylalanine metabolism', 'KEGG-Pathway-pae00350: Tyrosine metabolism', 'KEGG-Pathway-pae00340: Histidine metabolism', 'KEGG-Pathway-pae00400: Phenylalanine, tyrosine and tryptophan biosynthesis', 'KEGG-Pathway-pae00401: Novobiocin biosynthesis']
PA4219	ampO	PA14_09370		0.4054012115378464	9.154829475498948e-211	[]
PA4301	tadB	PA14_55880		0.4707922570789973	2.678322713547816e-293	[]
PA0179		PA14_02260		0.3982159906548412	9.218768949290805e-203	['KEGG-Pathway-pae02030: Bacterial chemotaxis', 'KEGG-Module-M00506: CheA-CheYBV (chemotaxis) two-component regulatory system']
PA1700	pcr2	PA14_42530		0.4816293061487829	8.28541251575671e-309	[]
PA2573		PA14_30820	most stable	0.5280597845989348	0.0	['KEGG-Pathway-pae02030: Bacterial chemotaxis']
PA5064		PA14_66910		0.4380910125579704	9.328643151768676e-250	[]
PA0777		PA14_54230		0.3868731234603221	1.5882180655483135e-190	['KEGG-Module-M00236: Putative polar amino acid transport system']
PA1984	exaC	PA14_38840		0.22440992560846645	4.892334243508062e-62	['KEGG-Pathway-pae00620: Pyruvate metabolism', 'KEGG-Pathway-pae00010: Glycolysis / Gluconeogenesis']
PA2127	cgrA	PA14_37070	most stable	0.5179415906781908	0.0	[]
PA4683		PA14_61950		0.34317985015270785	1.026989752707828e-147	[]
PA3613		PA14_17580	most stable	0.6214360997318197	0.0	[]
PA2587	pqsH	PA14_30630		0.4834557171028351	1.7738175826377e-311	[]
PA2427		PA14_33250		0.3966560831153441	4.743479701863433e-201	[]
PA3685	yeaZ	PA14_16710		0.4133264241787029	7.990285305644586e-220	[]
PA5059		PA14_66850		0.4602315526855508	1.0299413490317495e-278	[]
PA2128	cupA1	PA14_37060		0.333137427610394	8.489056570455834e-139	[]
PA4143		PA14_10340		0.2543818742622005	9.035462980175647e-80	[]
PA2512	antA	PA14_32160		0.25516386087670223	2.883144816572984e-80	['KEGG-Pathway-pae00627: Aminobenzoate degradation']
PA1659	hsiF2	PA14_43020		0.449082053670707	7.297513801497488e-264	['KEGG-Module-M00334: Type VI secretion system']
PA0865	hpd	PA14_53070		0.3256886352477961	2.1394931152787045e-132	['KEGG-Pathway-pae00360: Phenylalanine metabolism', 'KEGG-Pathway-pae00350: Tyrosine metabolism', 'KEGG-Pathway-pae00130: Ubiquinone and other terpenoid-quinone biosynthesis']
PA2369	hsiG3	PA14_34010		0.4565885999768137	8.432409358938904e-274	['KEGG-Module-M00334: Type VI secretion system']
PA0682	hxcX	PA14_55480		0.3612893984757359	1.1929132701199962e-164	['KEGG-Pathway-pae03070: Bacterial secretion system', 'KEGG-Module-M00331: Type II general secretion pathway']
PA1831		PA14_40850		0.33215932107156204	6.0213759062186e-138	[]
PA2142		PA14_36870		0.3807095988529881	4.466333768385876e-184	[]
PA3577		PA14_18040	least stable	0.19102832757952465	3.9090822166806306e-45	[]	['PA1834']
PA5490	cc4	PA14_72460		0.40219648620767695	3.594053474861073e-207	[]
PA3824	queA	PA14_14590		0.4316935428079667	8.791102636770671e-242	[]
PA2328		PA14_34510		0.3056819360302592	4.4631628374527174e-116	['KEGG-Module-M00188: NitT/TauT family transport system']
PA4132		PA14_10530		0.3613186402252396	1.1177794961136773e-164	[]
PA4652	cupE5	PA14_61540		0.3645494049893485	8.101135449303249e-168	[]
PA4482	gatC	PA14_58170		0.3966454929359214	4.87174306260402e-201	['KEGG-Pathway-pae00970: Aminoacyl-tRNA biosynthesis']
PA2783	mep72	PA14_28100	least stable	0.10700400757322168	4.273165232957657e-15	[]	No accessory genes
PA2367	hcp3	PA14_34030		0.4726136992987854	7.245125466833037e-296	['KEGG-Pathway-pae03070: Bacterial secretion system', 'KEGG-Module-M00334: Type VI secretion system']
PA0178		PA14_02250		0.4494086685577743	2.7287999672609863e-264	['KEGG-Pathway-pae02030: Bacterial chemotaxis', 'KEGG-Module-M00506: CheA-CheYBV (chemotaxis) two-component regulatory system']
PA3417		PA14_19900		0.4990770113694541	0.0	['KEGG-Pathway-pae00020: Citrate cycle (TCA cycle)', 'KEGG-Pathway-pae00620: Pyruvate metabolism', 'KEGG-Pathway-pae00010: Glycolysis / Gluconeogenesis', 'KEGG-Module-M00307: Pyruvate oxidation, pyruvate => acetyl-CoA']
PA3773		PA14_15270		0.3698942075682156	4.3049361205447235e-173	[]
PA1315		PA14_47240		0.3380951152392968	3.699590380457513e-143	[]
PA4651	cupE4	PA14_61530		0.4519931804265931	1.0939182015990607e-267	[]
PA2402		PA14_33610	most stable	0.5270675254570947	0.0	[]
PA2155		PA14_36690		0.4906062902280829	4.35e-322	['KEGG-Pathway-pae00564: Glycerophospholipid metabolism']
PA1930		PA14_39560		0.4384522893593782	3.2685649181094635e-250	['KEGG-Pathway-pae02030: Bacterial chemotaxis']
PA1707	pcrH	PA14_42460	most stable	0.5262664069403498	0.0	[]
PA3937		PA14_12940	most stable	0.5476107916862184	0.0	['KEGG-Pathway-pae00920: Sulfur metabolism']
PA4294		PA14_55790		0.41492521219478345	1.1094625222022717e-221	[]
PA4425		PA14_57500		0.33444217757624745	6.152130301855701e-140	['KEGG-Pathway-pae00540: Lipopolysaccharide biosynthesis']
PA5178		PA14_68400	most stable	0.5289597798102268	0.0	[]
PA2175		PA14_36460		0.4436761262315165	7.353763211006318e-257	[]
PA3395	nosY	PA14_20170		0.398484106635627	4.672882128942775e-203	['KEGG-Module-M00254: ABC-2 type transport system']
PA1891		PA14_40060		0.3268600091869607	2.1652670734214195e-133	[]
PA0683	hxcY	PA14_55470		0.480932482329019	8.560420260897375e-308	['KEGG-Pathway-pae03070: Bacterial secretion system', 'KEGG-Module-M00331: Type II general secretion pathway']
PA4765	omlA	PA14_63030		0.4398924314916177	4.934738994720563e-252	[]
PA1301		PA14_47390	most stable	0.5101750601476561	0.0	[]
PA1899	phzA2	PA14_39970		0.3952422849774488	1.6567940823884022e-199	[]
PA2086		PA14_37530		0.4470886217873618	2.8868585303496224e-261	['KEGG-Pathway-pae00361: Chlorocyclohexane and chlorobenzene degradation', 'KEGG-Pathway-pae00625: Chloroalkane and chloroalkene degradation']
PA3382	phnE	PA14_20330	most stable	0.5366477802834905	0.0	['KEGG-Module-M00223: Phosphonate transport system']
PA4226	pchE	PA14_09270		0.4388028215228919	1.1800826528155982e-250	['KEGG-Pathway-pae01053: Biosynthesis of siderophore group nonribosomal peptides']
PA0691	phdA	PA14_55390		0.4804622648634289	4.126083259903655e-307	[]
PA2084		PA14_37560		0.3691105386900603	2.592002981189425e-172	['KEGG-Pathway-pae00250: Alanine, aspartate and glutamate metabolism']
PA4895		PA14_64690		0.4869356691409638	1.3111204e-316	[]
PA3982		PA14_12310	most stable	0.515568774073916	0.0	[]
PA1574		PA14_44140		0.42485661591616336	1.8964385732380338e-233	[]
PA2311		PA14_34740		0.4190810761538933	1.476768796739545e-226	[]
PA1703	pcrD	PA14_42500	most stable	0.5492387704466719	0.0	['KEGG-Pathway-pae03070: Bacterial secretion system', 'KEGG-Module-M00332: Type III secretion system']
PA5052		PA14_66760		0.3641139160669056	2.157229387243772e-167	[]
PA3398		PA14_20130		0.279457386309276	1.504078351969888e-96	[]
PA3335		PA14_20920		0.3300292811471149	4.186155877502871e-136	[]
PA4613	katB	PA14_61040		0.323943867727211	6.366581832233938e-131	['KEGG-Pathway-pae00380: Tryptophan metabolism', 'KEGG-Pathway-pae00630: Glyoxylate and dicarboxylate metabolism']
PA3450	lsfA	PA14_19490	most stable	0.5307685014952988	0.0	[]
PA2396	pvdF	PA14_33700		0.43647138957240456	1.0113188376072792e-247	[]
PA4299	tadD	PA14_55850		0.4754915398357975	5.903065178891131e-300	[]
PA2088		PA14_37510		0.3823658881763125	8.522887690512204e-186	[]
PA0213		PA14_02610		0.3520524886581283	7.139559311644023e-156	[]
PA5424		PA14_71590		0.4363519319391553	1.427410754156869e-247	[]
PA0646		PA14_08310		0.2998726933354107	1.4279312148980531e-111	[]
PA2071	fusA2	PA14_37710	most stable	0.5306966610480892	0.0	[]
PA5232		PA14_69090		0.4436836583563909	7.191837382197213e-257	[]
PA3280	oprO	PA14_21610		0.41478280235358417	1.6254491384487038e-221	[]
PA4354		PA14_56620		0.21056334857791986	1.1419563816069742e-54	[]
PA3330		PA14_20980		0.4348629894257857	1.0349268350915079e-245	[]
PA1333		PA14_47010		0.3353509527798342	9.813617114660122e-141	[]
PA5354	glcE	PA14_70680		0.2750842016883852	1.7154258075978183e-93	['KEGG-Pathway-pae00630: Glyoxylate and dicarboxylate metabolism']
PA4303	tadZ	PA14_55900		0.4720569610780228	4.431724469353541e-295	[]
PA1265		PA14_47870		0.3371526064373631	2.5315019200128152e-142	[]
PA2509	catB	PA14_32220		0.29707738523115645	1.9306518270331943e-109	['KEGG-Pathway-pae00364: Fluorobenzoate degradation', 'KEGG-Pathway-pae00362: Benzoate degradation', 'KEGG-Pathway-pae00361: Chlorocyclohexane and chlorobenzene degradation', 'KEGG-Pathway-pae01220: Degradation of aromatic compounds', 'KEGG-Module-M00568: Catechol ortho-cleavage, catechol => 3-oxoadipate']
PA3783		PA14_15140		0.3434951126392258	5.3238257490300665e-148	[]
PA0999	pqsD	PA14_51390		0.2557132889495468	1.2890882080249543e-80	[]
PA3936		PA14_12960	most stable	0.52291172223178	0.0	['KEGG-Pathway-pae00920: Sulfur metabolism']
PA1983	exaB	PA14_38850		0.27078681930472925	1.527979208995466e-90	[]
PA2033		PA14_38220		0.4338474695419263	1.8985069960447035e-244	[]
PA0105	coxB	PA14_01290		0.4574617396384902	5.673013324587191e-275	['KEGG-Pathway-pae00190: Oxidative phosphorylation']
PA3540	algD	PA14_18580		0.30496420629719045	1.6287527155466578e-115	['KEGG-Pathway-pae00051: Fructose and mannose metabolism', 'KEGG-Pathway-pae00520: Amino sugar and nucleotide sugar metabolism']
PA3986		PA14_12260		0.4369051437134834	2.890407469303789e-248	[]
PA0472	fiuI	PA14_06180		0.4563300230745329	1.872493172415146e-273	[]
PA3476	rhlI	PA14_19130		0.4699496244371829	4.078712744180781e-292	[]
PA3873	narJ	PA14_13810		0.2379596690494209	9.525869131487711e-70	['KEGG-Pathway-pae00910: Nitrogen metabolism', 'KEGG-Module-M00529: Denitrification, nitrate => nitrogen', 'KEGG-Module-M00530: Dissimilatory nitrate reduction, nitrate => ammonia']
PA2504		PA14_32280		0.3724176910858122	1.2840204956459245e-175	[]
PA0718		PA14_48990		0.2123205979635038	1.4153742394490787e-55	[]
PA3230		PA14_22410		0.210894459128627	7.71639878362179e-55	[]
PA5286		PA14_69780		0.4569923897270327	2.4227736865566884e-274	[]
PA2308		PA14_34780		0.4331654221628601	1.3322545620343165e-243	['KEGG-Module-M00188: NitT/TauT family transport system']
PA3603	dgkA	PA14_17675		0.2460117409249113	1.4397847224171646e-74	['KEGG-Pathway-pae00561: Glycerolipid metabolism', 'KEGG-Pathway-pae00564: Glycerophospholipid metabolism']
PA4648	cupE1	PA14_61500		0.4753481171502598	9.457751484053183e-300	[]
PA2413	pvdH	PA14_33500		0.4329277377799718	2.6242860073113747e-243	['KEGG-Pathway-pae00260: Glycine, serine and threonine metabolism', 'KEGG-Pathway-pae01210: 2-Oxocarboxylic acid metabolism']
PA1177	napE	PA14_49210		0.3877179496802461	2.0233656233774433e-191	[]
PA4645		PA14_61460		0.4475436081884288	7.398575563193956e-262	['KEGG-Pathway-pae00230: Purine metabolism']
PA1543	apt	PA14_44500		0.4494324440340893	2.5401291335414817e-264	['KEGG-Pathway-pae00230: Purine metabolism']
PA2313		PA14_34720		0.33368332172739834	2.8355721361533104e-139	[]
PA4470	fumC1	PA14_58030		0.4965328385399325	0.0	['KEGG-Pathway-pae00020: Citrate cycle (TCA cycle)', 'KEGG-Pathway-pae00620: Pyruvate metabolism', 'KEGG-Module-M00009: Citrate cycle (TCA cycle, Krebs cycle)', 'KEGG-Module-M00011: Citrate cycle, second carbon oxidation, 2-oxoglutarate => oxaloacetate']
PA5101		PA14_67370		0.2894486627995101	9.574563294711339e-104	[]
PA1323		PA14_47130		0.4927093238382886	0.0	[]
PA4100		PA14_10850	least stable	0.1440380306802917	3.4137701822362805e-26	[]	['PA4105', 'PA4107', 'PA4106', 'PA4103', 'PA4101', 'PA4104']
PA2310		PA14_34750		0.4306942219922258	1.4935191631350777e-240	['KEGG-Pathway-pae00920: Sulfur metabolism', 'KEGG-Pathway-pae00430: Taurine and hypotaurine metabolism']
PA3376		PA14_20400		0.4622984639214059	1.5796398285847082e-281	[]
PA2923	hisJ	PA14_26240		0.4053182193295608	1.1355899215738549e-210	[]
PA0783	putP	PA14_54150		0.2588874476634236	1.1856115465149274e-82	[]
PA1720	pscG	PA14_42300	most stable	0.542050322544554	0.0	[]
PA3891	opuCA	PA14_13580	most stable	0.5046101905376261	0.0	[]
PA2098		PA14_37370		0.4133964976866928	6.6277155886774e-220	[]
PA3282		PA14_21590	least stable	0.16921867565257176	1.1850451252666533e-35	[]	No accessory genes
PA0176	aer2	PA14_02220		0.4460362791716769	6.676497372475136e-260	['KEGG-Pathway-pae02030: Bacterial chemotaxis']
PA0717		PA14_49000		0.2521840692074389	2.1927438910562197e-78	[]
PA2597		PA14_30500		0.3364507050888866	1.0555659567286834e-141	[]
PA3905		PA14_13380		0.4334773944556772	5.467431599341673e-244	[]
PA0694	exbD2	PA14_55340		0.4699205348355998	4.4801443950843305e-292	[]
PA0641		PA14_08300		0.4073726951459156	5.382839230490483e-213	[]
PA5102		PA14_67380		0.3785964744247836	6.746559280958295e-182	[]
PA1662	clpV2	PA14_42980		0.3891637475336855	5.869041412723964e-193	['KEGG-Pathway-pae03070: Bacterial secretion system', 'KEGG-Module-M00334: Type VI secretion system']
PA3477	rhlR	PA14_19120	most stable	0.5130180755819985	0.0	['KEGG-Module-M00644: Multidrug resistance, efflux pump MexHI-OprD']
PA1666	lip2	PA14_42940		0.445369807033041	4.8528130282859954e-259	['KEGG-Pathway-pae03070: Bacterial secretion system', 'KEGG-Module-M00334: Type VI secretion system']
PA0812		PA14_53770		0.3268123995460939	2.3770065602216526e-133	[]
PA3932		PA14_13000		0.4659774693900871	1.3837922060304341e-286	[]
PA3441		PA14_19590		0.3323658817695224	3.983565779266947e-138	[]
PA2016	liuR	PA14_38430		0.4758930388623147	1.5757572621632612e-300	[]
PA0380		PA14_04970		0.3830763250027183	1.5489241593664103e-186	['KEGG-Pathway-pae04122: Sulfur relay system']
PA2590		PA14_30590		0.25353360320898344	3.1055234998766384e-79	[]
PA4524	nadC	PA14_58700		0.3222416224073009	1.7068825536560302e-129	['KEGG-Pathway-pae00760: Nicotinate and nicotinamide metabolism', 'KEGG-Module-M00115: NAD biosynthesis, aspartate => NAD']
PA0622		PA14_08070	most stable	0.5470937568092215	0.0	[]
PA0222		PA14_02720		0.36662198542144736	7.501001203201774e-170	['KEGG-Module-M00193: Putative spermidine/putrescine transport system']
PA4858		PA14_64270	most stable	0.5301173230950521	0.0	['KEGG-Module-M00323: Urea transport system']
PA2197		PA14_36290		0.32457278932686506	1.8786939899277476e-131	[]
PA4768	smpB	PA14_63060		0.4004167788594332	3.4229080645547885e-205	[]
PA2485		PA14_32490		0.3989378640625176	1.4776022233335685e-203	[]
PA3478	rhlB	PA14_19110		0.4219838413056117	5.279673633310474e-230	[]
PA1746		PA14_41970		0.39554085138386735	7.834464465998306e-200	[]
PA1856		PA14_40510		0.2542979271980425	1.02118165492589e-79	['KEGG-Pathway-pae00190: Oxidative phosphorylation', 'KEGG-Module-M00156: Cytochrome c oxidase, cbb3-type']
PA3287		PA14_21530		0.3251450194803966	6.172828614251028e-132	[]
PA2325		PA14_34550		0.30945245702016705	4.676935783144487e-119	[]
PA0433		PA14_05630		0.2391439294737016	1.9104944825621474e-70	[]
PA0097		PA14_01180	most stable	0.5399098225196239	0.0	[]
PA1324		PA14_47120	most stable	0.5028848540109643	0.0	[]
PA1702	pcr4	PA14_42510		0.4543682024173317	7.786594047630209e-271	[]
PA1781	nirB	PA14_41530		0.4843936776486344	7.442320686e-313	['KEGG-Pathway-pae00910: Nitrogen metabolism', 'KEGG-Module-M00530: Dissimilatory nitrate reduction, nitrate => ammonia']
PA1786	nasS	PA14_41480		0.4736606126910986	2.3827276208317104e-297	['KEGG-Pathway-pae00910: Nitrogen metabolism']
PA2446	gcvH2	PA14_32985		0.2420681661592793	3.480514948185324e-72	['KEGG-Pathway-pae00260: Glycine, serine and threonine metabolism', 'KEGG-Pathway-pae00630: Glyoxylate and dicarboxylate metabolism']
PA3734		PA14_16100		0.40772971953745946	2.1156363427367642e-213	[]
PA0545		PA14_07070		0.3996151518220132	2.640881752066291e-204	[]
PA4225	pchF	PA14_09280		0.4283984364141935	9.653020747326759e-238	['KEGG-Pathway-pae01053: Biosynthesis of siderophore group nonribosomal peptides']
PA5063	ubiE	PA14_66900	most stable	0.5114018207574836	0.0	['KEGG-Pathway-pae00130: Ubiquinone and other terpenoid-quinone biosynthesis']
PA3550	algF	PA14_18410		0.2879970472977142	1.109327085762352e-102	[]
PA1219		PA14_48550		0.28024342163616145	4.18637723254257e-97	[]
PA5538	amiA	PA14_73040		0.4280771333950746	2.3782638353777027e-237	[]
PA4956	rhdA	PA14_65480		0.38544987779821227	5.040261285267623e-189	['KEGG-Pathway-pae00270: Cysteine and methionine metabolism', 'KEGG-Pathway-pae00920: Sulfur metabolism', 'KEGG-Pathway-pae04122: Sulfur relay system']
PA1220		PA14_48540		0.2990858547406765	5.7142253911045974e-111	[]
PA2629	purB	PA14_30110	most stable	0.5198888826459828	0.0	['KEGG-Pathway-pae00230: Purine metabolism', 'KEGG-Pathway-pae00250: Alanine, aspartate and glutamate metabolism', 'KEGG-Module-M00048: Inosine monophosphate biosynthesis, PRPP + glutamine => IMP', 'KEGG-Module-M00049: Adenine ribonucleotide biosynthesis, IMP => ADP,ATP']
PA2517	xylY	PA14_32100		0.3210178485168812	1.7919363544988625e-128	['KEGG-Pathway-pae00364: Fluorobenzoate degradation', 'KEGG-Pathway-pae00362: Benzoate degradation', 'KEGG-Pathway-pae01220: Degradation of aromatic compounds']
PA3283		PA14_21580	least stable	0.19833107020637367	1.3944804954296243e-48	[]	No accessory genes
PA4498	mdpA	PA14_58375		0.2343212266641507	1.2547521956244721e-67	[]
PA3796		PA14_14975		0.3867579905524965	2.1021046574999178e-190	[]
PA2386	pvdA	PA14_33810		0.4880388246576141	3.01006e-318	[]
PA5341		PA14_70510		0.3937005878289182	7.824533216965253e-198	[]
PA0623		PA14_08090	most stable	0.5481889537542475	0.0	[]
PA2322		PA14_34630		0.2632531703510557	1.6841991705768245e-85	[]
PA2312		PA14_34730		0.4818399088654067	4.086324215844515e-309	[]
PA0621		PA14_08060		0.4602458477606118	9.849524131279232e-279	[]
PA2301		PA14_34850		0.2759006598985764	4.6544811415747104e-94	[]
PA4300	tadC	PA14_55860		0.4628878574646136	2.4688400768358416e-282	[]
PA2053	cynT	PA14_37950		0.2645294146758822	2.4192457241714538e-86	['KEGG-Pathway-pae00910: Nitrogen metabolism']
PA1724	pscK	PA14_42260		0.4943089782767414	0.0	['KEGG-Module-M00332: Type III secretion system']
PA0509	nirN	PA14_06650	most stable	0.5288191906778286	0.0	[]
PA3284		PA14_21570		0.25268345886528765	1.0652960137799568e-78	[]
PA0635		PA14_08230		0.4477664227810117	3.795426913869663e-262	[]
PA2552		PA14_31540		0.4163754097103217	2.246565212332941e-223	['KEGG-Pathway-pae00281: Geraniol degradation']
PA5462		PA14_72080		0.2948296032229165	9.595915656516841e-108	[]
PA1917		PA14_39730		0.3172933062244461	2.1470124766848706e-125	[]
PA2463		PA14_32780		0.2995421234982297	2.5583324579950874e-111	[]
PA1780	nirD	PA14_41540		0.2749036615997733	2.287584898825624e-93	['KEGG-Pathway-pae00910: Nitrogen metabolism', 'KEGG-Module-M00530: Dissimilatory nitrate reduction, nitrate => ammonia']
PA2493	mexE	PA14_32400		0.25074133134009474	1.749065716800439e-77	[]
PA2113	opdO	PA14_37260		0.30630896728027873	1.4360703993290554e-116	[]
PA2307		PA14_34790		0.3375418809464583	1.1449028187096943e-142	['KEGG-Module-M00188: NitT/TauT family transport system']
PA3522	mexQ	PA14_18780		0.2909228305702051	7.837805775807041e-105	[]
PA4351	olsA	PA14_56570		0.473156908519411	1.23374538999481e-296	['KEGG-Pathway-pae00561: Glycerolipid metabolism', 'KEGG-Pathway-pae00564: Glycerophospholipid metabolism']
PA2425	pvdG	PA14_33270	most stable	0.5221907179305249	0.0	[]
PA1896		PA14_40010		0.32128386948490995	1.075869816124602e-128	[]
PA0171		PA14_02140		0.3067888885479921	6.017661657507655e-117	[]
PA3872	narI	PA14_13830		0.2443086889609152	1.559020416250525e-73	['KEGG-Pathway-pae00910: Nitrogen metabolism', 'KEGG-Module-M00529: Denitrification, nitrate => nitrogen', 'KEGG-Module-M00530: Dissimilatory nitrate reduction, nitrate => ammonia']
PA3975	thiD	PA14_12410	most stable	0.5033107524944769	0.0	['KEGG-Pathway-pae00730: Thiamine metabolism']
PA1230		PA14_48380		0.43916389699266	4.126810050278555e-251	[]
PA5528		PA14_72930		0.4504549422435379	1.1596481502718575e-265	[]
PA0655		PA14_08400		0.36676647121633976	5.405068311098103e-170	['KEGG-Pathway-pae00130: Ubiquinone and other terpenoid-quinone biosynthesis']
PA2204		PA14_36200		0.4912399149656674	5e-323	['KEGG-Module-M00236: Putative polar amino acid transport system']
PA1875		PA14_40250		0.4245358494911405	4.61557857877365e-233	[]
PA2172		PA14_36500		0.4967685693764412	0.0	[]
PA1979	eraS	PA14_38910		0.30913333964741285	8.391759318089799e-119	[]
PA0829		PA14_53540		0.22474532247685994	3.1964640171329997e-62	[]
PA2761		PA14_28390		0.3815955008856848	5.3895756961790804e-185	[]
PA0697		PA14_55300		0.4300958433560419	8.106507321963971e-240	[]
PA3381		PA14_20350		0.4061979171241884	1.1535366513567188e-211	[]
PA4568	rplU	PA14_60460		0.498728398953028	0.0	['KEGG-Pathway-pae03010: Ribosome', 'KEGG-Module-M00178: Ribosome, bacteria']
PA2166		PA14_36560		0.37056365374544864	9.251580714749086e-174	[]
PA0588		PA14_07680	most stable	0.5493248053589693	0.0	[]
PA3724	lasB	PA14_16250		0.4465684280505153	1.365650958538566e-260	[]
PA1900	phzB2	PA14_39960		0.4440250693283171	2.6198594380986225e-257	[]
PA5103	puuR	PA14_67400		0.4422979052609064	4.283219919283912e-255	['KEGG-Module-M00208: Glycine betaine/proline transport system']
PA0524	norB	PA14_06830	most stable	0.5109101833698668	0.0	['KEGG-Pathway-pae00910: Nitrogen metabolism', 'KEGG-Module-M00529: Denitrification, nitrate => nitrogen']
PA2116		PA14_37210		0.28595465005068543	3.399053308605321e-101	[]
PA1217		PA14_48570		0.303553294346111	2.0531810026638424e-114	['KEGG-Pathway-pae00290: Valine, leucine and isoleucine biosynthesis', 'KEGG-Pathway-pae01210: 2-Oxocarboxylic acid metabolism', 'KEGG-Pathway-pae00620: Pyruvate metabolism', 'KEGG-Module-M00432: Leucine biosynthesis, 2-oxoisovalerate => 2-oxoisocaproate']
PA4862		PA14_64310		0.4658668973262303	1.967790538704706e-286	['KEGG-Module-M00323: Urea transport system']
PA5429	aspA	PA14_71650		0.37902513782581737	2.4453258477654857e-182	['KEGG-Pathway-pae00250: Alanine, aspartate and glutamate metabolism']
PA3572		PA14_18100		0.3505630281580109	1.7445516097919772e-154	[]
PA5320	coaC	PA14_70240		0.4202818459917264	5.593092840043193e-228	['KEGG-Pathway-pae00770: Pantothenate and CoA biosynthesis']
PA1511	vgrG2a	PA14_44900		0.3920850346807255	4.347896568471842e-196	['KEGG-Pathway-pae03070: Bacterial secretion system', 'KEGG-Module-M00334: Type VI secretion system']
PA3328		PA14_21010		0.422034949019185	4.587940389300331e-230	[]
PA3580		PA14_17990		0.3913163462145885	2.9177352427304975e-195	[]
PA4274	rplK	PA14_08720	most stable	0.5768701900092711	0.0	['KEGG-Pathway-pae03010: Ribosome', 'KEGG-Module-M00178: Ribosome, bacteria']
PA1844	tse1	PA14_40660		0.34450701471695433	6.428615864100455e-149	[]
PA4479	mreD	PA14_58120		0.4652757188923696	1.2898904294874213e-285	[]
PA3326	clpP2	PA14_21030		0.4588616826672006	7.367621943543e-277	[]
PA3929	cioB	PA14_13040		0.3637141156339891	5.2942689640623526e-167	['KEGG-Pathway-pae00190: Oxidative phosphorylation']
PA2321		PA14_34640		0.3049616009984657	1.6364134659171415e-115	['KEGG-Pathway-pae00030: Pentose phosphate pathway']
PA0738		PA14_54730		0.32813020487641603	1.7856513413447367e-134	[]
PA3333	fabH2	PA14_20950		0.4236550857808821	5.281318628731261e-232	['KEGG-Pathway-pae01212: Fatty acid metabolism', 'KEGG-Pathway-pae00061: Fatty acid biosynthesis', 'KEGG-Module-M00082: Fatty acid biosynthesis, initiation', 'KEGG-Module-M00083: Fatty acid biosynthesis, elongation']
PA4822		PA14_63750		0.2474576383512965	1.8776817777744884e-75	[]
PA2937		PA14_26060		0.4647478102589826	6.892482792880526e-285	[]
PA4607		PA14_60960		0.3952282873352401	1.7159687174824632e-199	[]
PA1174	napA	PA14_49250		0.43143272133194016	1.842958634230389e-241	['KEGG-Pathway-pae00910: Nitrogen metabolism', 'KEGG-Module-M00529: Denitrification, nitrate => nitrogen', 'KEGG-Module-M00530: Dissimilatory nitrate reduction, nitrate => ammonia']
PA4365	lysE	PA14_56770		0.2875298089524285	2.4331914156567054e-102	[]
PA1282		PA14_47640		0.24748978741176514	1.7942596572837743e-75	[]
PA2384		PA14_33830		0.4609585349748864	1.0597008296256148e-279	[]
PA0471	fiuR	PA14_06170	most stable	0.5082107566967918	0.0	[]
PA4328		PA14_56220	most stable	0.5505418323625619	0.0	[]
PA2150		PA14_36760		0.4758747274352327	1.6736552931630742e-300	[]
PA0519	nirS	PA14_06750	most stable	0.5063873430802092	0.0	['KEGG-Pathway-pae00910: Nitrogen metabolism', 'KEGG-Module-M00529: Denitrification, nitrate => nitrogen']
PA0614		PA14_07990		0.4729652708276594	2.304702591044533e-296	[]
PA1009		PA14_51280		0.4313692814353807	2.20630160295455e-241	[]
PA4348		PA14_56540	most stable	0.5459097625922473	0.0	[]
PA5097		PA14_67310		0.2970843722443041	1.9072474563236916e-109	[]
PA4636		PA14_61360		0.3440714806287483	1.5984524393894e-148	[]
PA1762		PA14_41780		0.3728297164690473	4.9440677814292444e-176	[]
PA4292		PA14_55770	most stable	0.5404822401512667	0.0	[]
PA1127		PA14_49800		0.2481930338493665	6.628758236352409e-76	[]
PA2757		PA14_28430		0.310169654973169	1.2537168731459e-119	[]
PA1671	stk1	PA14_42880		0.33963497820826616	1.5749639556631582e-144	[]
PA0403	pyrR	PA14_05270		0.4764287786824828	2.6972902334754165e-301	['KEGG-Pathway-pae00240: Pyrimidine metabolism']
PA0024	hemF	PA14_00280		0.4362731524796983	1.7914876590489038e-247	['KEGG-Pathway-pae00860: Porphyrin and chlorophyll metabolism']
PA2331		PA14_34460		0.32416169121328026	4.173204515683564e-131	[]
PA1956	fapA	PA14_39220		0.2967615964840273	3.3492805314393107e-109	[]
PA0618		PA14_08030	most stable	0.5557087211617682	0.0	[]
PA4433	rplM	PA14_57590	most stable	0.6129398880892	0.0	['KEGG-Pathway-pae03010: Ribosome', 'KEGG-Module-M00178: Ribosome, bacteria']
PA0695		PA14_55330		0.43229047198960174	1.611538421442155e-242	[]
PA4206	mexH	PA14_09530		0.2937117089875952	6.607875538571488e-107	['KEGG-Module-M00644: Multidrug resistance, efflux pump MexHI-OprD']
PA5123		PA14_67650		0.42025334742287135	6.045891251730995e-228	[]
PA5460		PA14_72060		0.3011174801877545	1.5779100863417392e-112	[]
PA3442		PA14_19580		0.4315368533828746	1.3715222343961847e-241	['KEGG-Pathway-pae00920: Sulfur metabolism', 'KEGG-Module-M00436: Sulfonate transport system']
PA2494	mexF	PA14_32390		0.2484486190700748	4.612336245142247e-76	[]
PA5507		PA14_72660		0.2997536437439877	1.761771722148964e-111	[]
PA0270		PA14_03510		0.3375611614278197	1.100746728406824e-142	[]
PA2191	exoY	PA14_36345		0.4281134403150237	2.14798523239924e-237	[]
PA1661	hsiH2	PA14_42990		0.4687107184215979	2.2046942318154766e-290	['KEGG-Module-M00334: Type VI secretion system']
PA4545	comL	PA14_60230	most stable	0.5070310264195252	0.0	[]
PA4209	phzM	PA14_09490		0.3443757947166693	8.45993939473803e-149	[]
PA3959		PA14_12650		0.4212123754768447	4.384816096965721e-229	[]
PA1722	pscI	PA14_42280	most stable	0.5526401750301324	0.0	['KEGG-Module-M00332: Type III secretion system']
PA2129	cupA2	PA14_37040		0.3010043514649093	1.9284920338344777e-112	[]
PA3370		PA14_20470		0.31543835322354336	7.058128576653047e-124	[]
PA2511	antR	PA14_32190		0.3151859988806503	1.1329504492970363e-123	[]
PA5391		PA14_71190		0.37192182930464535	4.041990661535281e-175	[]
PA0849	trxB2	PA14_53290		0.2968918420209188	2.6687733390704867e-109	['KEGG-Pathway-pae00450: Selenocompound metabolism', 'KEGG-Pathway-pae00240: Pyrimidine metabolism']
PA4881		PA14_64530		0.26678771437906296	7.604340682518383e-88	[]
PA5534		PA14_73000		0.485262916122948	3.9045355177e-314	[]
PA1895		PA14_40020		0.330697392410378	1.1107046262008737e-136	[]
PA4211	phzB1	PA14_09470		0.3897764989695741	1.3019948630232277e-193	[]
PA5051	argS	PA14_66750		0.3955770386752344	7.154246908196034e-200	['KEGG-Pathway-pae00970: Aminoacyl-tRNA biosynthesis', 'KEGG-Module-M00360: Aminoacyl-tRNA biosynthesis, prokaryotes']
PA5213	gcvP1	PA14_68850		0.4879257391857396	4.4348e-318	['KEGG-Pathway-pae00260: Glycine, serine and threonine metabolism']
PA3791		PA14_15050		0.32090292712555685	2.2334097292734166e-128	[]
PA2919		PA14_26300		0.4956078263371543	0.0	[]
PA1878		PA14_40220		0.2967590288733701	3.3643065080328596e-109	[]
PA4128		PA14_10570		0.3153958600336457	7.643824475527314e-124	['KEGG-Pathway-pae00350: Tyrosine metabolism']
PA1228		PA14_48400		0.4069808769266106	1.4980836848756626e-212	[]
PA2507	catA	PA14_32240		0.28830630798914225	6.590514282242263e-103	['KEGG-Pathway-pae00364: Fluorobenzoate degradation', 'KEGG-Pathway-pae00362: Benzoate degradation', 'KEGG-Pathway-pae00361: Chlorocyclohexane and chlorobenzene degradation', 'KEGG-Pathway-pae01220: Degradation of aromatic compounds', 'KEGG-Module-M00568: Catechol ortho-cleavage, catechol => 3-oxoadipate']
PA3416		PA14_19910		0.4894076571092668	2.731e-320	['KEGG-Pathway-pae00020: Citrate cycle (TCA cycle)', 'KEGG-Pathway-pae00620: Pyruvate metabolism', 'KEGG-Pathway-pae00010: Glycolysis / Gluconeogenesis', 'KEGG-Module-M00307: Pyruvate oxidation, pyruvate => acetyl-CoA']
PA4625	cdrA	PA14_61200		0.31801995195762783	5.428438667558197e-126	[]
PA0170		PA14_02130		0.34318315241508857	1.0199502005491089e-147	[]
PA4723	dksA	PA14_62490	most stable	0.5172330269187128	0.0	[]
PA1903	phzE2	PA14_09440		0.4278843362678186	4.0835016353369874e-237	[]
PA3723		PA14_16260		0.4464575411040884	1.901321528642471e-260	[]
PA3517		PA14_18830		0.2774244361911577	4.0307402001388574e-95	['KEGG-Pathway-pae00230: Purine metabolism', 'KEGG-Pathway-pae00250: Alanine, aspartate and glutamate metabolism', 'KEGG-Module-M00048: Inosine monophosphate biosynthesis, PRPP + glutamine => IMP', 'KEGG-Module-M00049: Adenine ribonucleotide biosynthesis, IMP => ADP,ATP']
PA3371		PA14_20460		0.3000094613603068	1.1215838539969857e-111	[]
PA1318	cyoB	PA14_47190		0.3636318783013654	6.367070718083952e-167	['KEGG-Pathway-pae00190: Oxidative phosphorylation']
PA2163		PA14_36590	most stable	0.6071818066876422	0.0	['KEGG-Pathway-pae00500: Starch and sucrose metabolism']
PA3688		PA14_16680		0.3807746917973709	3.8244394367046694e-184	[]
PA5481		PA14_72360		0.3652034250064304	1.8556934877529385e-168	[]
PA3938		PA14_12920	most stable	0.5516997534615581	0.0	['KEGG-Pathway-pae00920: Sulfur metabolism']
PA1976	ercS'	PA14_38970		0.2482857230252495	5.812073330002472e-76	[]
PA2059	sppB	PA14_37870		0.350647783568486	1.455133875857477e-154	['KEGG-Module-M00349: Microcin C transport system']
PA2487		PA14_32470		0.2573003481056157	1.246503115303029e-81	[]
PA4883		PA14_64550		0.2483271313021201	5.48041939028719e-76	[]
PA4377		PA14_56910		0.22238012036296675	6.334753566618299e-61	[]
PA1351		PA14_46810		0.3923375286247168	2.3239478583152577e-196	[]
PA2359	sfa3	PA14_34150		0.4940726015413531	0.0	[]
PA4920	nadE	PA14_64980		0.33782073966803544	6.480361765243345e-143	['KEGG-Pathway-pae00760: Nicotinate and nicotinamide metabolism', 'KEGG-Module-M00115: NAD biosynthesis, aspartate => NAD']
PA5440		PA14_71820		0.44056186131468	6.978303040391142e-253	[]
PA0830		PA14_53530		0.28838963102128995	5.727198883328701e-103	[]
PA2152		PA14_36730	most stable	0.5396860951613308	0.0	['KEGG-Pathway-pae00500: Starch and sucrose metabolism']
PA4139		PA14_10380		0.3019530607854372	3.57500680242345e-113	[]
PA2747		PA14_28600		0.2826845890179286	7.677858125162774e-99	[]
PA1921		PA14_39660		0.3853685606331405	6.137882734723086e-189	[]
PA4582		PA14_60630		0.2547414121491757	5.346599957690886e-80	[]
PA1665	fha2	PA14_42950		0.4569097555828857	3.127640092432671e-274	[]
PA2146		PA14_36820		0.4126122080661475	5.358725877960665e-219	[]
PA0940		PA14_52090		0.2587116241779672	1.5398804155462947e-82	[]
PA4583		PA14_60650		0.24907543036431665	1.8917294463539827e-76	[]
PA3448		PA14_19510		0.37569951460453455	6.170452785402757e-179	['KEGG-Pathway-pae00920: Sulfur metabolism', 'KEGG-Module-M00436: Sulfonate transport system']
PA0586		PA14_07650	most stable	0.5421844230743046	0.0	[]
PA2261		PA14_35340		0.3124544630633513	1.8451426231247856e-121	['KEGG-Pathway-pae00030: Pentose phosphate pathway']
PA1542		PA14_44510		0.30647304008683385	1.0668747277409677e-116	[]
PA2717	cpo	PA14_29020		0.3240081905148772	5.620224785989217e-131	[]
PA2252		PA14_35460		0.2701813855709909	3.9389653989809105e-90	[]
PA2371	clpV3	PA14_33990		0.4125105572675241	7.023108513783984e-219	['KEGG-Pathway-pae03070: Bacterial secretion system', 'KEGG-Module-M00334: Type VI secretion system']
PA4142		PA14_10350		0.3082666760158869	4.0905373440146675e-118	[]
PA1985	pqqA	PA14_38825	least stable	0.19632050407331425	1.280601180581815e-47	[]	['PA2819']
PA1345		PA14_46880		0.3208533452677476	2.455958457417971e-128	[]
PA2808	ptrA	PA14_27830	least stable	0.19743540254210007	3.7558605650671825e-48	[]	No accessory genes
PA2664	fhp	PA14_29640		0.25675515361570705	2.7863381201005516e-81	[]
PA4860		PA14_64290		0.4874498411948483	2.2616976e-317	['KEGG-Module-M00323: Urea transport system']
PA1725	pscL	PA14_42250		0.4756419493153512	3.599895137409227e-300	['KEGG-Pathway-pae03070: Bacterial secretion system', 'KEGG-Module-M00332: Type III secretion system']
PA5479	gltP	PA14_72340		0.3719215601642185	4.044505048823856e-175	[]
PA5351	rubA1	PA14_70640		0.28202707401232113	2.2631534943172074e-98	[]
PA3309		PA14_21220	most stable	0.5532338258378552	0.0	[]
PA5407		PA14_71370		0.3640716622501509	2.372090137126323e-167	[]
PA4781		PA14_63210		0.3745753814287108	8.536248048053555e-178	[]
PA0654	speD	PA14_08390		0.3882977719745637	4.902332537660662e-192	['KEGG-Pathway-pae00270: Cysteine and methionine metabolism', 'KEGG-Pathway-pae00330: Arginine and proline metabolism', 'KEGG-Module-M00034: Methionine salvage pathway']
PA2514	antC	PA14_32140		0.2478658251256506	1.0539427998379059e-75	['KEGG-Pathway-pae00627: Aminobenzoate degradation']
PA4627		PA14_61220		0.4684491062389114	5.1091054507193135e-290	[]
PA5130		PA14_67750		0.4990032135026757	0.0	[]
PA5353	glcF	PA14_70670		0.23577768325092546	1.7964871534973583e-68	['KEGG-Pathway-pae00630: Glyoxylate and dicarboxylate metabolism']
PA0744		PA14_54660		0.3869525462579086	1.3088748496506e-190	[]
PA4220		PA14_09350		0.3967317290713777	3.9202709688604606e-201	[]
PA2786		PA14_28070		0.3046847853641741	2.693407069558273e-115	[]
PA4653	cupE6	PA14_61550		0.2720946031852325	1.959424074431887e-91	[]
PA4494	roxS	PA14_58320		0.42292872939635706	3.920268935209626e-231	[]
PA1211		PA14_48640		0.25955487676723865	4.3865765136214626e-83	[]
PA0719		PA14_48980	least stable	0.17561282771636885	2.625874277500314e-38	[]	No accessory genes
PA0175		PA14_02200		0.4257757738081393	1.4747020079392983e-234	['KEGG-Pathway-pae02030: Bacterial chemotaxis']
PA2062		PA14_37830		0.4844592091850442	5.96112451307e-313	['KEGG-Pathway-pae04122: Sulfur relay system', 'KEGG-Pathway-pae00730: Thiamine metabolism']
PA2193	hcnA	PA14_36330		0.40894826937546985	8.658844890246621e-215	['KEGG-Pathway-pae00460: Cyanoamino acid metabolism']
PA1596	htpG	PA14_43850	most stable	0.5332001252014507	0.0	[]
PA0525		PA14_06840	most stable	0.5408234980954616	0.0	[]
PA4813	lipC	PA14_63620		0.27388168389507284	1.1619813676338035e-92	[]
PA4649	cupE2	PA14_61510		0.396207109364789	1.4688355903553504e-200	[]
PA5274	rnk	PA14_69630		0.43959805520318784	1.1647341222593045e-251	[]
PA2515	xylL	PA14_32130		0.2588350313841733	1.2817442357357462e-82	['KEGG-Pathway-pae00364: Fluorobenzoate degradation', 'KEGG-Pathway-pae00362: Benzoate degradation', 'KEGG-Pathway-pae01220: Degradation of aromatic compounds']
PA0633		PA14_08210		0.39578818474178185	4.210260437860992e-200	[]
PA5387	cdhC	PA14_71150		0.4177047602539625	6.190038520788767e-225	[]
PA0085	hcp1	PA14_01030	most stable	0.6689907617356202	0.0	['KEGG-Pathway-pae03070: Bacterial secretion system', 'KEGG-Module-M00334: Type VI secretion system']
PA1719	pscF	PA14_42310	most stable	0.5863964434181901	0.0	['KEGG-Pathway-pae03070: Bacterial secretion system', 'KEGG-Module-M00332: Type III secretion system']
PA0807	ampDh3	PA14_53820		0.2402417206432516	4.274487755378706e-71	[]
PA4126		PA14_10600		0.28180399386784954	3.2636670879951714e-98	[]
PA4894		PA14_64680		0.4509157248620414	2.8755693075054514e-266	[]
PA4889		PA14_64620		0.2989255617467477	7.575565311997368e-111	[]
PA4298		PA14_55840		0.42899324813806106	1.8138332220681337e-238	[]
PA1880		PA14_40200		0.3495859885096708	1.4063560284969688e-153	[]
PA0814		PA14_53740		0.28764090614751536	2.0189547292272878e-102	[]
PA4910		PA14_64870		0.3692269982836784	1.985672975003188e-172	['KEGG-Module-M00237: Branched-chain amino acid transport system']
PA1718	pscE	PA14_42320		0.4543961718131781	7.147108383851287e-271	[]
PA0517	nirC	PA14_06730		0.4955076286116011	0.0	[]
PA2050		PA14_37990		0.4053035049838334	1.1798009454815898e-210	[]
PA2744	thrS	PA14_28650		0.4521253342579667	7.319748853025252e-268	['KEGG-Pathway-pae00970: Aminoacyl-tRNA biosynthesis', 'KEGG-Module-M00360: Aminoacyl-tRNA biosynthesis, prokaryotes']
PA3955		PA14_12700		0.4452972835631314	6.020288720044412e-259	[]
PA5414		PA14_71450		0.4374010163761109	6.889061471597476e-249	[]
PA2495	oprN	PA14_32380		0.2410502714342323	1.4119652942582612e-71	[]
PA0172	siaA	PA14_02150		0.3564514275259735	5.1315867747339244e-160	[]
PA5515		PA14_72770		0.4921982823183482	0.0	[]
PA4711		PA14_62360		0.2794588632301629	1.5004742118623394e-96	[]
PA0264		PA14_03420		0.3689509387381218	3.733831365901234e-172	[]
PA1716	pscC	PA14_42350	most stable	0.6102735592172022	0.0	['KEGG-Pathway-pae03070: Bacterial secretion system', 'KEGG-Module-M00332: Type III secretion system']
PA2027		PA14_38310		0.27819397918019884	1.1647157256067232e-95	[]
PA4724.1		PA14_62520		0.3784826295513867	8.831294361120987e-182	[]
PA0542		PA14_07040		0.39847544192885337	4.7766724524804214e-203	[]
PA5289		PA14_69820		0.4260396227486354	7.073835172682333e-235	[]
PA0422		PA14_05500		0.3728685759202745	4.5181592096201854e-176	[]
PA5344	oxyR	PA14_70560		0.4909907249341645	1.14e-322	[]
PA3700	lysS	PA14_16530	most stable	0.6302503041427119	0.0	['KEGG-Pathway-pae00970: Aminoacyl-tRNA biosynthesis', 'KEGG-Module-M00360: Aminoacyl-tRNA biosynthesis, prokaryotes']
PA4650	cupE3	PA14_61520		0.326686171605595	3.043850286582415e-133	[]
PA3369		PA14_20480		0.34021909234806835	4.733759167443502e-145	[]
PA2622	cspD	PA14_30200		0.3873591036297248	4.858300695844277e-191	[]
PA4153		PA14_10230		0.24168199190451506	5.925369547214297e-72	['KEGG-Pathway-pae00650: Butanoate metabolism']
PA3568		PA14_18150		0.3982082753245786	9.400703851826653e-203	['KEGG-Pathway-pae00640: Propanoate metabolism']
PA0173		PA14_02180		0.3798333466849235	3.593674028239905e-183	['KEGG-Pathway-pae02030: Bacterial chemotaxis', 'KEGG-Module-M00506: CheA-CheYBV (chemotaxis) two-component regulatory system']
PA3394	nosF	PA14_20180		0.4295292608543804	4.009170852830765e-239	['KEGG-Module-M00254: ABC-2 type transport system']
PA1730		PA14_42160		0.4978046802496358	0.0	[]
PA1432	lasI	PA14_45940		0.2339810469468611	1.97189282818012e-67	[]
PA2114		PA14_37250		0.3064086652741553	1.1988410401776215e-116	[]
PA0620		PA14_08050	most stable	0.5436027389723536	0.0	[]
PA4859		PA14_64280	most stable	0.5025291038690266	0.0	['KEGG-Module-M00323: Urea transport system']
PA3449		PA14_19500		0.4985342960663694	0.0	['KEGG-Pathway-pae00920: Sulfur metabolism', 'KEGG-Module-M00436: Sulfonate transport system']
PA1894		PA14_40030		0.3128516171216234	8.828614349926419e-122	[]
PA0405	algH	PA14_05290		0.3874950304742408	3.486946972463145e-191	[]
PA2260		PA14_35360		0.29845789944494755	1.722835946309329e-110	[]
PA5152		PA14_68060		0.4178595652261471	4.069960727204141e-225	['KEGG-Module-M00236: Putative polar amino acid transport system']
PA3487	tle5	PA14_18970		0.20806036412383688	2.163420783807039e-53	[]
PA2226	qsrO	PA14_58930	least stable	0.14787190016098806	1.5642475640215247e-27	[]	['PA2223', 'PA2225', 'PA2221', 'PA2461']
PA2491	mexS	PA14_32420		0.260651846218308	8.50453461278637e-84	[]
PA4067	oprG	PA14_11270		0.4836856329793408	8.16061090203e-312	[]
PA3535		PA14_18630		0.4780073572021544	1.459689511679641e-303	[]
PA2483		PA14_32520		0.3865621231340979	3.385764512514234e-190	[]
PA0177		PA14_02230		0.4263767289664781	2.764441365358659e-235	['KEGG-Pathway-pae02030: Bacterial chemotaxis']
PA2161		PA14_36620		0.4501468156035488	2.942887296921742e-265	[]
PA4501	opdD	PA14_58410		0.3147241250286323	2.6906050558998767e-123	[]
PA0714		PA14_55100		0.3102521042227838	1.0773753607696513e-119	[]
PA2275		PA14_35150		0.20850064189555234	1.2930872362620085e-53	[]
PA3928		PA14_13050		0.41877642831554135	3.381280751569205e-226	[]
PA3639	accA	PA14_17270		0.2546821236131833	5.8301466239896225e-80	['KEGG-Pathway-pae00620: Pyruvate metabolism', 'KEGG-Pathway-pae00640: Propanoate metabolism', 'KEGG-Pathway-pae01212: Fatty acid metabolism', 'KEGG-Pathway-pae00061: Fatty acid biosynthesis', 'KEGG-Module-M00082: Fatty acid biosynthesis, initiation']
PA3913		PA14_13290		0.3852435708882811	8.307894351596228e-189	[]
PA4230	pchB	PA14_09220		0.4025709425339359	1.3730634745903768e-207	['KEGG-Pathway-pae01053: Biosynthesis of siderophore group nonribosomal peptides']
PA4573		PA14_60520		0.43199403102761996	3.7439461921969874e-242	[]
PA3516		PA14_18850		0.2865238854530594	1.3132927821226684e-101	['KEGG-Pathway-pae00230: Purine metabolism', 'KEGG-Pathway-pae00250: Alanine, aspartate and glutamate metabolism', 'KEGG-Module-M00048: Inosine monophosphate biosynthesis, PRPP + glutamine => IMP', 'KEGG-Module-M00049: Adenine ribonucleotide biosynthesis, IMP => ADP,ATP']
PA5475		PA14_72260	most stable	0.5601640476036231	0.0	[]
PA5568		PA14_73410	most stable	0.5382931905584464	0.0	['KEGG-Pathway-pae03070: Bacterial secretion system', 'KEGG-Pathway-pae03060: Protein export', 'KEGG-Module-M00335: Sec (secretion) system']
PA0724		PA14_48930		0.2383514875933093	5.6036986231895004e-70	[]
PA0720		PA14_48970		0.2165746580811032	8.350998224455638e-58	[]
PA1214		PA14_48610		0.3033540049315165	2.933514342344349e-114	[]
PA1785	nasT	PA14_41490		0.4152360539222613	4.817307080218551e-222	[]
PA1664	orfX	PA14_42960		0.3321219754569506	6.488140528248886e-138	[]
PA0781		PA14_54180		0.44050071278515424	8.345019106765174e-253	[]
PA2060	sppC	PA14_37850		0.4204386232628707	3.6442332329885234e-228	['KEGG-Module-M00349: Microcin C transport system']
PA0960		PA14_51850		0.3501107274314913	4.588703970901752e-154	[]
PA4302	tadA	PA14_55890	most stable	0.5070980085811815	0.0	[]
PA1190		PA14_49050		0.29560785564416103	2.4915946321042155e-108	[]
PA2666		PA14_29600		0.3548300274203658	1.7585768616989808e-158	['KEGG-Pathway-pae00790: Folate biosynthesis']
PA1954	fapC	PA14_39240		0.2576337427966526	7.614677687341602e-82	[]
PA2492	mexT	PA14_32410		0.20927501664950127	5.215122497266397e-54	[]
PA3515		PA14_18860		0.2581346052367805	3.6266188115475875e-82	[]
PA3665		PA14_16960		0.4823452347815266	7.4795524631214e-310	[]
PA4468	sodM	PA14_58000		0.4232450478059266	1.6385369758575294e-231	[]
PA1753		PA14_41880		0.4204734745372293	3.3131041259144584e-228	[]
PA2374		PA14_33940		0.2759511259813342	4.2933018219226423e-94	[]
PA3878	narX	PA14_13740		0.3300079290316341	4.367237501059171e-136	[]
PA4144		PA14_10330		0.26185656849798433	1.390724900581684e-84	['KEGG-Pathway-pae03070: Bacterial secretion system', 'KEGG-Pathway-pae00312: beta-Lactam resistance', 'KEGG-Module-M00647: Multidrug resistance, efflux pump MexAB-OprM/SmeDEF/AcrAB-TolC']
PA0223		PA14_02730		0.21824121379718428	1.0847198929368319e-58	['KEGG-Pathway-pae00300: Lysine biosynthesis', 'KEGG-Module-M00016: Lysine biosynthesis, succinyl-DAP pathway, aspartate => lysine']
PA1131		PA14_49750		0.4179881149464061	2.872759648005901e-225	[]
PA3570	mmsA	PA14_18120		0.31976054165414064	1.9836364182403934e-127	['KEGG-Pathway-pae00562: Inositol phosphate metabolism', 'KEGG-Pathway-pae00280: Valine, leucine and isoleucine degradation', 'KEGG-Pathway-pae00640: Propanoate metabolism', 'KEGG-Pathway-pae00410: beta-Alanine metabolism']
PA0728		PA14_48880	least stable	0.14013576357665866	7.228363126265667e-25	[]	['PA0729', 'PA2818']
PA4888	desB	PA14_64610		0.24720984182942776	2.664713678570637e-75	[]
PA0634		PA14_08220		0.4795536860989621	8.557079701770646e-306	[]
PA3334		PA14_20940		0.43052819729486425	2.3888356234187072e-240	[]
PA3907		PA14_13360		0.4651926211125576	1.6795925169758617e-285	[]
PA2111		PA14_37290		0.24121639646760465	1.1239882004053379e-71	[]
PA1789		PA14_41440	most stable	0.5415470397307505	0.0	[]
PA3291	tli1	PA14_21480		0.36255893319653065	7.035230778989088e-166	[]
PA5417	soxD	PA14_71490		0.40636316963421176	7.501094121288858e-212	['KEGG-Pathway-pae00260: Glycine, serine and threonine metabolism']
PA0987		PA14_03170	least stable	0.16708637956181524	8.630130213825188e-35	[]	['PA0977']
PA5062		PA14_66890		0.28695185728924355	6.415353889412536e-102	[]
PA1130	rhlC	PA14_49760		0.3578732294578419	2.274422178904754e-161	[]
PA2034		PA14_38210	most stable	0.5407200939193613	0.0	[]
PA3205		PA14_22740		0.2342470146247581	1.3848871351639649e-67	[]
PA2254	pvcA	PA14_35430		0.2269298603634701	1.9646293008010884e-63	[]
PA0638		PA14_08260	most stable	0.5038645800688738	0.0	[]
PA4088		PA14_11030		0.2863996064317122	1.616634314674521e-101	['KEGG-Pathway-pae00860: Porphyrin and chlorophyll metabolism']
PA1410		PA14_46220		0.2710770080872666	9.696587608028275e-91	['KEGG-Module-M00300: Putrescine transport system']
PA4738		PA14_62680		0.3963827470769501	9.441349298894433e-201	[]
PA1245	aprX	PA14_48140		0.4132999052963863	8.576029414423407e-220	[]
PA1694	pscQ	PA14_42610	most stable	0.5463092503119512	0.0	['KEGG-Pathway-pae03070: Bacterial secretion system', 'KEGG-Module-M00332: Type III secretion system']
PA1238		PA14_48240		0.30210331261210605	2.7359172973467844e-113	[]
PA3412		PA14_19960	least stable	0.16815535573127602	3.200083111010837e-35	[]	No accessory genes
PA1701	pcr3	PA14_42520		0.4586127816055062	1.597266939353348e-276	['KEGG-Pathway-pae03070: Bacterial secretion system', 'KEGG-Module-M00332: Type III secretion system']
PA1216		PA14_48590		0.3263364355795455	6.03539850220534e-133	[]
PA1692		PA14_42630		0.4318503952602035	5.630936154767856e-242	['KEGG-Pathway-pae03070: Bacterial secretion system', 'KEGG-Module-M00332: Type III secretion system']
PA3880		PA14_13720		0.33620180765820656	1.7498046654416685e-141	[]
PA3237		PA14_22320		0.2633507884985256	1.452446532349701e-85	[]
PA1346		PA14_46860		0.33431737682085144	7.91211072105832e-140	[]
PA2434		PA14_33150		0.2537011634537067	2.4343453984224316e-79	[]
PA3519		PA14_18810		0.3022636617336356	2.0561063904404754e-113	[]
PA3275		PA14_21660		0.2885904670127581	4.0820868327380005e-103	[]
PA3456		PA14_19400		0.44681570115750097	6.5263024765283415e-261	[]
PA1475	ccmA	PA14_45380		0.4736485694757517	2.4783533887944928e-297	[]
PA4469		PA14_58010	most stable	0.5020532929439661	0.0	[]
PA4224	pchG	PA14_09290		0.4174711627751425	1.1649351777951837e-224	['KEGG-Pathway-pae01053: Biosynthesis of siderophore group nonribosomal peptides']
PA2478		PA14_32590	least stable	0.18963730477088814	1.710562759652445e-44	[]	No accessory genes
PA1168		PA14_49310		0.2683569217647806	6.734590968459364e-89	[]
PA4845	dipZ	PA14_64080		0.3071815328190851	2.950165031969805e-117	[]
PA2094		PA14_37420		0.34775498184661496	6.887507885510391e-152	[]
PA3631		PA14_17370		0.3288467762647573	4.3464161703392554e-135	[]
PA0572		PA14_07430		0.4175052940846156	1.0621647532491075e-224	[]
PA1747		PA14_41960		0.35398479494566115	1.1008821035545812e-157	[]
PA4159	fepB	PA14_10170		0.3695123143104501	1.0331942825964221e-172	['KEGG-Module-M00240: Iron complex transport system']
PA4352		PA14_56590	most stable	0.5494563983385019	0.0	[]
PA1169		PA14_49300		0.27021235828491724	3.7529128719597343e-90	[]
PA4156	fvbA	PA14_10200		0.34819183475445314	2.7282599908393557e-152	[]
PA4467		PA14_57990		0.3671407543383465	2.3109593046670003e-170	[]
PA5491		PA14_72470		0.3522031090698218	5.162863614101091e-156	[]
PA4793		PA14_63340		0.4572807247092857	9.933366258957679e-275	[]
PA5127		PA14_67710		0.3194999252995421	3.2603560249289015e-127	[]
PA1715	pscB	PA14_42360	most stable	0.5423617379008216	0.0	[]
PA4599	mexC	PA14_60850		0.2088551241420768	8.536862280357128e-54	[]
PA2051		PA14_37980		0.3993610661474569	5.040752536503456e-204	[]
PA2031		PA14_38260		0.3312821502151719	3.468026089541601e-137	[]
PA1236		PA14_48300		0.34825265047406084	2.397985289457098e-152	[]
PA3030	mobA	PA14_24890		0.3398956315698673	9.213943924423481e-145	[]
PA4438		PA14_57650		0.4507434542867797	4.8444756403610966e-266	[]
PA4110	ampC	PA14_10790	least stable	0.11665981674805265	1.1347855012156014e-17	['KEGG-Pathway-pae00312: beta-Lactam resistance']	['PA4101', 'PA4103', 'PA4106', 'PA4107']
PA2518	xylX	PA14_32080		0.28785604455037217	1.406274534771426e-102	['KEGG-Pathway-pae00364: Fluorobenzoate degradation', 'KEGG-Pathway-pae00362: Benzoate degradation', 'KEGG-Pathway-pae01220: Degradation of aromatic compounds']
PA1663	sfa2	PA14_42970		0.3844968851915681	5.0548536396738595e-188	[]
PA3918	moaC	PA14_13230		0.34072345068259713	1.6730797809122376e-145	['KEGG-Pathway-pae04122: Sulfur relay system', 'KEGG-Pathway-pae00790: Folate biosynthesis']
PA3575		PA14_18060		0.3329922743743544	1.1358537448957277e-138	[]
PA2305	ambB	PA14_34810		0.4499240726860315	5.766159485515106e-265	[]
PA0722		PA14_48950		0.21649289880201028	9.226444984828975e-58	[]
PA4589		PA14_60730		0.2195259662416698	2.2228291432667486e-59	[]
PA0647		PA14_08320		0.3148014995107734	2.3279224442933756e-123	[]
PA2385	pvdQ	PA14_33820		0.4390957011982693	5.033119320670298e-251	[]
PA1213		PA14_48620		0.27088628612143456	1.307522498527572e-90	[]
PA1696	pscO	PA14_42580	most stable	0.560546339109906	0.0	['KEGG-Pathway-pae03070: Bacterial secretion system', 'KEGG-Module-M00332: Type III secretion system']
PA1251		PA14_48030		0.3853020614774457	7.21064126838065e-189	[]
PA3219		PA14_22590		0.3621889733976958	1.6073127094673194e-165	[]
PA1667	hsiJ2	PA14_42920		0.4018134996266633	9.603769336751768e-207	['KEGG-Module-M00334: Type VI secretion system']
PA5099		PA14_67340		0.29061353565732245	1.326728244570772e-104	[]
PA2486		PA14_32480		0.3807998206069692	3.602057530261627e-184	[]
PA1916		PA14_39750		0.30805324823936403	6.037183500502211e-118	[]
PA4297	tadG	PA14_55820		0.40066607129666376	1.8111032801367724e-205	[]
PA3842	spcS	PA14_14330		0.4323521701607141	1.3520746225114744e-242	[]
PA2753		PA14_28500	most stable	0.5104433176081407	0.0	[]
PA1648		PA14_43190		0.36824583994212734	1.8681104666541476e-171	[]
PA0049		PA14_00620		0.2637017585445281	8.525481258088142e-86	[]
PA1970		PA14_39060		0.31420601962843697	7.086383778304563e-123	[]
PA1705	pcrG	PA14_42480	most stable	0.5323085580584589	0.0	[]
PA4306	flp	PA14_55940		0.4510799862077596	1.7482792902868533e-266	[]
PA3229		PA14_22420		0.3007055911009649	3.2745011999661145e-112	[]
PA4229	pchC	PA14_09230		0.4147637153531945	1.7107925984960946e-221	[]
PA4235	ftnA	PA14_09160		0.33130555513095955	3.3099846356687274e-137	[]
PA5220		PA14_68940		0.4554499405006006	2.8145401510838377e-272	[]
PA4837		PA14_63960		0.4781119275455306	1.032019491165372e-303	[]
PA0587		PA14_07660	most stable	0.5065542007875931	0.0	[]
PA2309		PA14_34770		0.42960606895656894	3.2286511545343437e-239	['KEGG-Module-M00188: NitT/TauT family transport system']
PA1706	pcrV	PA14_42470	most stable	0.5646336326473178	0.0	[]
PA3922		PA14_13140	most stable	0.5045753081953016	0.0	[]
PA1768		PA14_41690	most stable	0.5154821770144588	0.0	[]
PA0299	spuC	PA14_03900		0.3812639399458195	1.1901764761167092e-184	['KEGG-Pathway-pae00330: Arginine and proline metabolism']
PA0629		PA14_08160	most stable	0.5120891553925686	0.0	[]
PA0740	sdsA1	PA14_54700	least stable	0.1300357548947763	1.3126923019843435e-21	[]	No accessory genes
PA1732		PA14_42140		0.3820334688100767	1.8900219883197383e-185	[]
PA4999	waaL	PA14_66100		0.3572553913283442	8.827355273125874e-161	[]
PA2194	hcnB	PA14_36320	most stable	0.5075659008350686	0.0	['KEGG-Pathway-pae00460: Cyanoamino acid metabolism']
PA4231	pchA	PA14_09210		0.427589615404646	9.32447392229356e-237	['KEGG-Pathway-pae01053: Biosynthesis of siderophore group nonribosomal peptides', 'KEGG-Pathway-pae00130: Ubiquinone and other terpenoid-quinone biosynthesis']
PA1218		PA14_48560		0.2943968817189713	2.0272291852425512e-107	[]
PA1246	aprD	PA14_48115		0.4456090549474019	2.3821899137078255e-259	['KEGG-Module-M00328: Hemophore/metalloprotease transport system']
PA4221	fptA	PA14_09340		0.4467614945643519	7.673384582232746e-261	[]
PA5181		PA14_68440		0.28451450558327235	3.7318359956532927e-100	[]
PA4078		PA14_11140		0.46220075636108504	2.1479869382259114e-281	[]
PA5098	hutH	PA14_67320		0.3379279934827041	5.205536835845618e-143	['KEGG-Pathway-pae00340: Histidine metabolism', 'KEGG-Module-M00045: Histidine degradation, histidine => N-formiminoglutamate => glutamate']
PA3930	cioA	PA14_13030		0.4148761812646225	1.2653966220713976e-221	['KEGG-Pathway-pae00190: Oxidative phosphorylation']
PA1250	aprI	PA14_48040		0.41297832668776063	2.0213261002538617e-219	[]
PA2195	hcnC	PA14_36310	most stable	0.5066280041348953	0.0	['KEGG-Pathway-pae00460: Cyanoamino acid metabolism']
PA0096		PA14_01170		0.4263892878427213	2.669295150834503e-235	[]
PA1782		PA14_41520		0.4429009965005206	7.249701145191739e-256	[]
PA2475		PA14_32630		0.3971442050839369	1.3853323972159881e-201	['KEGG-Pathway-pae00903: Limonene and pinene degradation', 'KEGG-Pathway-pae00363: Bisphenol degradation', 'KEGG-Pathway-pae00627: Aminobenzoate degradation']
PA2222		PA14_59620	least stable	0.07541679676254287	3.34544920779391e-08	[]	['PA2227', 'PA2228', 'PA2225', 'PA2221', 'PA1371', 'PA1370', 'PA3498', 'PA3500']
PA5298		PA14_69940		0.4313827697999423	2.1234911555795595e-241	['KEGG-Pathway-pae00230: Purine metabolism']
PA3808		PA14_14810		0.4206260564715471	2.182987454160411e-228	[]
PA1927	metE	PA14_39590		0.2386363931433552	3.807637816269286e-70	['KEGG-Pathway-pae00270: Cysteine and methionine metabolism', 'KEGG-Pathway-pae00450: Selenocompound metabolism']
PA3361	lecB	PA14_20610		0.3253384581369652	4.234929030124911e-132	[]
PA5352		PA14_70650		0.27348426429238065	2.181989731460596e-92	[]
PA1907		PA14_39860		0.2865651091007491	1.2257874864294303e-101	[]
PA2315		PA14_34700		0.3287730979828674	5.026957536943638e-135	[]
PA1887		PA14_40110		0.2178287565648037	1.80048433783521e-58	[]
PA3566		PA14_18180		0.3085631497646069	2.3807407210885454e-118	[]
PA4757		PA14_62920		0.4727285438805458	4.984467897202709e-296	[]
PA2045		PA14_38060		0.3528253227892741	1.3505393281518646e-156	[]
PA0911	alpE	PA14_52480		0.3927291392240648	8.786354648947489e-197	[]
PA4043	ispA	PA14_11560		0.4166882093988136	9.663233178753539e-224	['KEGG-Pathway-pae00900: Terpenoid backbone biosynthesis']
PA3573		PA14_18090		0.35929822283965	9.850776644673848e-163	[]
PA0364		PA14_04780	least stable	0.19888752980821645	7.51667507224397e-49	[]	No accessory genes
PA3018		PA14_25030		0.35811597519863664	1.3338658721099248e-161	[]
PA3691		PA14_16640	most stable	0.5444915883816429	0.0	[]
PA1137		PA14_49690		0.2666953443372778	8.766168698221185e-88	[]
PA1892		PA14_40050		0.2661282772301896	2.095798841343169e-87	[]
PA2000	dchB	PA14_38640		0.29893833959891714	7.407235117798631e-111	['KEGG-Pathway-pae00072: Synthesis and degradation of ketone bodies', 'KEGG-Pathway-pae00280: Valine, leucine and isoleucine degradation', 'KEGG-Pathway-pae00650: Butanoate metabolism']
PA0363	coaD	PA14_04760		0.4552400830650935	5.364778361274207e-272	['KEGG-Pathway-pae00770: Pantothenate and CoA biosynthesis']
PA3234		PA14_22350		0.4347218554743165	1.551551459476664e-245	[]
PA1001	phnA	PA14_51360		0.2992098080337321	4.594181517731466e-111	['KEGG-Pathway-pae00400: Phenylalanine, tyrosine and tryptophan biosynthesis', 'KEGG-Module-M00023: Tryptophan biosynthesis, chorismate => tryptophan']
PA2565		PA14_31360		0.3261689445284565	8.374086905924807e-133	[]
PA2415		PA14_33460		0.4047078023885558	5.5287929743059056e-210	[]
PA0820		PA14_53670	least stable	0.11893370000311605	2.6060396528684008e-18	[]	['PA2734', 'PA2730', 'PA2732', 'PA2735', 'PA0716', 'PA2733', 'PA0715', 'PA0207', 'PA2818']
PA2360	hsiA3	PA14_34140		0.3741101965815187	2.5239859579872095e-177	['KEGG-Module-M00334: Type VI secretion system']
PA2570	lecA	PA14_31290		0.35394672651513065	1.195530216790604e-157	[]
PA3444		PA14_19560	most stable	0.5702939300349565	0.0	['KEGG-Pathway-pae00920: Sulfur metabolism']
PA3900	fecR	PA14_13450		0.4931592574449824	0.0	[]
PA5276	lppL	PA14_69660		0.3126602382147182	1.2595649449863478e-121	[]
PA2110		PA14_37310		0.2782220784919609	1.1130120265396546e-95	[]
PA1698	popN	PA14_42550	most stable	0.5649871689701647	0.0	['KEGG-Pathway-pae03070: Bacterial secretion system', 'KEGG-Module-M00332: Type III secretion system']
PA4616		PA14_61080		0.3221351506184952	2.0952377253362245e-129	[]
PA0684	hxcZ	PA14_55460		0.4054172530595633	8.781341010783793e-211	['KEGG-Pathway-pae03070: Bacterial secretion system', 'KEGG-Module-M00331: Type II general secretion pathway']
PA2304	ambC	PA14_34820		0.3816691775884261	4.519046410974244e-185	[]
PA2085		PA14_37550		0.4009543970310561	8.667805488077517e-206	[]
PA0661		PA14_08470		0.3976454591937173	3.905628192492346e-202	[]
PA4218	ampP	PA14_09380		0.3878652544294294	1.411821840016364e-191	[]
PA3407	hasAp	PA14_20020		0.3288694322684633	4.156251917992153e-135	[]
PA2433		PA14_33160		0.44527541802234544	6.424510591532123e-259	[]
PA0512	nirH	PA14_06680		0.43300962725474795	2.0777812490085352e-243	[]
PA2055		PA14_37915		0.3098414064325464	2.2913059927850687e-119	[]
PA4570		PA14_60480		0.3826309759937133	4.513108499863097e-186	[]
PA1632	kdpF	PA14_43405		0.2564588397473264	4.310700356356821e-81	[]
PA2153	glgB	PA14_36710	most stable	0.5793541899155414	0.0	['KEGG-Pathway-pae00500: Starch and sucrose metabolism']
PA0359		PA14_04690		0.41248711236158814	7.475092462600543e-219	[]
PA0191		PA14_02390		0.4072620041999141	7.188739178605977e-213	[]
PA4112		PA14_10770	most stable	0.5422060011939556	0.0	[]
PA2373	vgrG3	PA14_33960		0.2499878798996505	5.1457502250216185e-77	['KEGG-Pathway-pae03070: Bacterial secretion system', 'KEGG-Module-M00334: Type VI secretion system']
PA4173		PA14_09920		0.20241290087934946	1.4352395007778773e-50	[]
PA4602	glyA3	PA14_60890		0.4990713973524901	0.0	['KEGG-Pathway-pae00260: Glycine, serine and threonine metabolism', 'KEGG-Pathway-pae00670: One carbon pool by folate', 'KEGG-Pathway-pae00630: Glyoxylate and dicarboxylate metabolism', 'KEGG-Pathway-pae00680: Methane metabolism', 'KEGG-Pathway-pae00460: Cyanoamino acid metabolism']
PA1783	nasA	PA14_41510		0.4715523959761943	2.2810463712601254e-294	['KEGG-Pathway-pae00910: Nitrogen metabolism']
PA4371		PA14_56840		0.4035576214590597	1.0813712829526977e-208	[]
PA2300	chiC	PA14_34870		0.439539384994292	1.3820235817604647e-251	[]
PA2588		PA14_30620		0.4602590666318225	9.450994273954574e-279	[]
PA2571		PA14_30840		0.4520748825573394	8.533337817683016e-268	[]
PA0357	mutM	PA14_04670	most stable	0.5398792973180899	0.0	['KEGG-Pathway-pae03410: Base excision repair']
PA0980		PA14_51610		0.2266221882342429	2.915237999927309e-63	[]
PA4364		PA14_56750		0.26177915278872577	1.562789584317851e-84	[]
PA5392		PA14_71200		0.35959641650095986	5.096583785019101e-163	[]
PA3331		PA14_20970		0.40705875298084415	1.2224520635211723e-212	['KEGG-Pathway-pae00903: Limonene and pinene degradation', 'KEGG-Pathway-pae00363: Bisphenol degradation', 'KEGG-Pathway-pae00627: Aminobenzoate degradation']
PA3062	pelC	PA14_24500		0.27544633572792915	9.623763368747098e-94	[]
PA4671		PA14_61780		0.4943680969808679	0.0	['KEGG-Pathway-pae03010: Ribosome', 'KEGG-Module-M00178: Ribosome, bacteria']
PA2794		PA14_27990	least stable	0.1919493009728349	1.461804302977963e-45	[]	['PA1152', 'PA3152', 'PA3151']
PA4814	fadH2	PA14_63640		0.34694214265800394	3.843006437739394e-151	[]
PA0044	exoT	PA14_00560	most stable	0.5049316115242068	0.0	[]
PA0410	pilI	PA14_05340		0.39738037293494377	7.63136871871613e-202	[]
PA4668	lolB	PA14_61740		0.4855693492030246	1.3784722267e-314	[]
PA4867	ureB	PA14_64370		0.3167911702031134	5.540100722962716e-125	['KEGG-Pathway-pae00230: Purine metabolism', 'KEGG-Pathway-pae00330: Arginine and proline metabolism']
PA1249	aprA	PA14_48060		0.3474011104951337	1.4567097361257654e-151	[]
PA2414		PA14_33480		0.4162719734364014	2.96888148991635e-223	[]
PA0624		PA14_08100	most stable	0.5633355263502723	0.0	[]
PA2263		PA14_35320		0.3024134768826853	1.574225037694797e-113	['KEGG-Pathway-pae00480: Glutathione metabolism', 'KEGG-Pathway-pae00030: Pentose phosphate pathway']
PA0394		PA14_05160		0.4798830713331058	2.8537317539091743e-306	[]
PA3874	narH	PA14_13800		0.2333536535166664	4.530400196935639e-67	['KEGG-Pathway-pae00910: Nitrogen metabolism', 'KEGG-Module-M00529: Denitrification, nitrate => nitrogen', 'KEGG-Module-M00530: Dissimilatory nitrate reduction, nitrate => ammonia']
PA0112		PA14_01360		0.31548271069382977	6.494466101088179e-124	['KEGG-Pathway-pae00190: Oxidative phosphorylation', 'KEGG-Pathway-pae00860: Porphyrin and chlorophyll metabolism']
PA0484		PA14_06310		0.4886281442641172	3.98563e-319	[]
PA1744		PA14_41990		0.29856278016058274	1.4331025892818823e-110	[]
PA2600		PA14_30460		0.348707865785503	9.119859474264262e-153	['KEGG-Pathway-pae00920: Sulfur metabolism']
PA0108	coIII	PA14_01320		0.4046121471009676	7.083047038118815e-210	['KEGG-Pathway-pae00190: Oxidative phosphorylation']
PA4175	piv	PA14_09900		0.3451681969401773	1.608327361202177e-149	[]
PA2347		PA14_34300		0.40801169366211815	1.0110556218985306e-213	[]
PA1247	aprE	PA14_48100		0.4148677756749357	1.294246576286609e-221	['KEGG-Module-M00328: Hemophore/metalloprotease transport system']
PA4304	rcpA	PA14_55920	most stable	0.5058576624468846	0.0	[]
PA3967		PA14_12550		0.4295510282933883	3.7705780556726017e-239	[]
PA3332		PA14_20960		0.3842904527532874	8.320631968037368e-188	[]
PA1320	cyoD	PA14_47160		0.3931764772302425	2.887866408204575e-197	['KEGG-Pathway-pae00190: Oxidative phosphorylation']
PA2782	bamI	PA14_28110		0.32383870767066136	7.805682888708075e-131	[]
PA1187		PA14_49080		0.28886917769564435	2.5503488356659966e-103	['KEGG-Pathway-pae00071: Fatty acid degradation', 'KEGG-Pathway-pae00280: Valine, leucine and isoleucine degradation', 'KEGG-Pathway-pae00640: Propanoate metabolism', 'KEGG-Pathway-pae00410: beta-Alanine metabolism', 'KEGG-Pathway-pae01212: Fatty acid metabolism', 'KEGG-Module-M00087: beta-Oxidation', 'KEGG-Module-M00036: Leucine degradation, leucine => acetoacetate + acetyl-CoA']
PA3591		PA14_17850		0.42171943096251024	1.091369891931185e-229	[]
PA0632		PA14_08200		0.3363985919781617	1.1734405287615732e-141	[]
PA0447	gcdH	PA14_05840		0.20801852487752714	2.2717193367111187e-53	['KEGG-Pathway-pae00071: Fatty acid degradation', 'KEGG-Pathway-pae00380: Tryptophan metabolism', 'KEGG-Pathway-pae00310: Lysine degradation']
PA0612	ptrB	PA14_07970		0.3984783634545042	4.7414221737461025e-203	[]
PA5540		PA14_73060		0.4756806601002226	3.169514032990028e-300	[]
PA0385		PA14_05030		0.35557918742584266	3.4441555479600687e-159	[]
PA0252		PA14_03110		0.25830480225633945	2.817545599409607e-82	[]
PA4884		PA14_64560		0.2825906452360761	8.961802253995565e-99	[]
PA0409	pilH	PA14_05330		0.4006525076108824	1.8749544838332307e-205	[]
PA2630		PA14_30100		0.4664849000134191	2.7455648743194484e-287	[]
PA2002		PA14_38610		0.3606836293440581	4.583767690270735e-164	[]
PA5385	cdhB	PA14_71120		0.4148356388216532	1.4107355903791684e-221	[]
PA1212		PA14_48630		0.2822321813449496	1.615853231663974e-98	[]
PA4654		PA14_61560		0.3098154332266727	2.403204643902304e-119	[]
PA4912		PA14_64890		0.3602886675875124	1.1007944422921165e-163	['KEGG-Module-M00237: Branched-chain amino acid transport system']
PA3915	moaB1	PA14_13260		0.236224943432106	9.863581217179842e-69	[]
PA2482		PA14_32530		0.2803092771614949	3.760284076529157e-97	[]
PA4291		PA14_55760		0.41561069984516974	1.760424933440156e-222	[]
PA2467	foxR	PA14_32720	most stable	0.5153971376498799	0.0	[]
PA4222		PA14_09320		0.4386337981895781	1.9289466158765393e-250	[]
PA0283	sbp	PA14_03700	most stable	0.5371587438904735	0.0	['KEGG-Pathway-pae00920: Sulfur metabolism', 'KEGG-Module-M00185: Sulfate transport system', 'KEGG-Module-M00616: Sulfate-sulfur assimilation']
PA2807		PA14_27840	least stable	0.12438333423169715	6.827451975238492e-20	[]	No accessory genes
PA4210	phzA1	PA14_09480		0.3022773519531649	2.006551049046515e-113	[]
PA1723	pscJ	PA14_42270	most stable	0.5252782006710625	0.0	['KEGG-Pathway-pae03070: Bacterial secretion system', 'KEGG-Module-M00332: Type III secretion system']
PA5383		PA14_71100	least stable	0.0707922036555392	2.1856488438501615e-07	[]	No accessory genes
PA2575		PA14_30800		0.3036399960721459	1.757813115994806e-114	[]
PA4639		PA14_61390		0.3387450941049408	9.782635906047303e-144	[]
PA0293	aguB	PA14_03830		0.3049237737924066	1.7517798381366785e-115	['KEGG-Pathway-pae00330: Arginine and proline metabolism']
PA3041		PA14_24760		0.4619046162093972	5.448898670651417e-281	[]
PA4882		PA14_64540		0.24038475889687724	3.5148968885530287e-71	[]
PA1881		PA14_40180		0.33518485229934275	1.3732125837551416e-140	[]
PA1429		PA14_45970	most stable	0.5331845741130793	0.0	[]
PA0262	vgrG2b	PA14_03220		0.3976570437571061	3.7929023787955525e-202	['KEGG-Pathway-pae03070: Bacterial secretion system', 'KEGG-Module-M00334: Type VI secretion system']
PA1697		PA14_42570	most stable	0.532453337878156	0.0	['KEGG-Pathway-pae03070: Bacterial secretion system', 'KEGG-Module-M00332: Type III secretion system']
PA2699		PA14_29230		0.3884839509499573	3.107769280344071e-192	[]
PA0604	agtB	PA14_07870		0.26250888205361583	5.19638037706677e-85	['KEGG-Module-M00193: Putative spermidine/putrescine transport system']
PA2971		PA14_25620		0.4985865529752192	0.0	[]
PA1699	pcr1	PA14_42540	most stable	0.5569206142988361	0.0	[]
PA1356		PA14_46750		0.4463784102164773	2.407582044113202e-260	[]
PA2368	hsiF3	PA14_34020		0.4619984567694704	4.0573743164759466e-281	[]
PA3692	lptF	PA14_16630	most stable	0.5661165303972223	0.0	[]
PA1658	hsiC2	PA14_43030	most stable	0.5490066290884513	0.0	['KEGG-Module-M00334: Type VI secretion system']
PA1327		PA14_47090		0.420873343458058	1.1097119379491605e-228	[]
PA5129	grxC	PA14_67740		0.37732024188001934	1.3720076555692003e-180	[]
PA0534	pauB1	PA14_06960		0.23507301324847704	4.608528723055212e-68	[]
PA0648		PA14_08330		0.2715489491587029	4.622756703973201e-91	[]
PA4587	ccpR	PA14_60700		0.3923902438296608	2.038907967234443e-196	[]
PA0193		PA14_02420		0.33246401740722725	3.273258325806394e-138	['KEGG-Pathway-pae00920: Sulfur metabolism', 'KEGG-Pathway-pae00430: Taurine and hypotaurine metabolism']
PA0788		PA14_54080		0.4537175349468834	5.703872297312587e-270	[]
PA2412		PA14_33510		0.4533398312305038	1.8085284095157718e-269	[]
PA1248	aprF	PA14_48090		0.4174172477050929	1.34788023092396e-224	['KEGG-Module-M00328: Hemophore/metalloprotease transport system']
PA0639		PA14_08270		0.4719841066395676	5.615511962107047e-295	[]
PA3764		PA14_15720	most stable	0.5525802123345991	0.0	[]
PA0709		PA14_55140	least stable	0.12291658980498578	1.8492118615694523e-19	[]	['PA0712']
PA1893		PA14_40040		0.2910409165312049	6.4098250812838505e-105	[]
PA0128		PA14_01560		0.3118727871320241	5.420217466789403e-121	['KEGG-Pathway-pae00440: Phosphonate and phosphinate metabolism']
PA2256	pvcC	PA14_35400		0.2950017190736293	7.124144696550903e-108	[]
PA4031	ppa	PA14_11690		0.428127808009776	2.063132901300048e-237	['KEGG-Pathway-pae00190: Oxidative phosphorylation']
PA0390	metX	PA14_05080		0.4491007660391199	6.89782667071989e-264	['KEGG-Pathway-pae00270: Cysteine and methionine metabolism']
PA1172	napC	PA14_49270		0.4111681311342673	2.477543193070725e-217	[]
PA1431	rsaL	PA14_45950		0.4661521997075561	7.930941863390743e-287	[]
PA4826		PA14_63820		0.32044727080657825	5.342999306644663e-128	[]
PA0693	exbB2	PA14_55360		0.39233944105337576	2.312942835326511e-196	[]
PA1143		PA14_49620		0.31343567748443285	2.979871060630918e-122	[]
PA2637	nuoA	PA14_30020		0.4123524791291638	1.0693596577385999e-218	['KEGG-Pathway-pae00190: Oxidative phosphorylation', 'KEGG-Module-M00144: NADH:quinone oxidoreductase, prokaryotes']
PA0051	phzH	PA14_00640		0.3682119336135245	2.0182888681781622e-171	['KEGG-Pathway-pae00250: Alanine, aspartate and glutamate metabolism']
PA3957		PA14_12680		0.4366389713282629	6.234966977595819e-248	[]
PA4569	ispB	PA14_60470		0.4946739169232007	0.0	['KEGG-Pathway-pae00900: Terpenoid backbone biosynthesis']
PA5482		PA14_72370		0.4136800719478734	3.1086435120951622e-220	[]
PA5315	rpmG	PA14_70180		0.38721112041832506	6.969822881381318e-191	['KEGG-Pathway-pae03010: Ribosome', 'KEGG-Module-M00178: Ribosome, bacteria']
PA3337	rfaD	PA14_20890	most stable	0.5466225124978183	0.0	['KEGG-Pathway-pae00540: Lipopolysaccharide biosynthesis']
PA4819		PA14_63710		0.3591338098732389	1.4162320975254507e-162	[]
PA0627		PA14_08140		0.4685866062436868	3.2850883178364214e-290	[]
PA3443		PA14_19570		0.4833207120620708	2.797578577656e-311	['KEGG-Pathway-pae00920: Sulfur metabolism', 'KEGG-Module-M00436: Sulfonate transport system']
PA2067		PA14_37770		0.3934327015079028	1.5256538598127268e-197	[]
PA2365	hsiB3	PA14_34070	most stable	0.5152058796732187	0.0	['KEGG-Module-M00334: Type VI secretion system']
PA1002	phnB	PA14_51350		0.2193853388844688	2.6452944685382416e-59	['KEGG-Pathway-pae00400: Phenylalanine, tyrosine and tryptophan biosynthesis', 'KEGG-Module-M00023: Tryptophan biosynthesis, chorismate => tryptophan']
PA0726		PA14_48910		0.24025507554177106	4.197135839083217e-71	[]
PA4095		PA14_10920		0.4106714725827821	9.220453573889136e-217	['KEGG-Pathway-pae00363: Bisphenol degradation']
PA4643		PA14_61440		0.3876251120319291	2.5382623115510166e-191	[]
PA2453		PA14_32890		0.3695362727628633	9.780115439639836e-173	[]
PA3411		PA14_19970		0.2550527930395575	3.391812601953584e-80	[]
PA0713		PA14_55110		0.3781463594864591	1.9551010070169932e-181	[]
PA2400	pvdJ	PA14_33630		0.4213294995098124	3.180762912149177e-229	[]
PA4223		PA14_09300		0.4228859575028804	4.4107584306541303e-231	[]
PA1656	hsiA2	PA14_43050		0.4269259886881137	5.967092969178625e-236	['KEGG-Module-M00334: Type VI secretion system']
PA5061		PA14_66880		0.33801039643611713	4.398946496994243e-143	[]
PA4739		PA14_62690		0.4278593386478592	4.379873886982596e-237	[]
PA4089		PA14_11020		0.41938375571466296	6.478868789481232e-227	['KEGG-Pathway-pae00780: Biotin metabolism', 'KEGG-Pathway-pae01040: Biosynthesis of unsaturated fatty acids', 'KEGG-Pathway-pae01212: Fatty acid metabolism', 'KEGG-Pathway-pae00061: Fatty acid biosynthesis', 'KEGG-Module-M00083: Fatty acid biosynthesis, elongation', 'KEGG-Module-M00572: Pimeloyl-ACP biosynthesis, BioC-BioH pathway, malonyl-ACP => pimeloyl-ACP']
PA1914		PA14_39780		0.3293253934617581	1.6878108458187184e-135	[]
PA2087		PA14_37520		0.4533549492931773	1.7269434396210165e-269	[]
PA5541	pyrQ	PA14_73070		0.3957216811641319	4.9756441657397873e-200	['KEGG-Pathway-pae00240: Pyrimidine metabolism']
PA2262		PA14_35330		0.2995440562069652	2.549630820913947e-111	[]
PA4753		PA14_62880		0.4812493886570485	2.961763685380544e-308	[]
PA0710	gloA2	PA14_55130	least stable	0.05709122677409936	2.9420680540329425e-05	['KEGG-Pathway-pae00620: Pyruvate metabolism']	['PA0712']
PA2065	pcoA	PA14_37790	least stable	0.1002810415556726	1.9663806986143053e-13	[]	No accessory genes
PA2154		PA14_36700		0.4322468301017188	1.82456385027474e-242	[]
PA4315	mvaT	PA14_56070		0.4509705304045613	2.4357418955317904e-266	[]
PA0743		PA14_54670		0.36523153826344656	1.7416479916720286e-168	['KEGG-Pathway-pae00280: Valine, leucine and isoleucine degradation']
PA1982	exaA	PA14_38860		0.2245528179916471	4.0813265873942425e-62	['KEGG-Pathway-pae00625: Chloroalkane and chloroalkene degradation', 'KEGG-Pathway-pae00010: Glycolysis / Gluconeogenesis']
PA4823		PA14_63770		0.27605112262810144	3.658137476082346e-94	[]
PA2381		PA14_33870		0.3706243601735877	8.046086826142103e-174	[]
PA4228	pchD	PA14_09240		0.3982064449976544	9.444388309094657e-203	['KEGG-Pathway-pae01053: Biosynthesis of siderophore group nonribosomal peptides']
PA4642		PA14_61430		0.3964104525175887	8.805348786997829e-201	[]
PA1657	hsiB2	PA14_43040		0.4838344671784315	4.93526265071e-312	['KEGG-Module-M00334: Type VI secretion system']
PA2068		PA14_37760		0.4009092343227575	9.728806848391248e-206	[]
PA4457		PA14_57890		0.3831417973865709	1.3233941492283222e-186	[]
PA0439		PA14_05740		0.2628017590861953	3.336934459882316e-85	['KEGG-Pathway-pae00770: Pantothenate and CoA biosynthesis', 'KEGG-Pathway-pae00240: Pyrimidine metabolism', 'KEGG-Pathway-pae00410: beta-Alanine metabolism']
PA2564		PA14_31370		0.2613207625956682	3.1153829313982195e-84	[]
PA1111		PA14_50020		0.4272780460314989	2.2301163197870777e-236	[]
PA0579	rpsU	PA14_07560	most stable	0.5042832172808168	0.0	['KEGG-Pathway-pae03010: Ribosome', 'KEGG-Module-M00178: Ribosome, bacteria']
PA0518	nirM	PA14_06740	most stable	0.5069683916371942	0.0	['KEGG-Pathway-pae00920: Sulfur metabolism']
PA1902	phzD2	PA14_09450		0.35596360177148845	1.489369642437911e-159	[]
PA1721	pscH	PA14_42290	most stable	0.522988514993292	0.0	[]
PA0986		PA14_03180	least stable	0.1768877364515037	7.544680120268911e-39	[]	['PA2225', 'PA2227', 'PA2460', 'PA2224', 'PA2228']
PA0944	purN	PA14_52050		0.3549150291727907	1.4618990010128593e-158	['KEGG-Pathway-pae00670: One carbon pool by folate', 'KEGG-Pathway-pae00230: Purine metabolism', 'KEGG-Module-M00048: Inosine monophosphate biosynthesis, PRPP + glutamine => IMP']
PA4471		PA14_58040		0.4719476696213134	6.321237860941962e-295	[]
PA2785		PA14_28080		0.2560243367911385	8.165721333883701e-81	[]
PA2437		PA14_33110		0.3952785035267717	1.512968328949796e-199	[]
PA1034		PA14_50950		0.3783061519134359	1.34032616303307e-181	[]
PA4133		PA14_10500		0.3707120797653844	6.575831876786063e-174	['KEGG-Pathway-pae00190: Oxidative phosphorylation', 'KEGG-Module-M00156: Cytochrome c oxidase, cbb3-type']
PA1668	dotU2	PA14_42910		0.4717800249510218	1.0896049470552292e-294	['KEGG-Pathway-pae03070: Bacterial secretion system', 'KEGG-Module-M00334: Type VI secretion system']
PA1761		PA14_41790		0.3992163203486868	7.28314815917978e-204	[]
PA0636		PA14_08240		0.4171981117718293	2.4378881858736453e-224	[]
PA2091		PA14_37460		0.3975167835887917	5.406741753353806e-202	[]
PA4293	pprA	PA14_55780		0.4639585044321107	8.39842979958948e-284	[]
PA0527	dnr	PA14_06870		0.4037527305543137	6.535500738987434e-209	[]
PA0993	cupC2	PA14_51460		0.3102357564397877	1.1102525319431986e-119	[]
PA0521		PA14_06790		0.4334128066227891	6.575018904264515e-244	[]
PA3457		PA14_19390		0.2648257541209594	1.5393497700112789e-86	[]
PA3446		PA14_19530	most stable	0.5034458055350508	0.0	['KEGG-Pathway-pae00920: Sulfur metabolism', 'KEGG-Pathway-pae00740: Riboflavin metabolism']
PA0261		PA14_03210		0.3670344651139654	2.9419400152482156e-170	[]
PA2592		PA14_30570		0.39093536488778974	7.481607092831673e-195	['KEGG-Module-M00300: Putrescine transport system']
PA3592		PA14_17820		0.35152221076455376	2.2320011669983802e-155	[]
PA0711		PA14_55117	least stable	0.09220959347378532	1.4112888742689107e-11	[]	No accessory genes
PA2030		PA14_38270		0.39725935332582696	1.0359135256366119e-201	[]
PA5539		PA14_73050		0.4601284685374645	1.421221755092091e-278	['KEGG-Pathway-pae00790: Folate biosynthesis', 'KEGG-Module-M00126: Tetrahydrofolate biosynthesis, GTP => THF']
PA2132	cupA5	PA14_37000		0.2983989786655504	1.9105287620897795e-110	[]
PA1708	popB	PA14_42450	most stable	0.5407928135235583	0.0	[]
PA0052		PA14_00650		0.41653050248189455	1.4787696711069054e-223	[]
PA1784		PA14_41500		0.4351582589431172	4.4332862814047913e-246	[]
PA2072		PA14_37690	most stable	0.5368477458958854	0.0	[]
PA0402	pyrB	PA14_05260		0.4631347940529377	1.133200709388148e-282	['KEGG-Pathway-pae00240: Pyrimidine metabolism', 'KEGG-Pathway-pae00250: Alanine, aspartate and glutamate metabolism']
PA4531		PA14_58800	least stable	0.16564908501873118	3.241930753581612e-34	[]	No accessory genes
PA4876	osmE	PA14_64480		0.4861132814084093	2.16589662e-315	[]
PA2148		PA14_36780		0.4755645295044844	4.643658879668599e-300	[]
PA4962		PA14_65580		0.452274609590854	4.6484530240489396e-268	[]
PA1717	pscD	PA14_42340	most stable	0.5117814631944507	0.0	['KEGG-Module-M00332: Type III secretion system']
PA1404		PA14_46280		0.3708508774895933	4.777851279747662e-174	[]
PA2156		PA14_36680		0.40474672694873204	4.998494259473183e-210	[]
PA0174		PA14_02190		0.4153051650544979	4.0012732154960234e-222	['KEGG-Pathway-pae02030: Bacterial chemotaxis']
PA5244		PA14_69250	most stable	0.5051687230984571	0.0	[]
PA1874		PA14_40260		0.49581035032821	0.0	[]
